Date,Year,Month,MonthName,Price,Open,High,Low,Volume,Chg%,dif,Daily_Range_Pct,Drawdown_pct,Indexed_Price
2014-01-01,2014,1,January,29542,29435,29598,29340,2930,0.25,258,0.8793456032719837,0.0,100.0
2014-01-02,2014,1,January,29975,29678,30050,29678,3140,1.47,372,1.2534537367747152,0.0,101.46570983684246
2014-01-03,2014,1,January,29727,30031,30125,29539,3050,-0.83,586,1.983818003317648,-0.8273561301084236,100.62622706654932
2014-01-04,2014,1,January,29279,29279,29279,29279,0,-1.51,0,0.0,-2.321934945788157,99.10974206214881
2014-01-06,2014,1,January,29119,29300,29395,29051,24380,-0.55,344,1.1841244707583214,-2.8557130942452043,98.5681402748629
2014-01-07,2014,1,January,28959,29130,29195,28912,18710,-0.55,283,0.9788323187603764,-3.389491242702252,98.02653848757701
2014-01-08,2014,1,January,28934,28916,29029,28820,18140,-0.09,209,0.7251908396946565,-3.4728940783986655,97.9419132083136
2014-01-09,2014,1,January,28997,28990,29053,28865,15130,0.22,188,0.6513078122293435,-3.262718932443703,98.1551689120574
2014-01-10,2014,1,January,29169,29030,29198,28960,15810,0.59,238,0.8218232044198895,-2.6889074228523766,98.73739083338975
2014-01-13,2014,1,January,29312,29170,29330,29133,13780,0.49,197,0.6762091099440497,-2.211843202668891,99.22144743077652
2014-01-14,2014,1,January,29198,29289,29390,29155,10600,-0.39,235,0.8060367003944435,-2.592160133444537,98.83555615733532
2014-01-15,2014,1,January,29150,29161,29180,29002,13980,-0.16,178,0.613750775808565,-2.7522935779816518,98.67307562114955
2014-01-16,2014,1,January,29168,29165,29250,29090,12580,0.06,160,0.5500171880371262,-2.6922435362802335,98.73400582221922
2014-01-17,2014,1,January,29385,29132,29415,29054,17640,0.74,361,1.2425139395608178,-1.9683069224353626,99.46855324622571
2014-01-20,2014,1,January,29414,29410,29499,29392,9440,0.1,107,0.3640446379967338,-1.8715596330275228,99.56671857017129
2014-01-21,2014,1,January,29362,29392,29411,29256,18210,-0.18,155,0.5298058517910856,-2.0450375312760634,99.39069798930336
2014-01-22,2014,1,January,29269,29354,29426,29234,14900,-0.32,192,0.6567695149483478,-2.355296080066722,99.07589195044343
2014-01-23,2014,1,January,29394,29230,29468,29116,30840,0.43,352,1.2089572743508723,-1.9382819015846537,99.49901834676055
2014-01-24,2014,1,January,29574,29399,29696,29345,20390,0.61,351,1.1961151814619186,-1.3377814845704754,100.10832035745719
2014-01-27,2014,1,January,29905,29682,29929,29682,22120,1.12,247,0.832154167508928,-0.23352793994995832,101.22875905490487
2014-01-28,2014,1,January,29628,29871,29871,29586,18130,-0.93,285,0.9632934496045427,-1.1576313594662218,100.29111096066616
2014-01-29,2014,1,January,29835,29570,29890,29479,18140,0.7,411,1.3942128294718275,-0.46705587989991665,100.9918082729673
2014-01-30,2014,1,January,29499,29849,29913,29470,15910,-1.13,443,1.503223617237869,-1.5879899916597167,99.85444451966691
2014-01-31,2014,1,January,29482,29481,29679,29355,15200,-0.06,324,1.1037301992846194,-1.6447039199332776,99.79689932976778
2014-02-03,2014,2,February,29789,29502,29850,29402,11760,1.04,448,1.5237058703489559,-0.6205170975813178,100.83609775912261
2014-02-04,2014,2,February,29534,29722,29821,29520,3160,-0.86,301,1.0196476964769647,-1.4712260216847373,99.97291991063571
2014-02-05,2014,2,February,29719,29515,30100,29515,4490,0.63,585,1.982043028968321,-0.854045037531276,100.59914697718501
2014-02-06,2014,2,February,29231,29273,29448,29211,18560,-1.64,237,0.8113381945157646,-2.482068390325271,98.94726152596304
2014-02-07,2014,2,February,29310,29259,29440,29259,14620,0.27,181,0.6186130763183978,-2.218515429524604,99.21467740843545
2014-02-10,2014,2,February,29471,29349,29549,29349,11910,0.55,200,0.681454223312549,-1.6814011676396998,99.75966420689188
2014-02-11,2014,2,February,29670,29500,29700,29500,14740,0.68,200,0.6779661016949152,-1.0175145954962468,100.43328142982872
2014-02-12,2014,2,February,29698,29650,29724,29580,10770,0.09,144,0.486815415821501,-0.9241034195162635,100.52806174260375
2014-02-13,2014,2,February,29726,29660,29748,29605,12470,0.09,143,0.4830265157912515,-0.8306922435362802,100.6228420553788
2014-02-14,2014,2,February,29932,29750,29949,29750,11850,0.69,199,0.66890756302521,-0.14345287739783152,101.32015435650939
2014-02-17,2014,2,February,30664,29978,30731,29970,27800,2.45,761,2.5392058725392057,0.0,103.79798253334236
2014-02-18,2014,2,February,30766,30600,30790,30511,18180,0.33,279,0.9144243059880044,0.0,104.14325367273712
2014-02-19,2014,2,February,30712,30686,30865,30405,20720,-0.18,460,1.5129090610097022,-0.1755184294350907,103.96046306952813
2014-02-20,2014,2,February,30608,30680,30680,30507,12460,-0.34,173,0.5670829645655096,-0.5135539231619319,103.60842190779229
2014-02-21,2014,2,February,30677,30590,30749,30522,12330,0.23,227,0.7437258371011074,-0.28928037443931615,103.84198767855935
2014-02-24,2014,2,February,30927,30633,30975,30633,12900,0.81,342,1.1164430516110078,0.0,104.68824047119357
2014-02-25,2014,2,February,30972,30929,30999,30817,12760,0.15,182,0.5905831197066554,0.0,104.84056597386771
2014-02-26,2014,2,February,30810,30951,30969,30677,14740,-0.52,292,0.9518531799067707,-0.5230530802014722,104.29219416424074
2014-02-27,2014,2,February,30839,30884,30917,30788,4410,0.09,129,0.41899441340782123,-0.42942012139997415,104.3903594881863
2014-02-28,2014,2,February,30634,30820,30895,30567,16200,-0.66,328,1.07305263846632,-1.0913082784450472,103.69643219822626
2014-03-03,2014,3,March,32051,30700,32279,30700,5670,4.63,1579,5.143322475570033,0.0,108.49299302687699
2014-03-04,2014,3,March,31126,31500,32379,31090,1310,-2.89,1289,4.1460276616275324,-2.8860253970234937,105.3618576941304
2014-03-05,2014,3,March,32351,31200,32500,30770,1490,3.94,1730,5.622359441013974,0.0,109.50849637803806
2014-03-06,2014,3,March,30416,30350,30446,30105,21500,-5.98,341,1.1327022089353929,-5.981267966987111,102.95849976304923
2014-03-07,2014,3,March,30307,30361,30514,30130,19380,-0.36,384,1.2744772651842018,-6.318197273654601,102.5895335454607
2014-03-10,2014,3,March,30327,30253,30350,30145,13500,0.07,205,0.6800464421960524,-6.256375382522951,102.65723376887144
2014-03-11,2014,3,March,30421,30301,30515,30166,23170,0.31,349,1.1569316448982296,-5.965812494204198,102.9754248189019
2014-03-12,2014,3,March,30627,30468,30690,30468,19020,0.68,222,0.728633320204805,-5.3290470155482055,103.6727371200325
2014-03-13,2014,3,March,30697,30677,30735,30492,15380,0.23,243,0.7969303423848878,-5.112670396587431,103.90968790197009
2014-03-14,2014,3,March,30719,30730,30849,30610,19040,0.07,239,0.7807905913100294,-5.044666316342617,103.98415814772189
2014-03-17,2014,3,March,30557,30699,30710,30525,5190,-0.53,185,0.6060606060606061,-5.545423634508979,103.43578633809491
2014-03-18,2014,3,March,30389,30511,30511,30311,15940,-0.55,200,0.6598264656395368,-6.064727520014837,102.86710446144471
2014-03-19,2014,3,March,30169,30392,30416,30122,13680,-0.72,294,0.9760308080472744,-6.744768322462984,102.12240200392661
2014-03-20,2014,3,March,29924,30110,30168,29885,14010,-0.81,283,0.9469633595449223,-7.502086488825693,101.29307426714509
2014-03-21,2014,3,March,29850,29893,30038,29817,11960,-0.25,221,0.7411879129355736,-7.730827486012797,101.04258344052535
2014-03-24,2014,3,March,29182,29810,29810,29141,18000,-2.24,669,2.2957345321025358,-9.795678649809899,98.78139597860674
2014-03-25,2014,3,March,28971,29230,29317,28931,20330,-0.72,386,1.3342089799868653,-10.447899601248801,98.06715862162345
2014-03-26,2014,3,March,28595,29020,29043,28335,16650,-1.3,708,2.498676548438327,-11.610151154523816,96.7943944215016
2014-03-27,2014,3,March,28521,28631,28740,28351,17230,-0.26,389,1.3720856407181405,-11.83889215171092,96.54390359488187
2014-03-28,2014,3,March,28434,28488,28630,28213,18090,-0.31,417,1.4780420373586645,-12.107817378133596,96.24940762304516
2014-03-31,2014,3,March,28470,28427,28778,28340,12650,0.13,438,1.5455187014820044,-11.996537974096627,96.37126802518449
2014-04-01,2014,4,April,28116,28432,28507,28058,8840,-1.24,449,1.6002566113051535,-13.090785447126827,95.17297407081443
2014-04-02,2014,4,April,28404,28035,28470,27361,480,1.02,1109,4.053214429297175,-12.200550214831072,96.14785728792906
2014-04-03,2014,4,April,28460,28500,28699,28365,110,0.2,334,1.1775074916270052,-12.027448919662453,96.33741791347911
2014-04-04,2014,4,April,28519,28400,28885,28400,190,0.21,485,1.7077464788732395,-11.845074340824086,96.5371335725408
2014-04-05,2014,4,April,28549,28549,28549,28549,0,0.11,0,0.0,-11.75234150412661,96.6386839076569
2014-04-07,2014,4,April,28574,28599,28643,28481,10450,0.09,162,0.5688002528001124,-11.675064140212049,96.72330918692032
2014-04-08,2014,4,April,28754,28639,28842,28639,5740,0.63,203,0.7088236321100597,-11.118667120027203,97.33261119761694
2014-04-09,2014,4,April,28710,28754,28856,28653,12120,-0.15,203,0.7084772973161624,-11.25467528051683,97.18367070611333
2014-04-10,2014,4,April,29094,28757,29119,28757,13700,1.34,362,1.258823938519317,-10.067694970789157,98.48351499559949
2014-04-11,2014,4,April,29085,29090,29162,28973,10530,-0.03,189,0.6523314810340662,-10.095514821798398,98.45304989506465
2014-04-14,2014,4,April,29350,29095,29371,29095,6090,0.91,276,0.9486166007905139,-9.276374764304041,99.35007785525693
2014-04-15,2014,4,April,29342,29287,29395,29059,21410,-0.03,336,1.1562682817715682,-9.3011035207567,99.32299776589262
2014-04-16,2014,4,April,29290,29280,29320,28900,16580,-0.18,420,1.453287197231834,-9.461840437698989,99.14697718502471
2014-04-17,2014,4,April,29293,29256,29386,29185,10460,0.01,201,0.6887099537433613,-9.452567154029241,99.15713221853633
2014-04-19,2014,4,April,29339,29339,29339,29339,0,0.16,0,0.0,-9.310376804426447,99.31284273238101
2014-04-21,2014,4,April,29548,29207,29599,29072,13860,0.71,527,1.8127407815079801,-8.664338042100708,100.02031006702322
2014-04-22,2014,4,April,29423,29550,29649,29381,11700,-0.42,268,0.9121541132024097,-9.050724861673519,99.59718367070612
2014-04-23,2014,4,April,29752,29480,29775,29433,9860,1.12,342,1.1619610641117113,-8.033754752557881,100.71085234581274
2014-04-25,2014,4,April,29741,29750,29939,29650,10180,-0.04,289,0.9747048903878585,-8.067756792680287,100.67361722293684
2014-04-27,2014,4,April,29695,29695,29695,29695,0,-0.15,0,0.0,-8.209947142283083,100.51790670909213
2014-04-28,2014,4,April,29824,29895,29900,29756,6680,0.43,144,0.48393601290496036,-7.811195944483942,100.95457315009139
2014-04-29,2014,4,April,29713,29786,29799,29607,6760,-0.37,192,0.6484952882764211,-8.154307440264597,100.57883691016181
2014-04-30,2014,4,April,31014,29602,31495,29571,12250,4.38,1924,6.506374488519158,-4.132793422150784,104.98273644303026
2014-05-01,2014,5,May,30380,31033,31743,29914,2850,-2.04,1829,6.114194022865548,-6.09254737102408,102.8366393609099
2014-05-02,2014,5,May,30182,30388,30440,30080,930,-0.65,360,1.196808510638298,-6.704584093227411,102.1664071491436
2014-05-05,2014,5,May,29967,30211,30347,29834,1040,-0.71,513,1.7195146477173695,-7.3691694228926465,101.43862974747817
2014-05-06,2014,5,May,29109,29187,29231,29081,9330,-2.86,150,0.5158006946116022,-10.02132855244042,98.53429016315754
2014-05-07,2014,5,May,28747,29164,29275,28725,15480,-1.24,550,1.9147084421235856,-11.140304781923279,97.30891611942319
2014-05-08,2014,5,May,28734,28787,28846,28665,9560,-0.05,181,0.6314320600034885,-11.180489011158851,97.26491097420622
2014-05-09,2014,5,May,28741,28677,28877,28673,10090,0.02,204,0.7114707215847661,-11.158851349262774,97.28860605239997
2014-05-12,2014,5,May,28860,28732,29025,28575,14220,0.41,450,1.574803149606299,-10.79101109702946,97.69142238169385
2014-05-13,2014,5,May,28673,28787,28874,28633,12740,-0.65,241,0.8416861663115985,-11.369045779110383,97.05842529280346
2014-05-14,2014,5,May,28911,28769,28960,28769,7410,0.83,191,0.6639090687893219,-10.63336527464375,97.86405795139123
2014-05-15,2014,5,May,28624,28882,28882,28575,14660,-0.99,307,1.074365704286964,-11.520509412382925,96.89255974544716
2014-05-16,2014,5,May,28322,28575,28575,28251,11490,-1.06,324,1.1468620579802484,-12.454019968470835,95.87028637194503
2014-05-19,2014,5,May,28336,28275,28475,28233,11590,0.05,242,0.8571529770127156,-12.410744644678681,95.91767652833254
2014-05-20,2014,5,May,28424,28291,28460,28253,15280,0.31,207,0.7326655576398966,-12.138728323699421,96.2155575113398
2014-05-21,2014,5,May,27501,28445,28540,27432,31580,-3.25,1108,4.039078448527268,-14.991808599425058,93.09119220093426
2014-05-22,2014,5,May,27386,27504,27640,27252,24650,-0.42,388,1.4237487156905915,-15.347284473432044,92.70191591632252
2014-05-23,2014,5,May,27528,27400,27584,27281,13710,0.52,303,1.1106630988600124,-14.90834904639733,93.18258750253877
2014-05-26,2014,5,May,27586,27544,27620,27421,11500,0.21,199,0.7257211626125962,-14.729065562115546,93.3789181504299
2014-05-27,2014,5,May,27087,27567,27598,27010,19860,-1.81,588,2.176971492039985,-16.271521745850208,91.689797576332
2014-05-28,2014,5,May,26987,27032,27100,26853,15200,-0.37,247,0.9198227386139352,-16.580631201508453,91.35129645927832
2014-05-29,2014,5,May,26984,26945,27083,26661,18000,-0.01,422,1.582836352724954,-16.589904485178202,91.34114142576671
2014-05-30,2014,5,May,27151,26915,27215,26862,12890,0.62,353,1.3141240413967687,-16.073691694228927,91.90643829124636
2014-06-02,2014,6,June,26626,27012,27130,26520,2920,-1.93,610,2.3001508295625945,-17.69651633643473,90.1293074267145
2014-06-03,2014,6,June,26732,26756,26874,26592,450,0.4,282,1.0604693140794224,-17.368860313436986,90.48811861079142
2014-06-04,2014,6,June,26708,26582,26910,26582,130,-0.09,328,1.2339176886615002,-17.44304658279497,90.40687834269853
2014-06-05,2014,6,June,26771,26800,26860,26605,70,0.24,255,0.9584664536741214,-17.248307625730273,90.62013404644236
2014-06-06,2014,6,June,26400,26548,26600,26350,11550,-1.39,250,0.9487666034155597,-18.395103706222375,89.36429490217319
2014-06-09,2014,6,June,26545,26400,26570,26278,8470,0.55,292,1.1111956769921607,-17.946894995517912,89.85512152190103
2014-06-10,2014,6,June,26712,26585,26738,26475,11670,0.63,263,0.9933899905571293,-17.430682204568637,90.42041838738068
2014-06-11,2014,6,June,26736,26720,26780,26527,13560,0.09,253,0.9537452406981567,-17.35649593521066,90.50165865547356
2014-06-12,2014,6,June,27014,26740,27050,26640,14160,1.04,410,1.539039039039039,-16.497171648480727,91.44269176088281
2014-06-13,2014,6,June,27235,27020,27289,26988,10270,0.82,301,1.1153105083740922,-15.814039751475997,92.19077922957146
2014-06-16,2014,6,June,27395,27255,27644,27255,12660,0.59,389,1.4272610530177947,-15.3194646224228,92.73238101685736
2014-06-17,2014,6,June,27418,27306,27488,27135,13700,0.08,353,1.3009028929426938,-15.248369447621402,92.8102362737797
2014-06-18,2014,6,June,27353,27351,27538,27230,14470,-0.24,308,1.1311053984575836,-15.449290593799264,92.59021054769481
2014-06-19,2014,6,June,28160,27313,28199,27313,21910,2.95,886,3.2438765423058618,-12.954777286637198,95.32191456231806
2014-06-20,2014,6,June,28154,28150,28349,27977,18080,-0.02,372,1.329663652285806,-12.973323853976693,95.30160449529484
2014-06-23,2014,6,June,28111,28245,28267,28035,12310,-0.15,232,0.8275370073122882,-13.10624091990974,95.15604901496175
2014-06-24,2014,6,June,28167,28099,28369,27860,17400,0.2,509,1.826992103374013,-12.933139624741122,95.34560964051182
2014-06-25,2014,6,June,28221,28121,28290,28057,14010,0.19,233,0.8304522935452828,-12.766220518685667,95.5284002437208
2014-06-26,2014,6,June,28126,28190,28208,27935,17380,-0.34,273,0.9772686593878647,-13.059874501561003,95.2068241825198
2014-06-27,2014,6,June,28063,28201,28236,28005,9920,-0.22,231,0.8248527048741296,-13.2546134586257,94.99356847877598
2014-06-30,2014,6,June,28076,28000,28185,27967,8760,0.05,218,0.7794901133478743,-13.214429229390126,95.03757362399296
2014-07-01,2014,7,July,27975,28210,28277,27950,4410,-0.36,327,1.1699463327370305,-13.52662977960496,94.69568749576874
2014-07-02,2014,7,July,27788,27950,28225,27750,2880,-0.67,475,1.7117117117117115,-14.104664461685884,94.06269040687835
2014-07-03,2014,7,July,27802,27552,27900,27552,1200,0.05,348,1.2630662020905923,-14.061389137893729,94.11008056326587
2014-07-04,2014,7,July,27913,27884,27975,27755,260,0.4,220,0.7926499729778418,-13.718277642113073,94.48581680319546
2014-07-07,2014,7,July,27564,27611,27611,27455,11210,-1.25,156,0.5682025132034239,-14.797069642360361,93.30444790467809
2014-07-08,2014,7,July,27594,27582,27725,27460,15210,0.11,265,0.9650400582665695,-14.704336805662885,93.4059982397942
2014-07-09,2014,7,July,27667,27620,27771,27612,11340,0.26,159,0.5758365927857453,-14.478686903032365,93.65310405524339
2014-07-10,2014,7,July,28565,27650,28649,27560,40700,3.25,1089,3.9513788098693756,-11.702883991221292,96.69284408638549
2014-07-11,2014,7,July,28441,28517,28579,28302,15110,-0.43,277,0.9787294184156596,-12.08617971623752,96.27310270123891
2014-07-12,2014,7,July,28413,28413,28413,28413,0,-0.1,0,0.0,-12.17273036382183,96.17832238846388
2014-07-13,2014,7,July,28413,28413,28413,28413,0,0.0,0,0.0,-12.17273036382183,96.17832238846388
2014-07-14,2014,7,July,27860,28380,28380,27839,21930,-1.95,541,1.9433169294874097,-13.882105653611946,94.306411211157
2014-07-15,2014,7,July,27752,27890,28050,27686,18230,-0.39,364,1.3147439138914976,-14.215943865722853,93.94083000473901
2014-07-16,2014,7,July,27767,27800,27825,27671,14010,0.05,154,0.5565393372122439,-14.169577447374115,93.99160517229707
2014-07-17,2014,7,July,28237,27824,28450,27810,24740,1.69,640,2.3013304566702626,-12.716763005780345,95.58256042244939
2014-07-18,2014,7,July,28028,28227,28233,27960,13870,-0.74,273,0.9763948497854077,-13.362801768106086,94.87509308780719
2014-07-20,2014,7,July,28030,28030,28030,28030,0,0.01,0,0.0,-13.35661957899292,94.88186311014827
2014-07-21,2014,7,July,28120,28068,28247,28022,13210,0.32,225,0.8029405467132967,-13.078421068900498,95.18651411549658
2014-07-22,2014,7,July,27939,28061,28135,27851,19880,-0.64,284,1.0197120390650245,-13.637909183641927,94.5738270936294
2014-07-23,2014,7,July,27915,27930,28046,27888,11870,-0.09,158,0.5665519219736087,-13.712095452999906,94.49258682553653
2014-07-24,2014,7,July,27651,27882,27882,27630,16960,-0.95,252,0.9120521172638436,-14.528144415937682,93.5989438765148
2014-07-25,2014,7,July,27973,27696,27994,27673,12810,1.16,321,1.1599754273118201,-13.532811968718123,94.68891747342767
2014-07-27,2014,7,July,27960,27960,27960,27960,0,-0.05,0,0.0,-13.572996197953696,94.64491232821068
2014-07-28,2014,7,July,27909,27985,28085,27874,10300,-0.18,211,0.7569778288010331,-13.7306420203394,94.4722767585133
2014-07-29,2014,7,July,27855,27950,28067,27827,7440,-0.19,240,0.862471700147339,-13.897561126394855,94.28948615530432
2014-07-30,2014,7,July,27936,27888,27984,27740,10900,0.29,244,0.8795962509012257,-13.647182467311675,94.5636720601178
2014-07-31,2014,7,July,27788,27800,27969,27751,11560,-0.53,218,0.7855572772152354,-14.104664461685884,94.06269040687835
2014-08-01,2014,8,August,28037,27810,28124,27761,3300,0.9,363,1.3075897842296746,-13.334981917096844,94.90555818834203
2014-08-04,2014,8,August,27952,28023,28118,27900,1020,-0.3,218,0.7813620071684587,-13.597724954406356,94.61783223884639
2014-08-05,2014,8,August,28392,27959,28790,27724,220,1.57,1066,3.845044005194056,-12.237643349510062,96.10723715388261
2014-08-06,2014,8,August,28559,28130,28640,28088,19080,0.59,552,1.9652520649387637,-11.721430558560787,96.67253401936226
2014-08-07,2014,8,August,28695,28559,28750,28460,14960,0.48,290,1.0189739985945185,-11.30104169886557,97.13289553855527
2014-08-08,2014,8,August,28515,28730,29010,28500,21260,-0.63,510,1.789473684210526,-11.857438719050416,96.52359352785864
2014-08-10,2014,8,August,28510,28510,28510,28510,0,-0.02,0,0.0,-11.872894191833328,96.50666847200597
2014-08-11,2014,8,August,28554,28480,28600,28445,8670,0.15,155,0.544911232202496,-11.7368860313437,96.65560896350958
2014-08-12,2014,8,August,28641,28520,28780,28474,12990,0.3,306,1.0746646063075085,-11.467960804921022,96.95010493534627
2014-08-13,2014,8,August,28567,28590,28645,28480,13990,-0.26,165,0.5793539325842697,-11.696701802108127,96.69961410872656
2014-08-14,2014,8,August,28489,28521,28657,28378,16180,-0.27,279,0.9831559658890691,-11.93780717752156,96.43558323742468
2014-08-18,2014,8,August,28167,28405,28405,28140,10490,-1.13,265,0.9417199715707179,-12.933139624741122,95.34560964051182
2014-08-19,2014,8,August,28124,28170,28248,28087,9500,-0.15,161,0.5732189269056859,-13.066056690674168,95.20005416017872
2014-08-20,2014,8,August,28079,28120,28158,28025,10170,-0.16,133,0.47457627118644063,-13.205155945720378,95.04772865750456
2014-08-21,2014,8,August,27599,28025,28025,27550,17840,-1.71,475,1.7241379310344827,-14.688881332879971,93.42292329564688
2014-08-22,2014,8,August,27634,27657,27720,27555,11050,0.13,165,0.5988023952095809,-14.580693023399585,93.54139868661566
2014-08-25,2014,8,August,27632,27624,27678,27535,8400,-0.01,143,0.519339023061558,-14.586875212512751,93.53462866427459
2014-08-26,2014,8,August,27720,27652,27880,27652,13070,0.32,228,0.8245334876319976,-14.314858891533492,93.83250964728184
2014-08-27,2014,8,August,27599,27741,27760,27575,9260,-0.44,185,0.670897552130553,-14.688881332879971,93.42292329564688
2014-08-28,2014,8,August,27884,27642,27974,27642,14140,1.03,332,1.201070834237754,-13.807919384253964,94.38765147924988
2014-08-29,2014,8,August,27794,27835,27835,27652,4090,-0.32,183,0.6617966150730508,-14.086117894346389,94.08300047390156
2014-09-01,2014,9,September,27679,27747,27774,27651,4160,-0.41,123,0.444830205055875,-14.441593768353375,93.69372418928982
2014-09-02,2014,9,September,27340,27610,27676,27318,4010,-1.22,358,1.3104912511896918,-15.489474823034838,92.54620540247784
2014-09-03,2014,9,September,27355,27362,27420,27186,1120,0.05,234,0.8607371441182963,-15.443108404686098,92.59698057003588
2014-09-04,2014,9,September,27282,27418,27427,27262,270,-0.27,165,0.6052380603037194,-15.668758307316622,92.3498747545867
2014-09-05,2014,9,September,27225,27250,27360,27068,340,-0.21,292,1.078764592877198,-15.844950697041824,92.1569291178661
2014-09-08,2014,9,September,27207,27448,27497,27116,13170,-0.07,381,1.4050744947632394,-15.900590399060308,92.09599891679643
2014-09-09,2014,9,September,27272,27237,27395,27159,15560,0.24,236,0.8689568835376854,-15.699669252882446,92.31602464288132
2014-09-10,2014,9,September,27194,27350,27441,27152,13410,-0.29,289,1.0643783146729524,-15.940774628295879,92.05199377157945
2014-09-11,2014,9,September,26996,27207,27246,26970,18440,-0.73,276,1.0233592880978866,-16.552811350499212,91.38176155981314
2014-09-12,2014,9,September,26909,26958,26995,26801,16070,-0.32,194,0.7238535875527032,-16.82173657692189,91.08726558797645
2014-09-13,2014,9,September,26900,26900,26900,26900,0,-0.03,0,0.0,-16.84955642793113,91.05680048744162
2014-09-15,2014,9,September,27006,26949,27118,26913,16610,0.39,205,0.7617136699736187,-16.521900404933387,91.41561167151852
2014-09-16,2014,9,September,26954,27008,27110,26920,19690,-0.19,190,0.7057949479940565,-16.682637321875678,91.23959109065059
2014-09-17,2014,9,September,26907,26960,27009,26860,12060,-0.17,149,0.5547282204020848,-16.82791876603505,91.08049556563536
2014-09-18,2014,9,September,26659,26860,26860,26572,15980,-0.92,288,1.083847659190125,-17.594510216067512,90.24101279534223
2014-09-19,2014,9,September,26497,26605,26694,26470,15870,-0.61,224,0.8462410275783906,-18.095267534233873,89.69264098571526
2014-09-22,2014,9,September,26605,26436,26665,26313,16470,0.41,352,1.337741800630867,-17.76142932212296,90.05822219213323
2014-09-23,2014,9,September,26682,26586,26937,26488,16660,0.29,449,1.6951072183630325,-17.523415041266112,90.31886805226456
2014-09-24,2014,9,September,26552,26685,26760,26526,13880,-0.49,234,0.8821533589685592,-17.925257333621836,89.87881660009478
2014-09-25,2014,9,September,26919,26514,26950,26381,19580,1.38,569,2.1568553125355368,-16.790825631356064,91.12111569968181
2014-09-26,2014,9,September,26694,26960,27100,26665,19990,-0.84,435,1.6313519594974686,-17.486321906587122,90.35948818631101
2014-09-27,2014,9,September,26693,26693,26693,26693,0,0.0,0,0.0,-17.489413001143706,90.35610317514048
2014-09-29,2014,9,September,26819,26760,26915,26685,9130,0.47,230,0.8619074386359378,-17.099935087014313,90.78261458262811
2014-09-30,2014,9,September,26805,26807,26968,26633,10680,-0.05,335,1.2578380205008823,-17.143210410806468,90.7352244262406
2014-10-01,2014,10,October,26790,26695,26840,26552,3920,-0.06,288,1.084664055438385,-17.189576829155204,90.68444925868255
2014-10-03,2014,10,October,26439,26931,26931,26377,11020,-1.31,554,2.1003146680820413,-18.274551018515655,89.49631033782411
2014-10-05,2014,10,October,26424,26424,26424,26424,0,-0.06,0,0.0,-18.32091743686439,89.44553517026607
2014-10-06,2014,10,October,26637,26476,26667,26352,6970,0.81,315,1.1953551912568305,-17.662514296312324,90.16654254959042
2014-10-07,2014,10,October,26673,26581,26710,26566,14870,0.14,144,0.542046224497478,-17.551234892275357,90.28840295172974
2014-10-08,2014,10,October,26633,26698,26885,26620,15810,-0.15,265,0.9954921111945906,-17.674878674538654,90.15300250490826
2014-10-09,2014,10,October,26847,26696,26938,26696,16430,0.8,242,0.9065028468684446,-17.013384439430002,90.87739489540316
2014-10-10,2014,10,October,26855,26813,26940,26750,15640,0.03,190,0.7102803738317757,-16.988655682977342,90.90447498476745
2014-10-13,2014,10,October,26855,26900,27135,26811,16690,0.0,324,1.2084592145015105,-16.988655682977342,90.90447498476745
2014-10-14,2014,10,October,27128,26892,27170,26892,15720,1.02,278,1.0337646883831624,-16.144786869030323,91.82858303432401
2014-10-16,2014,10,October,27328,27150,27475,27150,17550,0.74,325,1.1970534069981584,-15.526567957713826,92.50558526843139
2014-10-17,2014,10,October,27151,27310,27362,27085,14210,-0.65,277,1.022706294997231,-16.073691694228927,91.90643829124636
2014-10-20,2014,10,October,27302,27131,27360,27078,11360,0.56,282,1.04143585198316,-15.606936416184972,92.41757497799743
2014-10-21,2014,10,October,27394,27358,27496,27343,12770,0.34,153,0.559558205025052,-15.322555716979384,92.72899600568681
2014-10-22,2014,10,October,27333,27369,27389,27265,9860,-0.22,124,0.454795525398863,-15.511112484930914,92.52251032428407
2014-10-23,2014,10,October,26940,27174,27174,26913,6400,-1.44,261,0.969791550551778,-16.725912645667833,91.19220093426308
2014-10-24,2014,10,October,26963,27050,27067,26950,3460,0.09,117,0.43413729128014844,-16.654817470866433,91.27005619118543
2014-10-27,2014,10,October,27008,26957,27048,26913,7360,0.17,135,0.5016163192509197,-16.515718215820222,91.42238169385959
2014-10-28,2014,10,October,26909,26962,27076,26880,8530,-0.37,196,0.7291666666666666,-16.82173657692189,91.08726558797645
2014-10-29,2014,10,October,26864,26974,26990,26805,6310,-0.17,185,0.6901697444506621,-16.960835831968097,90.93494008530229
2014-10-30,2014,10,October,26376,26811,26811,26326,10880,-1.82,485,1.8422851933449822,-18.469289975580352,89.2830546340803
2014-10-31,2014,10,October,25924,26350,26375,25684,15940,-1.71,691,2.690390904843482,-19.866464715155637,87.75302958499763
2014-11-03,2014,11,November,25868,25877,25947,25750,3750,-0.22,197,0.7650485436893204,-20.039566010324254,87.56346895944756
2014-11-04,2014,11,November,25810,25930,25965,25725,220,-0.22,240,0.9329446064139941,-20.21884949460604,87.36713831155643
2014-11-05,2014,11,November,25348,25578,26340,25201,980,-1.79,1139,4.51966191817785,-21.64693517974715,85.80326315076839
2014-11-06,2014,11,November,25467,25448,25568,25411,8380,0.47,157,0.6178426665617253,-21.279094927513835,86.20607948006229
2014-11-07,2014,11,November,25926,25475,25970,25172,30780,1.8,798,3.170189098998888,-19.86028252604247,87.7597996073387
2014-11-10,2014,11,November,25719,25949,26070,25670,15440,-0.8,400,1.5582391897156214,-20.500139099255048,87.05910229503758
2014-11-11,2014,11,November,25793,25632,25861,25434,19180,0.29,427,1.6788550758826768,-20.27139810206794,87.3095931216573
2014-11-12,2014,11,November,25794,25798,25940,25735,17110,0.0,205,0.7965805323489412,-20.26830700751136,87.31297813282784
2014-11-13,2014,11,November,25827,25849,25920,25689,20230,0.13,231,0.8992175639378721,-20.166300887144136,87.42468350145556
2014-11-14,2014,11,November,26458,25791,26519,25585,33820,2.44,934,3.650576509673637,-18.21582022194059,89.56062555006432
2014-11-16,2014,11,November,26411,26411,26411,26411,0,-0.18,0,0.0,-18.361101666099966,89.40153002504908
2014-11-17,2014,11,November,26319,26370,26499,26275,20730,-0.35,224,0.8525214081826832,-18.645482365305554,89.09010899735969
2014-11-18,2014,11,November,26587,26367,26756,26367,24600,1.02,389,1.4753290097470322,-17.81706902414145,89.99729199106356
2014-11-19,2014,11,November,26710,26548,26840,26235,33870,0.46,605,2.3060796645702304,-17.4368643936818,90.4136483650396
2014-11-20,2014,11,November,26459,26620,26620,26375,26020,-0.94,245,0.928909952606635,-18.212729127384005,89.56401056123485
2014-11-21,2014,11,November,26390,26509,26623,26340,26750,-0.26,283,1.0744115413819286,-18.426014651788197,89.33044479046781
2014-11-24,2014,11,November,26473,26462,26539,26420,15020,0.31,119,0.4504163512490537,-18.16945380359185,89.61140071762237
2014-11-25,2014,11,November,26338,26480,26537,26322,19750,-0.51,215,0.8168072334928956,-18.586751568730485,89.1544242095999
2014-11-26,2014,11,November,26397,26395,26440,26330,10020,0.22,110,0.41777440182301556,-18.40437698989212,89.35413986866156
2014-11-27,2014,11,November,26237,26355,26355,26170,14220,-0.61,185,0.7069163163928162,-18.89895211894532,88.81253808137566
2014-11-28,2014,11,November,25853,26150,26244,25815,15530,-1.46,429,1.6618245206275422,-20.085932428672994,87.51269379188952
2014-12-01,2014,12,December,26546,25803,26627,25123,5730,2.68,1504,5.98654619273176,-17.94380390096133,89.85850653307156
2014-12-02,2014,12,December,26224,26438,27050,26087,1150,-1.21,963,3.6914938475102543,-18.93913634818089,88.76853293615868
2014-12-03,2014,12,December,26496,26309,26699,26236,90,1.04,463,1.7647507241957616,-18.098358628790454,89.68925597454471
2014-12-04,2014,12,December,26488,26299,26850,26299,60,-0.03,551,2.095136697212822,-18.123087385243114,89.66217588518042
2014-12-05,2014,12,December,26279,26698,26698,25801,170,-0.79,897,3.4766094337428783,-18.769126147568855,88.95470855053821
2014-12-08,2014,12,December,26228,26277,26350,26164,10300,-0.19,186,0.7109004739336493,-18.92677196995456,88.78207298084084
2014-12-09,2014,12,December,27023,26322,27168,26321,25020,3.03,847,3.2179628433570153,-16.469351797471486,91.47315686141764
2014-12-10,2014,12,December,27054,27000,27220,26910,18250,0.11,310,1.1519881085098476,-16.373527866217426,91.57809220770429
2014-12-11,2014,12,December,27142,27096,27240,26860,18570,0.33,380,1.4147431124348473,-16.10151154523817,91.87597319071152
2014-12-12,2014,12,December,27088,27168,27188,26910,19320,-0.2,278,1.0330732069862505,-16.268430651293624,91.69318258750255
2014-12-15,2014,12,December,27173,27037,27348,26912,19060,0.31,436,1.6200951248513673,-16.00568761398411,91.98090853699817
2014-12-16,2014,12,December,27044,27120,27636,26822,35790,-0.47,814,3.0348221609126838,-16.404438811783255,91.54424209599892
2014-12-17,2014,12,December,26802,27011,27099,26775,19260,-0.89,324,1.2100840336134453,-17.152483694476214,90.725069392729
2014-12-18,2014,12,December,26659,26888,27111,26580,22400,-0.53,531,1.997742663656885,-17.594510216067512,90.24101279534223
2014-12-19,2014,12,December,26859,26725,26922,26654,13730,0.75,268,1.005477601860884,-16.976291304751012,90.91801502944959
2014-12-22,2014,12,December,26458,26859,26910,26403,15110,-1.49,507,1.9202363367799113,-18.21582022194059,89.56062555006432
2014-12-23,2014,12,December,26468,26499,26600,26366,13760,0.04,234,0.887506637335963,-18.184909276374764,89.59447566176968
2014-12-24,2014,12,December,26433,26500,26514,26411,6950,-0.13,103,0.3899890197266291,-18.29309758585515,89.4760002708009
2014-12-26,2014,12,December,26894,26470,26930,26470,13780,1.74,460,1.7378163959199093,-16.868102995270625,91.03649042041839
2014-12-29,2014,12,December,26598,26919,26919,26560,10820,-1.1,359,1.3516566265060241,-17.78306698401904,90.03452711393948
2014-12-30,2014,12,December,26908,26646,27068,26511,16300,1.17,557,2.10101467315454,-16.82482767147847,91.08388057680591
2014-12-31,2014,12,December,26594,26909,26909,26491,9510,-1.17,418,1.5778943792231321,-17.79543136224537,90.02098706925733
2015-01-01,2015,1,January,26586,26610,26647,26539,1820,-0.03,108,0.40694826481781526,-17.82016011869803,89.99390697989304
2015-01-02,2015,1,January,26700,26585,26740,26285,1990,0.43,455,1.7310252996005324,-17.467775339247627,90.37979825333423
2015-01-05,2015,1,January,26847,26800,26911,26650,570,0.55,261,0.9793621013133209,-17.013384439430002,90.87739489540316
2015-01-06,2015,1,January,27385,27095,27442,27094,26640,2.0,348,1.2844172141433527,-15.350375567988625,92.69853090515198
2015-01-07,2015,1,January,27159,27328,27350,27110,19660,-0.83,240,0.885282183696053,-16.048962937776267,91.93351838061065
2015-01-08,2015,1,January,26808,27150,27150,26770,21730,-1.29,380,1.419499439671274,-17.13393712713672,90.74537945975221
2015-01-09,2015,1,January,26806,26751,26877,26680,19710,-0.01,197,0.7383808095952024,-17.140119316249883,90.73860943741114
2015-01-12,2015,1,January,27032,26865,27119,26839,21930,0.84,280,1.0432579455270314,-16.44153194646224,91.50362196195248
2015-01-13,2015,1,January,27071,27118,27258,27020,22930,0.14,238,0.8808290155440414,-16.320979258755525,91.6356373976034
2015-01-14,2015,1,January,27210,27013,27280,26916,24400,0.51,364,1.3523554762966266,-15.89131711539056,92.10615395030803
2015-01-15,2015,1,January,27493,27150,27546,26731,50280,1.04,815,3.048894541917624,-15.016537355877716,93.06411211156997
2015-01-16,2015,1,January,27673,27540,27798,27383,28540,0.65,415,1.5155388379651609,-14.46014033569287,93.6734141222666
2015-01-17,2015,1,January,27627,27627,27627,27627,0,-0.17,0,0.0,-14.602330685295664,93.51770360842191
2015-01-19,2015,1,January,27718,27642,27784,27633,15760,0.33,151,0.546448087431694,-14.321041080646657,93.82573962494077
2015-01-20,2015,1,January,28098,27700,28145,27700,27570,1.37,445,1.6064981949458483,-13.146425149145314,95.11204386974477
2015-01-21,2015,1,January,27992,28071,28298,27850,27720,-0.38,448,1.6086175942549372,-13.474081172143057,94.75323268566787
2015-01-22,2015,1,January,28055,27966,28240,27762,27560,0.23,478,1.7217779698868958,-13.27934221507836,94.96648838941168
2015-01-23,2015,1,January,27884,28015,28114,27813,18520,-0.61,301,1.0822277352317262,-13.807919384253964,94.38765147924988
2015-01-25,2015,1,January,27887,27887,27887,27887,0,0.01,0,0.0,-13.798646100584216,94.39780651276149
2015-01-27,2015,1,January,27934,27815,28033,27584,20580,0.17,449,1.6277552204176333,-13.653364656424841,94.55690203777672
2015-01-28,2015,1,January,27795,27896,27974,27771,15130,-0.5,203,0.7309783587195275,-14.083026799789804,94.0863854850721
2015-01-29,2015,1,January,27470,27782,27848,27435,22610,-1.17,413,1.5053763440860215,-15.087632530679112,92.98625685464762
2015-01-30,2015,1,January,27911,27540,28260,27470,16390,1.61,790,2.875864579541318,-13.724459831226238,94.47904678085438
2015-02-02,2015,2,February,28071,28120,28197,27743,2230,0.57,454,1.636448833940093,-13.22988470217304,95.02064856814027
2015-02-03,2015,2,February,27687,28071,28079,27600,540,-1.37,479,1.7355072463768118,-14.416865011900715,93.72080427865413
2015-02-04,2015,2,February,27814,27660,27835,27578,170,0.46,257,0.9319022409166726,-14.02429600321474,94.1507006973123
2015-02-05,2015,2,February,27683,27785,27900,27461,110,-0.47,439,1.5986307854775863,-14.429229390127043,93.70726423397198
2015-02-06,2015,2,February,26968,27498,27598,26912,22240,-2.58,686,2.549048751486326,-16.639361998083523,91.28698124703811
2015-02-09,2015,2,February,27119,27011,27172,26996,13600,0.56,176,0.6519484368054527,-16.172606720039568,91.79811793378919
2015-02-10,2015,2,February,27016,27180,27180,26984,13530,-0.38,196,0.726356359324044,-16.49098945936756,91.44946178322388
2015-02-11,2015,2,February,26817,27050,27050,26770,16680,-0.74,280,1.0459469555472545,-17.106117276127478,90.77584456028704
2015-02-12,2015,2,February,26635,26756,26920,26620,15850,-0.68,300,1.1269722013523666,-17.66869648542549,90.15977252724934
2015-02-13,2015,2,February,26694,26700,26815,26642,17170,0.22,173,0.6493506493506493,-17.486321906587122,90.35948818631101
2015-02-16,2015,2,February,26742,26720,26884,26720,8740,0.18,164,0.6137724550898204,-17.337949367871165,90.52196872249678
2015-02-17,2015,2,February,26241,26722,26722,26215,11240,-1.87,507,1.9340072477589165,-18.886587740718987,88.82607812605782
2015-02-18,2015,2,February,26181,26280,26390,26128,15570,-0.23,262,1.0027556644213105,-19.072053414113938,88.6229774558256
2015-02-19,2015,2,February,26294,26260,26521,26199,16560,0.43,322,1.2290545440665674,-18.72275972922012,89.00548371809627
2015-02-20,2015,2,February,26317,26337,26435,26186,15080,0.09,249,0.9508897884365692,-18.65166455441872,89.08333897501862
2015-02-21,2015,2,February,26319,26319,26319,26319,0,0.01,0,0.0,-18.645482365305554,89.09010899735969
2015-02-23,2015,2,February,26178,26281,26310,26001,18600,-0.54,309,1.1884158301603784,-19.081326697783684,88.612822422314
2015-02-24,2015,2,February,26077,26219,26277,26015,14350,-0.39,262,1.0071112819527197,-19.393527247998517,88.27093629408978
2015-02-25,2015,2,February,26142,26138,26343,26120,14250,0.25,223,0.8537519142419603,-19.192606101820655,88.49096202017466
2015-02-26,2015,2,February,26239,26200,26370,26200,14620,0.37,170,0.648854961832061,-18.892769929832156,88.81930810371674
2015-02-27,2015,2,February,26206,26243,26320,26132,13560,-0.13,188,0.7194244604316548,-18.994776050199373,88.70760273508903
2015-02-28,2015,2,February,26480,26111,26518,26043,8150,1.05,475,1.8239066159812616,-18.147816141695774,89.63509579581613
2015-03-02,2015,3,March,26541,26508,26997,26440,5080,0.23,557,2.106656580937973,-17.959259373744242,89.84158147721888
2015-03-03,2015,3,March,26453,26527,26601,26400,1050,-0.33,201,0.7613636363636364,-18.2312756947235,89.54370049421163
2015-03-04,2015,3,March,26539,26500,26600,26401,3300,0.33,199,0.7537593272982085,-17.965441562857407,89.83481145487781
2015-03-05,2015,3,March,26473,26510,26599,26418,220,-0.25,181,0.6851389204330381,-18.16945380359185,89.61140071762237
2015-03-06,2015,3,March,26058,26485,26530,26025,15680,-1.57,505,1.9404418828049952,-19.452258044573583,88.20662108184956
2015-03-09,2015,3,March,26062,26096,26177,26041,12550,0.02,136,0.5222533696862639,-19.439893666347256,88.22016112653172
2015-03-10,2015,3,March,25960,26050,26100,25825,21180,-0.39,275,1.0648596321393997,-19.755185311118666,87.87488998713697
2015-03-11,2015,3,March,25716,25979,25996,25691,17900,-0.94,305,1.1871861741465883,-20.509412382924793,87.04894726152597
2015-03-12,2015,3,March,25690,25750,25890,25609,21260,-0.1,281,1.0972704908430628,-20.58978084139594,86.96093697109201
2015-03-13,2015,3,March,25909,25750,25945,25750,19760,0.85,195,0.7572815533980582,-19.912831133504376,87.70225441743958
2015-03-14,2015,3,March,25922,25922,25922,25922,0,0.05,0,0.0,-19.8726469042688,87.74625956265656
2015-03-16,2015,3,March,25797,25945,25967,25735,14550,-0.48,232,0.9014960170973382,-20.25903372384161,87.32313316633945
2015-03-17,2015,3,March,25635,25741,25830,25551,20540,-0.63,279,1.0919337794998238,-20.759791042007976,86.77476135671249
2015-03-18,2015,3,March,25653,25665,25700,25520,16400,0.07,180,0.7053291536050157,-20.70415133998949,86.83569155778214
2015-03-19,2015,3,March,25970,25712,25992,25712,21330,1.24,280,1.088985687616677,-19.724274365552844,87.90874009884233
2015-03-20,2015,3,March,26195,25996,26249,25915,18360,0.87,334,1.288828863592514,-19.028778090321783,88.67036761221311
2015-03-23,2015,3,March,26208,26195,26226,26089,11460,0.05,137,0.5251255318333398,-18.988593861086212,88.7143727574301
2015-03-24,2015,3,March,26350,26180,26389,26140,14190,0.54,249,0.9525631216526397,-18.549658434051498,89.19504434364633
2015-03-25,2015,3,March,26491,26313,26519,26219,14890,0.54,300,1.144208398489645,-18.113814101573368,89.67233091869204
2015-03-26,2015,3,March,26805,26519,26991,26519,16890,1.19,472,1.779855952336061,-17.143210410806468,90.7352244262406
2015-03-27,2015,3,March,26564,26774,26774,26381,15740,-0.9,393,1.489708502331223,-17.888164198942846,89.91943673414123
2015-03-30,2015,3,March,26239,26468,26468,26200,10610,-1.22,268,1.0229007633587786,-18.892769929832156,88.81930810371674
2015-03-31,2015,3,March,26061,26200,26310,26020,5280,-0.68,290,1.1145272867025366,-19.442984760903837,88.21677611536118
2015-04-01,2015,4,April,26510,26122,26800,26060,1600,1.72,740,2.83960092095165,-18.055083304998302,89.73664613093223
2015-04-02,2015,4,April,26548,26601,26697,26460,7800,0.14,237,0.8956916099773242,-17.937621711848166,89.86527655541263
2015-04-06,2015,4,April,26941,26625,27038,26625,13580,1.48,413,1.5511737089201878,-16.72282155111125,91.19558594543362
2015-04-07,2015,4,April,26829,26925,26928,26801,8930,-0.42,127,0.47386291556285215,-17.069024141448487,90.81646469433349
2015-04-08,2015,4,April,26682,26842,26873,26615,11850,-0.55,258,0.9693781702047717,-17.523415041266112,90.31886805226456
2015-04-09,2015,4,April,26452,26612,26612,26410,12460,-0.86,202,0.7648617947747066,-18.234366789280084,89.54031548304108
2015-04-10,2015,4,April,26703,26482,26750,26452,13550,0.95,298,1.1265688794798123,-17.458502055577878,90.38995328684585
2015-04-13,2015,4,April,26616,26703,26730,26550,10390,-0.33,180,0.6779661016949152,-17.72742728200056,90.09545731500914
2015-04-14,2015,4,April,26454,26569,26569,26300,8700,-0.61,269,1.0228136882129277,-18.22818460016692,89.54708550538216
2015-04-15,2015,4,April,26644,26450,26680,26388,12440,0.72,292,1.1065635895103836,-17.640876634416248,90.19023762778417
2015-04-16,2015,4,April,26533,26644,26740,26472,12930,-0.42,268,1.0123904502870957,-17.983988130196906,89.81450138785459
2015-04-17,2015,4,April,26702,26530,26730,26520,11630,0.64,210,0.7918552036199095,-17.461593150134462,90.3865682756753
2015-04-20,2015,4,April,26719,26699,26849,26670,11990,0.06,179,0.6711661042369704,-17.40904454267256,90.44411346557443
2015-04-21,2015,4,April,26803,26745,26820,26632,14250,0.31,188,0.7059176930009012,-17.149392599919633,90.72845440389953
2015-04-22,2015,4,April,26489,26778,26848,26459,16540,-1.17,389,1.4701991760837523,-18.119996290686533,89.66556089635095
2015-04-23,2015,4,April,26777,26515,26792,26461,12510,1.09,331,1.250897547333812,-17.22976105839078,90.64044411346558
2015-04-24,2015,4,April,26574,26734,26839,26521,12980,-0.76,318,1.1990498095848572,-17.85725325337702,89.95328684584659
2015-04-27,2015,4,April,26944,26624,26980,26588,12830,1.39,392,1.474349330525049,-16.7135482674415,91.20574097894523
2015-04-28,2015,4,April,27036,26969,27059,26833,9360,0.34,226,0.8422464875340067,-16.42916756823591,91.51716200663462
2015-04-29,2015,4,April,27096,26985,27140,26953,8630,0.22,187,0.6938003190739436,-16.243701894840964,91.72026267686684
2015-04-30,2015,4,April,26593,27056,27148,26500,10430,-1.86,648,2.4452830188679244,-17.798522456801955,90.0176020580868
2015-05-01,2015,5,May,26483,26572,26572,26300,2020,-0.41,272,1.0342205323193916,-18.138542858026028,89.64525082932774
2015-05-04,2015,5,May,26747,26580,27114,26580,390,1.0,534,2.0090293453724604,-17.32249389508825,90.53889377834948
2015-05-05,2015,5,May,26852,26734,27060,26640,190,0.39,420,1.5765765765765765,-16.997928966647088,90.89431995125584
2015-05-06,2015,5,May,26928,26950,27070,26835,14940,0.28,235,0.8757220048444196,-16.76300578034682,91.15158080021664
2015-05-07,2015,5,May,26951,26904,27050,26862,15860,0.09,188,0.6998734271461544,-16.691910605545424,91.229436057139
2015-05-08,2015,5,May,26903,26960,27019,26825,16350,-0.18,194,0.723205964585275,-16.840283144261385,91.06695552095321
2015-05-11,2015,5,May,26853,26898,26969,26786,14010,-0.19,183,0.6831927126110655,-16.994837872090507,90.89770496242637
2015-05-12,2015,5,May,27180,26899,27225,26892,17500,1.22,333,1.2382864792503345,-15.984049952088034,92.00460361519193
2015-05-13,2015,5,May,27539,27131,27569,27063,21700,1.32,506,1.8697114141078226,-14.87434700627492,93.21982262541466
2015-05-14,2015,5,May,27444,27465,27599,27370,19020,-0.34,229,0.8366824990865912,-15.168000989150258,92.89824656421366
2015-05-15,2015,5,May,27473,27417,27500,27260,15940,0.11,240,0.880410858400587,-15.078359247009365,92.99641188815923
2015-05-18,2015,5,May,27629,27518,27695,27513,13940,0.57,182,0.6615054701413877,-14.596148496182499,93.52447363076298
2015-05-19,2015,5,May,27309,27565,27599,27266,17570,-1.16,333,1.2213012543093962,-15.585298754288893,92.44127005619119
2015-05-20,2015,5,May,27299,27280,27370,27205,11460,-0.04,165,0.6065061569564418,-15.61620969985472,92.40741994448581
2015-05-21,2015,5,May,27130,27280,27339,27108,12950,-0.62,231,0.8521469676848162,-16.138604679917158,91.8353530566651
2015-05-22,2015,5,May,27105,27144,27327,27071,13440,-0.09,256,0.9456614088877398,-16.21588204383172,91.75072777740166
2015-05-25,2015,5,May,27180,27112,27197,27101,6980,0.28,96,0.3542304712003247,-15.984049952088034,92.00460361519193
2015-05-26,2015,5,May,26917,27154,27227,26884,14640,-0.97,343,1.2758518077667014,-16.79700782046923,91.11434567734074
2015-05-27,2015,5,May,26900,26929,26994,26856,9900,-0.06,138,0.5138516532618409,-16.84955642793113,91.05680048744162
2015-05-28,2015,5,May,26899,26877,26950,26760,11250,0.0,190,0.7100149476831091,-16.85264752248771,91.05341547627107
2015-05-29,2015,5,May,26866,26900,26949,26820,8560,-0.12,129,0.4809843400447427,-16.954653642854936,90.94171010764336
2015-06-01,2015,6,June,26690,26926,27014,26133,4370,-0.66,881,3.3712164695978264,-17.498686284813452,90.34594814162887
2015-06-02,2015,6,June,26856,26743,26929,26730,820,0.62,199,0.7444818555929666,-16.98556458842076,90.90785999593798
2015-06-03,2015,6,June,26806,26908,27000,26775,180,-0.19,225,0.8403361344537815,-17.140119316249883,90.73860943741114
2015-06-04,2015,6,June,26564,26840,26869,26454,40,-0.9,415,1.5687608679216754,-17.888164198942846,89.91943673414123
2015-06-05,2015,6,June,26439,26599,26613,26371,260,-0.47,242,0.9176747184407114,-18.274551018515655,89.49631033782411
2015-06-08,2015,6,June,26693,26691,26749,26621,8060,0.96,128,0.48082341008977875,-17.489413001143706,90.35610317514048
2015-06-09,2015,6,June,26754,26715,26817,26665,11230,0.23,152,0.5700356272267016,-17.300856233192174,90.56258885654323
2015-06-10,2015,6,June,26850,26750,26958,26730,10570,0.36,228,0.8529741863075196,-17.004111155760253,90.88754992891477
2015-06-11,2015,6,June,26772,26864,26864,26681,9480,-0.29,183,0.6858813387804056,-17.24521653117369,90.6235190576129
2015-06-12,2015,6,June,26773,26770,26860,26725,9190,0.0,135,0.5051449953227315,-17.242125436617105,90.62690406878343
2015-06-15,2015,6,June,26915,26795,26997,26625,14250,0.53,372,1.3971830985915492,-16.803190009582394,91.10757565499966
2015-06-16,2015,6,June,26831,26938,26958,26760,9780,-0.31,198,0.7399103139013453,-17.062841952335322,90.82323471667456
2015-06-17,2015,6,June,26763,26828,26828,26690,8430,-0.25,138,0.517047583364556,-17.27303638218293,90.59305395707807
2015-06-18,2015,6,June,27031,26760,27120,26760,15630,1.0,360,1.345291479820628,-16.444623041018826,91.50023695078193
2015-06-19,2015,6,June,26959,27020,27061,26901,7990,-0.27,160,0.5947734284970819,-16.667181849092763,91.25651614650329
2015-06-22,2015,6,June,26589,26941,26941,26570,11550,-1.37,371,1.3963116296575084,-17.810886835028285,90.00406201340463
2015-06-23,2015,6,June,26478,26650,26676,26461,9710,-0.42,215,0.8125165337666754,-18.15399833080894,89.62832577347505
2015-06-24,2015,6,June,26418,26510,26559,26361,9930,-0.23,198,0.7511095937179925,-18.33946400420389,89.42522510324284
2015-06-25,2015,6,June,26365,26470,26494,26342,7830,-0.2,152,0.577025282818313,-18.503292015702762,89.24581951120439
2015-06-26,2015,6,June,26399,26383,26468,26292,9710,0.13,176,0.6694051422485927,-18.398194800778956,89.36090989100263
2015-06-29,2015,6,June,26508,26482,26716,26461,8860,0.41,255,0.9636824005139639,-18.061265494111463,89.72987610859116
2015-06-30,2015,6,June,26301,26452,26470,26211,7760,-0.78,259,0.9881347525847927,-18.70112206732404,89.02917879629003
2015-07-01,2015,7,July,26182,26275,26380,26160,1790,-0.45,220,0.8409785932721712,-19.068962319557357,88.62636246699614
2015-07-02,2015,7,July,26024,26164,26246,25985,470,-0.6,261,1.0044256301712526,-19.55735525949739,88.09153070205132
2015-07-03,2015,7,July,26393,26010,26800,26005,270,1.42,795,3.057104402999423,-18.41674136811845,89.34059982397942
2015-07-06,2015,7,July,26335,26393,26397,26205,11600,-0.22,192,0.7326846021751574,-18.596024852400234,89.14426917608829
2015-07-07,2015,7,July,26032,26271,26288,25886,19000,-1.15,402,1.5529629915784593,-19.532626503044728,88.1186107914156
2015-07-08,2015,7,July,26222,26011,26250,25870,17350,0.73,380,1.468882875918052,-18.945318537294057,88.7617629138176
2015-07-09,2015,7,July,26071,26130,26250,26050,14660,-0.58,200,0.7677543186180422,-19.41207381533801,88.25062622706655
2015-07-10,2015,7,July,26071,26080,26175,26030,12140,0.0,145,0.5570495582020745,-19.41207381533801,88.25062622706655
2015-07-13,2015,7,July,26033,26122,26125,25952,12040,-0.15,173,0.6666152897657213,-19.529535408488147,88.12199580258616
2015-07-14,2015,7,July,25934,26026,26095,25911,11830,-0.38,184,0.7101231137354791,-19.83555376958981,87.786879696703
2015-07-15,2015,7,July,25852,25987,25987,25774,14060,-0.32,213,0.8264142158764646,-20.089023523229578,87.50930878071898
2015-07-16,2015,7,July,25774,25824,25824,25720,10570,-0.3,104,0.4043545878693624,-20.33012889864301,87.2452779094171
2015-07-17,2015,7,July,25505,25780,25780,25482,13120,-1.04,298,1.1694529471784005,-21.161633334363696,86.33470990454268
2015-07-20,2015,7,July,25042,25480,25480,24910,23100,-1.82,570,2.2882376555600157,-22.59281011406139,84.76744973258413
2015-07-21,2015,7,July,24908,24997,25065,24881,14620,-0.54,184,0.7395201157509746,-23.00701678464344,84.31385823573217
2015-07-22,2015,7,July,24688,24850,24850,24591,20050,-0.88,259,1.053230856817535,-23.68705758709159,83.56915577821407
2015-07-23,2015,7,July,24742,24786,24919,24716,18270,0.22,203,0.8213303123482764,-23.520138481036135,83.75194638142305
2015-07-24,2015,7,July,24729,24701,24829,24470,19480,-0.05,359,1.4671025745811197,-23.56032271027171,83.70794123620608
2015-07-27,2015,7,July,24910,24694,25034,24671,21500,0.73,363,1.4713631389080297,-23.00083459553028,84.32062825807324
2015-07-28,2015,7,July,24768,24837,24870,24714,14790,-0.57,156,0.6312211701869386,-23.43977002256499,83.83995667185702
2015-07-29,2015,7,July,24729,24784,24849,24705,14890,-0.16,144,0.5828779599271403,-23.56032271027171,83.70794123620608
2015-07-30,2015,7,July,24739,24702,24824,24581,17050,0.04,243,0.9885684064928197,-23.52941176470588,83.74179134791144
2015-07-31,2015,7,July,24789,24680,24919,24551,15360,0.2,368,1.4989206142315996,-23.374857036876758,83.91104190643829
2015-08-03,2015,8,August,24696,24823,24886,24666,2830,-0.38,220,0.8919159977296685,-23.66232883063893,83.59623586757836
2015-08-04,2015,8,August,24638,24670,24704,24540,290,-0.23,164,0.6682966585167074,-23.841612314920713,83.39990521968723
2015-08-05,2015,8,August,24545,24614,24635,24500,100,-0.38,135,0.5510204081632654,-24.129084108682886,83.0850991808273
2015-08-06,2015,8,August,24692,24583,24745,24530,10620,0.6,215,0.8764777823073787,-23.674693208865257,83.58269582289621
2015-08-07,2015,8,August,24796,24682,24872,24615,19130,0.42,257,1.0440788137314645,-23.35321937498068,83.93473698463205
2015-08-10,2015,8,August,25026,24800,25096,24774,14670,0.93,322,1.2997497376281586,-22.64226762696671,84.71328955385553
2015-08-11,2015,8,August,25323,25045,25430,25002,20870,1.19,428,1.7118630509559234,-21.72421254366171,85.71863787150498
2015-08-12,2015,8,August,25898,25400,25923,25400,23190,2.27,523,2.059055118110236,-19.946833173626782,87.66501929456368
2015-08-13,2015,8,August,25763,25785,25859,25700,14690,-0.52,159,0.6186770428015564,-20.364130938765417,87.2080427865412
2015-08-14,2015,8,August,25636,25706,25832,25605,13490,-0.49,227,0.8865455965631713,-20.75669994745139,86.77814636788301
2015-08-17,2015,8,August,25924,25710,25999,25710,13380,1.12,289,1.1240762349280435,-19.866464715155637,87.75302958499763
2015-08-18,2015,8,August,25890,25920,25971,25732,15150,-0.13,239,0.9288046012746773,-19.97156193007944,87.63793920519937
2015-08-19,2015,8,August,26084,25870,26115,25801,15890,0.75,314,1.217007092748343,-19.37188958610244,88.29463137228353
2015-08-20,2015,8,August,26723,26145,26746,26145,21390,2.45,601,2.298718684260853,-17.39668016444623,90.45765351025659
2015-08-21,2015,8,August,27090,26780,27177,26676,27330,1.37,501,1.8780926675663518,-16.26224846218046,91.69995260984362
2015-08-24,2015,8,August,27290,27100,27689,27070,27660,0.74,619,2.286664203915774,-15.64402955086396,92.37695484395098
2015-08-25,2015,8,August,26595,27250,27250,26533,23410,-2.55,717,2.702295254965515,-17.79234026768879,90.02437208042787
2015-08-26,2015,8,August,26341,26602,26694,26075,20090,-0.96,619,2.37392138063279,-18.57747828506074,89.16457924311149
2015-08-27,2015,8,August,26197,26271,26360,26102,13820,-0.55,258,0.9884300053635737,-19.022595901208618,88.6771376345542
2015-08-28,2015,8,August,26490,26220,26600,26220,11900,1.12,380,1.4492753623188406,-18.116905196129952,89.66894590752149
2015-08-31,2015,8,August,26540,26490,26600,26363,6820,0.19,237,0.8989872169328225,-17.962350468300826,89.83819646604833
2015-09-01,2015,9,September,26623,26636,26847,26530,2330,0.31,317,1.1948737278552581,-17.70578962010448,90.1191523932029
2015-09-02,2015,9,September,26417,26594,26639,26200,630,-0.77,439,1.6755725190839694,-18.34255509876047,89.4218400920723
2015-09-03,2015,9,September,26196,26432,26474,26130,250,-0.84,344,1.3164944508228091,-19.025686995765202,88.67375262338366
2015-09-04,2015,9,September,26256,26325,26490,26001,250,0.23,489,1.8806968962732202,-18.84022132237025,88.87685329361587
2015-09-07,2015,9,September,26506,26595,26620,26465,9330,0.95,155,0.5856791989419988,-18.06744768322463,89.72310608625008
2015-09-08,2015,9,September,26436,26500,26567,26391,14030,-0.26,176,0.6668940168997006,-18.2838243021854,89.4861553043125
2015-09-09,2015,9,September,26069,26450,26486,26010,16520,-1.39,476,1.8300653594771243,-19.418256004451177,88.24385620472547
2015-09-10,2015,9,September,26179,26150,26299,26062,16920,0.42,237,0.9093699639321619,-19.078235603227103,88.61620743348453
2015-09-11,2015,9,September,25981,26190,26209,25918,15490,-0.76,291,1.12277181881318,-19.690272325430435,87.94597522171823
2015-09-14,2015,9,September,26078,26045,26128,25970,12160,0.37,158,0.6083943011166731,-19.390436153441932,88.2743213052603
2015-09-15,2015,9,September,25982,26089,26095,25956,12790,-0.37,139,0.5355216520265064,-19.68718123087385,87.94936023288878
2015-09-16,2015,9,September,26285,25994,26367,25967,20080,1.17,400,1.5404166827126737,-18.75057958022936,88.97501861756145
2015-09-17,2015,9,September,26176,26212,26273,26113,7410,-0.41,160,0.6127216329031517,-19.08750888689685,88.60605239997292
2015-09-18,2015,9,September,26476,26300,26591,26300,23100,1.15,291,1.1064638783269962,-18.160180519922104,89.62155575113397
2015-09-21,2015,9,September,26345,26488,26550,26281,17900,-0.49,269,1.0235531372474411,-18.56511390683441,89.17811928779365
2015-09-22,2015,9,September,26242,26320,26470,26180,22310,-0.39,290,1.1077158135981666,-18.883496646162406,88.82946313722834
2015-09-23,2015,9,September,26476,26240,26509,26210,16309,0.89,299,1.140785959557421,-18.160180519922104,89.62155575113397
2015-09-24,2015,9,September,26965,26510,27078,26462,28450,1.85,616,2.327866374423702,-16.64863528175327,91.2768262135265
2015-09-25,2015,9,September,26744,26900,26900,26634,10770,-0.82,266,0.9987234362093564,-17.331767178758,90.52873874483785
2015-09-28,2015,9,September,26508,26746,26746,26361,16510,-0.88,385,1.4604908766738744,-18.061265494111463,89.72987610859116
2015-09-29,2015,9,September,26253,26574,26590,26228,18830,-0.96,362,1.3802043617508006,-18.84949460604,88.86669826010426
2015-09-30,2015,9,September,25803,26211,26371,25737,22290,-1.71,634,2.463379570268485,-20.24048715650212,87.34344323336268
2015-10-01,2015,10,October,25782,25780,25863,25680,6120,-0.08,183,0.7126168224299065,-20.30540014219035,87.27235799878139
2015-10-05,2015,10,October,26094,26159,26263,25960,1350,1.21,303,1.1671802773497688,-19.340978640536612,88.3284814839889
2015-10-06,2015,10,October,26512,26300,26621,26272,16740,1.6,349,1.3284104750304508,-18.048901115885137,89.7434161532733
2015-10-07,2015,10,October,26449,26555,26675,26320,18410,-0.24,355,1.3487841945288754,-18.243640072949834,89.53016044952949
2015-10-08,2015,10,October,26351,26400,26499,26240,15300,-0.37,259,0.9870426829268293,-18.546567339494917,89.19842935481687
2015-10-09,2015,10,October,26515,26311,26595,26263,16340,0.62,332,1.2641358565281955,-18.039627832215388,89.75357118678492
2015-10-12,2015,10,October,26678,26626,26820,26527,16370,0.61,293,1.1045350020733593,-17.535779419492442,90.30532800758243
2015-10-13,2015,10,October,26872,26640,26916,26503,20360,0.73,413,1.5583141531147418,-16.93610707551544,90.96202017466658
2015-10-14,2015,10,October,27088,26920,27164,26756,21560,0.8,408,1.5248916130961279,-16.268430651293624,91.69318258750255
2015-10-15,2015,10,October,27142,27130,27228,26940,20300,0.2,288,1.0690423162583518,-16.10151154523817,91.87597319071152
2015-10-16,2015,10,October,27029,27102,27102,26942,13690,-0.42,160,0.5938683097023235,-16.45080523013199,91.49346692844085
2015-10-19,2015,10,October,26882,26950,26950,26803,11290,-0.54,147,0.5484460694698354,-16.905196129949616,90.99587028637195
2015-10-20,2015,10,October,26993,26821,27058,26756,15060,0.41,302,1.1287187920466437,-16.562084634168958,91.37160652630155
2015-10-21,2015,10,October,26821,27036,27080,26801,12720,-0.64,279,1.0410059326144547,-17.093752897901147,90.78938460496919
2015-10-22,2015,10,October,26737,26850,26877,26715,6530,-0.31,162,0.6064008983717013,-17.353404840654076,90.5050436666441
2015-10-23,2015,10,October,26676,26759,26965,26602,16270,-0.23,363,1.364559055710097,-17.541961608605607,90.29855798524136
2015-10-26,2015,10,October,26689,26750,26790,26642,8550,0.05,148,0.5555138503115382,-17.501777379370033,90.34256313045833
2015-10-27,2015,10,October,26790,26678,26820,26650,8790,0.38,170,0.6378986866791745,-17.189576829155204,90.68444925868255
2015-10-28,2015,10,October,26930,26824,27033,26797,12540,0.52,236,0.8806956002537598,-16.756823591233655,91.15835082255771
2015-10-29,2015,10,October,26470,26800,26800,26450,12520,-1.71,350,1.3232514177693762,-18.1787270872616,89.60124568411075
2015-10-30,2015,10,October,26355,26464,26464,26281,8800,-0.43,183,0.6963205357482593,-18.534202961268587,89.21196939949901
2015-11-02,2015,11,November,26228,26450,26450,26181,3900,-0.48,269,1.0274626637637982,-18.92677196995456,88.78207298084084
2015-11-03,2015,11,November,25863,26240,26310,25833,1250,-1.39,477,1.8464754383927535,-20.05502148310717,87.54654390359488
2015-11-04,2015,11,November,25646,25950,25993,25126,1190,-0.84,867,3.450608930987822,-20.725789001885566,86.81199647958839
2015-11-05,2015,11,November,25791,25661,25917,25661,270,0.57,256,0.997622851798449,-20.277580291181106,87.30282309931623
2015-11-06,2015,11,November,25538,25834,25918,25485,17490,-0.98,433,1.6990386501863841,-21.059627213996475,86.4464152731704
2015-11-09,2015,11,November,25699,25619,25780,25619,13210,0.63,161,0.62843982981381,-20.561960990386694,86.99140207162684
2015-11-10,2015,11,November,25604,25710,25750,25510,11940,-0.37,240,0.9408075264602116,-20.855614973262032,86.66982601042584
2015-11-11,2015,11,November,25490,25523,25548,25477,2700,-0.45,71,0.2786827334458531,-21.207999752712436,86.28393473698463
2015-11-12,2015,11,November,25341,25480,25555,25223,9560,-0.58,332,1.3162589699877096,-21.668572841643226,85.77956807257465
2015-11-13,2015,11,November,25388,25395,25519,25351,10870,0.19,168,0.6626957516468779,-21.52329139748385,85.93866359758987
2015-11-16,2015,11,November,25360,25488,25740,25336,16640,-0.11,404,1.5945689927376068,-21.60984204506816,85.84388328481484
2015-11-17,2015,11,November,25038,25284,25375,24978,17530,-1.27,397,1.5893986708303307,-22.60517449228772,84.75390968790197
2015-11-18,2015,11,November,25108,25000,25180,25000,13280,0.28,180,0.72,-22.388797873326947,84.99086046983955
2015-11-19,2015,11,November,25308,25199,25442,25110,20140,0.8,332,1.3221823974512148,-21.770578962010447,85.66786270394692
2015-11-20,2015,11,November,25252,25356,25496,25214,16280,-0.22,282,1.1184262711192194,-21.943680257179068,85.47830207839687
2015-11-23,2015,11,November,25180,25235,25287,25084,13970,-0.29,203,0.8092808164567055,-22.166239065253006,85.2345812741182
2015-11-24,2015,11,November,25305,25199,25395,25173,13980,0.5,222,0.8818972708854724,-21.779852245680196,85.65770767043531
2015-11-25,2015,11,November,25230,25250,25280,25154,7600,-0.3,126,0.5009143674962233,-22.01168433742388,85.40383183264505
2015-11-26,2015,11,November,25288,25260,25346,25250,8980,0.23,96,0.3801980198019802,-21.832400853142097,85.60016248053618
2015-11-27,2015,11,November,25071,25221,25281,24981,13070,-0.86,300,1.200912693647172,-22.5031683719205,84.86561505652969
2015-11-30,2015,11,November,25114,24961,25180,24950,10330,0.17,230,0.9218436873747494,-22.370251305987452,85.01117053686276
2015-12-01,2015,12,December,25018,25189,25250,24975,3710,-0.38,275,1.1011011011011012,-22.66699638341937,84.68620946449124
2015-12-02,2015,12,December,24895,25169,25190,24860,240,-0.49,330,1.3274336283185841,-23.047201013879015,84.2698530905152
2015-12-03,2015,12,December,25043,24890,25149,24803,40,0.59,346,1.3949925412248518,-22.589719019504805,84.77083474375465
2015-12-04,2015,12,December,25631,25110,25750,25066,90,2.35,684,2.7287959786164526,-20.772155420234306,86.76122131203033
2015-12-07,2015,12,December,25443,25589,25620,25410,9900,-0.73,210,0.8264462809917356,-21.353281196871812,86.1248392119694
2015-12-08,2015,12,December,25424,25406,25515,25275,11440,-0.07,240,0.9495548961424332,-21.41201199344688,86.0605239997292
2015-12-09,2015,12,December,25499,25470,25637,25333,15120,0.29,304,1.2000157896814432,-21.180179901703195,86.31439983751946
2015-12-10,2015,12,December,25328,25455,25455,25303,10140,-0.67,152,0.6007192822985417,-21.708757070878796,85.73556292735766
2015-12-11,2015,12,December,25581,25300,25610,25162,18050,1.0,448,1.780462602336857,-20.926710148063428,86.59197075350349
2015-12-14,2015,12,December,25256,25518,25539,25241,14420,-1.27,298,1.1806188344360364,-21.931315878952738,85.49184212307901
2015-12-15,2015,12,December,25173,25256,25317,25111,12670,-0.33,206,0.820357612201824,-22.187876727149085,85.21088619592445
2015-12-16,2015,12,December,25372,25235,25400,25122,13480,0.79,278,1.1065997930101106,-21.57274891038917,85.88450341886129
2015-12-17,2015,12,December,24766,25302,25302,24671,20770,-2.39,631,2.5576587896720846,-23.445952211678154,83.83318664951595
2015-12-18,2015,12,December,25011,24802,25146,24781,15390,0.99,365,1.4729026270126306,-22.688634045315446,84.66251438629747
2015-12-21,2015,12,December,25302,25067,25335,25051,14980,1.16,284,1.133687277952976,-21.789125529349942,85.6475526369237
2015-12-22,2015,12,December,25176,25242,25316,25155,12140,-0.5,161,0.6400318028225005,-22.178603443479336,85.22104122943605
2015-12-23,2015,12,December,25004,25150,25170,24992,10710,-0.68,178,0.7122279129321383,-22.710271707211525,84.63881930810372
2015-12-24,2015,12,December,25147,25040,25180,25035,5610,0.57,145,0.579189135210705,-22.268245185620227,85.12287590549049
2015-12-28,2015,12,December,25077,25136,25142,25062,8710,-0.28,80,0.3192083632591174,-22.484621804581,84.88592512355291
2015-12-29,2015,12,December,25106,25129,25243,25092,10210,0.12,151,0.601785429619002,-22.39498006244011,84.98409044749847
2015-12-30,2015,12,December,25017,25175,25224,25003,11240,-0.35,221,0.8838939327280726,-22.67008747797595,84.68282445332069
2015-12-31,2015,12,December,24952,25032,25058,24880,6110,-0.26,178,0.7154340836012861,-22.871008624153813,84.46279872723579
2016-01-01,2016,1,January,24943,24976,25071,24900,2120,-0.04,171,0.6867469879518072,-22.898828475163054,84.43233362670097
2016-01-04,2016,1,January,25423,25234,25505,25030,750,1.92,475,1.897722732720735,-21.415103088003463,86.05713898855866
2016-01-05,2016,1,January,25430,25360,25486,25360,170,0.03,126,0.49684542586750785,-21.393465426107387,86.08083406675242
2016-01-06,2016,1,January,25756,25440,25789,25421,24140,1.28,368,1.447622044766138,-20.385768600661493,87.18434770834745
2016-01-07,2016,1,January,26106,25800,26130,25780,25320,1.36,350,1.3576415826221877,-19.303885505857625,88.36910161803534
2016-01-08,2016,1,January,25989,26035,26095,25785,23700,-0.45,310,1.202249369788637,-19.665543568977775,87.97305531108253
2016-01-11,2016,1,January,25877,26075,26110,25831,19910,-0.43,279,1.0800975571987148,-20.011746159315013,87.5939340599824
2016-01-12,2016,1,January,25689,25876,25966,25630,20160,-0.73,336,1.3109637143971908,-20.59287193595252,86.95755195992146
2016-01-13,2016,1,January,25750,25660,25794,25530,18360,0.24,264,1.0340775558166861,-20.404315168000988,87.16403764132423
2016-01-14,2016,1,January,25652,25800,26028,25609,24080,-0.38,419,1.6361435432855638,-20.70724243454607,86.8323065466116
2016-01-15,2016,1,January,26126,25630,26220,25630,29460,1.85,590,2.3019898556379244,-19.242063614725975,88.43680184144608
2016-01-18,2016,1,January,26070,26073,26110,25971,14090,-0.21,139,0.5352123522390358,-19.415164909894596,88.24724121589601
2016-01-19,2016,1,January,26064,26041,26085,25873,20910,-0.02,212,0.8193870057588991,-19.433711477234088,88.2269311488728
2016-01-20,2016,1,January,26563,26100,26661,26100,32270,1.91,561,2.1494252873563218,-17.891255293499427,89.91605172297069
2016-01-21,2016,1,January,26190,26473,26513,26150,28390,-1.4,363,1.3881453154875716,-19.044233563104697,88.65344255636045
2016-01-22,2016,1,January,26168,26254,26301,26113,16830,-0.08,188,0.7199479186612032,-19.112237643349513,88.57897231060863
2016-01-25,2016,1,January,26391,26170,26444,26170,16219,0.85,274,1.0470003821169276,-18.422923557231616,89.33382980163834
2016-01-27,2016,1,January,26736,26450,26819,26450,15510,1.31,369,1.3950850661625709,-17.35649593521066,90.50165865547356
2016-01-28,2016,1,January,26701,26850,26900,26600,16510,-0.13,300,1.1278195488721803,-17.464684244691046,90.38318326450478
2016-01-29,2016,1,January,26709,26679,26763,26527,15260,0.03,236,0.8896595921136955,-17.439955488238386,90.41026335386907
2016-02-01,2016,2,February,26973,26755,27049,26645,3570,0.99,404,1.5162319384499907,-16.623906525300608,91.30390630289081
2016-02-02,2016,2,February,27008,27782,27782,26861,1050,0.13,921,3.4287628904359484,-16.515718215820222,91.42238169385959
2016-02-03,2016,2,February,27285,27134,27325,26976,440,1.03,349,1.2937425860023726,-15.659485023646875,92.3600297880983
2016-02-04,2016,2,February,27656,27235,27800,27207,110,1.36,593,2.1795861359209026,-14.512688943154773,93.61586893236748
2016-02-05,2016,2,February,27568,27770,28113,26850,190,-0.32,1263,4.70391061452514,-14.784705264134029,93.31798794936023
2016-02-08,2016,2,February,28367,27496,28429,27496,29380,2.9,933,3.3932208321210355,-12.314920713424623,96.02261187461919
2016-02-09,2016,2,February,28325,28345,28423,28078,24630,-0.15,345,1.2287199943015885,-12.444746684801087,95.88044140545664
2016-02-10,2016,2,February,28211,28238,28250,27935,20530,-0.4,315,1.1276176839090748,-12.79713146425149,95.49455013201543
2016-02-11,2016,2,February,29706,28250,30000,28250,46400,5.3,1750,6.1946902654867255,-8.175945102160675,100.55514183196806
2016-02-12,2016,2,February,29287,29517,29722,29251,24730,-1.41,471,1.6102013606372434,-9.471113721368736,99.1368221515131
2016-02-15,2016,2,February,28595,29251,29251,28521,19540,-2.36,730,2.559517548473055,-11.610151154523816,96.7943944215016
2016-02-16,2016,2,February,28800,28550,28969,28111,31580,0.72,858,3.052185977019672,-10.976476770424409,97.48832171146165
2016-02-17,2016,2,February,28781,28790,28940,28637,21680,-0.07,303,1.0580717253902294,-11.035207566999475,97.42400649922145
2016-02-18,2016,2,February,29210,28780,29270,28614,22300,1.49,656,2.292584049765849,-9.709128002225588,98.87617629138175
2016-02-19,2016,2,February,29432,29229,29547,29180,25790,0.76,367,1.257710760795065,-9.022905010664276,99.62764877124094
2016-02-22,2016,2,February,28916,29340,29340,28762,21110,-1.75,578,2.0095959947152493,-10.61790980186084,97.88098300724393
2016-02-23,2016,2,February,29234,29095,29317,29077,22080,1.1,240,0.8253946418131168,-9.634941732867608,98.95741655947464
2016-02-24,2016,2,February,29523,29310,29884,29210,31230,0.99,674,2.3074289626840123,-8.74161540601527,99.93568478775981
2016-02-25,2016,2,February,29735,29470,29765,29363,26250,0.72,402,1.3690699179239179,-8.086303360019784,100.65330715591361
2016-02-26,2016,2,February,29290,29588,29692,29135,25740,-1.5,557,1.9117899433670842,-9.461840437698989,99.14697718502471
2016-02-29,2016,2,February,29437,29236,29625,29236,14790,0.5,389,1.3305513750171023,-9.007449537881364,99.64457382709362
2016-03-01,2016,3,March,29097,29600,29754,29080,3940,-1.16,674,2.3177441540577717,-10.05842168711941,98.49367002911109
2016-03-02,2016,3,March,29219,29009,29240,28960,1000,0.42,280,0.9668508287292817,-9.681308151216346,98.9066413919166
2016-03-03,2016,3,March,29381,29209,29525,29120,990,0.55,405,1.3907967032967032,-9.180550833049983,99.45501320154357
2016-03-04,2016,3,March,29519,29684,29983,29233,330,0.47,750,2.5655936783771764,-8.7539797842416,99.92214474307765
2016-03-07,2016,3,March,29597,29875,29960,29556,14020,0.26,404,1.3668967383949113,-8.512874408828166,100.18617561437952
2016-03-08,2016,3,March,29819,29760,30147,29760,38490,0.75,387,1.3004032258064517,-7.826651417266854,100.93764809423871
2016-03-09,2016,3,March,29597,29750,29750,29317,34880,-0.74,433,1.4769587611283557,-8.512874408828166,100.18617561437952
2016-03-10,2016,3,March,29928,29500,29950,29088,52190,1.12,862,2.9634213421342133,-7.489722110599363,101.30661431182723
2016-03-11,2016,3,March,29504,29905,29920,29470,36900,-1.42,450,1.526976586359009,-8.800346202590337,99.8713695755196
2016-03-14,2016,3,March,29204,29449,29570,29140,30930,-1.02,430,1.4756348661633494,-9.727674569565083,98.85586622435854
2016-03-15,2016,3,March,29050,29109,29249,28885,33260,-0.53,364,1.2601696382205299,-10.203703131278786,98.33457450409585
2016-03-16,2016,3,March,28970,29080,29157,28935,22580,-0.28,222,0.767236910316226,-10.450990695805384,98.06377361045291
2016-03-17,2016,3,March,29357,29044,29590,29044,37830,1.34,546,1.8799063489877428,-9.254737102407963,99.37377293345068
2016-03-18,2016,3,March,29135,29400,29460,29011,27150,-0.76,449,1.5476888076936335,-9.940960093969274,98.62230045359149
2016-03-21,2016,3,March,28937,29102,29119,28831,24490,-0.68,288,0.998924768478374,-10.552996816172607,97.9520682418252
2016-03-22,2016,3,March,29047,28950,29337,28893,32240,0.38,444,1.5367043920672827,-10.212976414948534,98.32441947058426
2016-03-23,2016,3,March,28568,29000,29000,28510,33730,-1.65,490,1.7186951946685376,-11.693610707551544,96.70299911989709
2016-03-24,2016,3,March,28560,28503,28626,28450,7430,-0.03,176,0.6186291739894552,-11.718339464004204,96.6759190305328
2016-03-28,2016,3,March,28400,28452,28487,28250,16660,-0.56,237,0.8389380530973451,-12.212914593057402,96.1343172432469
2016-03-29,2016,3,March,28616,28388,28666,28281,26080,0.76,385,1.3613380007779075,-11.545238168835585,96.86547965608287
2016-03-30,2016,3,March,28301,28627,28692,28226,20040,-1.1,466,1.6509601077021188,-12.518932954159068,95.79920113736375
2016-03-31,2016,3,March,28441,28290,28539,28290,14340,0.49,249,0.88016967126193,-12.08617971623752,96.27310270123891
2016-04-01,2016,4,April,28056,28410,28530,27955,5970,-1.35,575,2.056877123949204,-13.276251120521776,94.96987340058222
2016-04-04,2016,4,April,28086,28096,28187,28032,660,0.11,155,0.552939497716895,-13.183518283824302,95.07142373569832
2016-04-05,2016,4,April,28562,28224,28699,28190,260,1.69,509,1.8056048244058178,-11.71215727489104,96.68268905287387
2016-04-06,2016,4,April,28571,28700,28749,28510,17370,0.03,239,0.8383023500526131,-11.684337423881797,96.71315415340871
2016-04-07,2016,4,April,28972,28639,29030,28618,27690,1.4,412,1.4396533650150254,-10.44480850669222,98.07054363279399
2016-04-08,2016,4,April,29047,29000,29074,28765,22560,0.26,309,1.0742221449678429,-10.212976414948534,98.32441947058426
2016-04-11,2016,4,April,29254,29099,29315,29063,21300,0.71,252,0.8670818566562296,-9.573119841735958,99.02511678288538
2016-04-12,2016,4,April,29250,29190,29395,29152,21900,-0.01,243,0.8335620197585072,-9.585484219962288,99.01157673820323
2016-04-13,2016,4,April,29128,29212,29212,28980,18810,-0.42,232,0.800552104899931,-9.962597755865351,98.59860537539774
2016-04-14,2016,4,April,28731,29020,29050,28705,13420,-1.36,345,1.201881205364919,-11.189762294828599,97.25475594069461
2016-04-15,2016,4,April,28918,28799,28950,28772,8790,0.65,178,0.6186570276657862,-10.611727612747673,97.887753029585
2016-04-18,2016,4,April,28935,28950,29128,28901,18450,0.06,227,0.7854399501747344,-10.559179005285772,97.94529821948413
2016-04-19,2016,4,April,29255,29050,29299,29050,13290,1.11,249,0.8571428571428572,-9.570028747179377,99.02850179405593
2016-04-20,2016,4,April,29249,29289,29345,29101,19010,-0.02,244,0.8384591594790557,-9.588575314518872,99.0081917270327
2016-04-21,2016,4,April,29287,29216,29670,29140,27660,0.13,530,1.818805765271105,-9.471113721368736,99.1368221515131
2016-04-22,2016,4,April,28941,29321,29343,28914,19320,-1.18,429,1.4837103133430172,-10.540632437946277,97.96560828650735
2016-04-25,2016,4,April,29183,29050,29200,28983,14640,0.84,217,0.748714763827071,-9.792587555253315,98.78478098977726
2016-04-26,2016,4,April,29158,29151,29199,28981,15140,-0.09,218,0.7522169697387944,-9.869864919167878,98.70015571051385
2016-04-27,2016,4,April,29319,29200,29355,29200,15580,0.55,155,0.5308219178082192,-9.372198695558097,99.24514250897028
2016-04-28,2016,4,April,29627,29268,29650,29200,16430,1.05,450,1.5410958904109588,-8.420141572130692,100.28772594949564
2016-04-29,2016,4,April,30138,29651,30192,29651,18880,1.72,541,1.824559036794712,-6.840592253717041,102.01746665763997
2016-05-02,2016,5,May,30213,30177,30342,30120,2920,0.25,222,0.7370517928286853,-6.608760161973355,102.27134249543025
2016-05-03,2016,5,May,30154,30175,30337,30050,630,-0.2,287,0.9550748752079866,-6.791134740811722,102.07162683636857
2016-05-04,2016,5,May,29934,30145,30200,29920,170,-0.73,280,0.9358288770053476,-7.471175543259869,101.32692437885045
2016-05-05,2016,5,May,29868,29912,30135,29832,110,-0.22,303,1.0156878519710377,-7.675187783994312,101.10351364159501
2016-05-06,2016,5,May,30366,29950,30400,29950,33820,1.67,450,1.5025041736227045,-6.135822694816234,102.78924920452238
2016-05-09,2016,5,May,29805,30312,30312,29750,29600,-1.85,562,1.889075630252101,-7.869926741059009,100.8902579378512
2016-05-10,2016,5,May,29785,29851,29862,29622,19510,-0.07,240,0.8102086287218958,-7.931748632190659,100.82255771444046
2016-05-11,2016,5,May,29933,29825,30072,29825,23180,0.5,247,0.8281642917015926,-7.474266637816451,101.3235393676799
2016-05-12,2016,5,May,29904,29933,30085,29765,25800,-0.1,320,1.075088190828154,-7.563908379957343,101.22537404373435
2016-05-13,2016,5,May,30023,29900,30058,29766,24070,0.4,292,0.980985016461735,-7.196068127724027,101.62819037302823
2016-05-16,2016,5,May,29963,30075,30245,29915,23170,-0.2,330,1.1031255223132208,-7.381533801118977,101.42508970279603
2016-05-17,2016,5,May,30045,30040,30130,29860,24610,0.27,270,0.9042196918955124,-7.128064047479213,101.70266061878004
2016-05-18,2016,5,May,30049,30024,30078,29910,20740,0.01,168,0.5616850551654965,-7.115699669252883,101.71620066346219
2016-05-19,2016,5,May,29800,29995,29995,29632,26130,-0.83,363,1.2250269978401727,-7.885382213841921,100.87333288199851
2016-05-20,2016,5,May,29693,29730,29867,29661,20090,-0.36,206,0.6945146825798186,-8.216129331396248,100.51113668675107
2016-05-23,2016,5,May,29682,29694,29745,29576,15640,-0.04,169,0.5714092507438463,-8.250131371518654,100.47390156387517
2016-05-24,2016,5,May,29306,29580,29651,29283,22800,-1.27,368,1.2567018406584025,-9.412382924793668,99.2011373637533
2016-05-25,2016,5,May,28945,29278,29278,28884,26950,-1.23,394,1.3640769976457554,-10.528268059719947,97.97914833118949
2016-05-26,2016,5,May,28729,28996,29157,28705,26940,-0.75,452,1.574638564709981,-11.195944483941764,97.24798591835354
2016-05-27,2016,5,May,28590,28840,28840,28547,18290,-0.48,293,1.0263775528076506,-11.62560662730673,96.7774693656489
2016-05-30,2016,5,May,28590,28430,28696,28400,12970,0.0,296,1.0422535211267605,-11.62560662730673,96.7774693656489
2016-05-31,2016,5,May,28610,28596,28719,28541,10870,0.07,178,0.62366420237553,-11.56378473617508,96.84516958905964
2016-06-01,2016,6,June,28626,28531,28800,28500,2600,0.06,300,1.0526315789473684,-11.51432722326976,96.89932976778823
2016-06-02,2016,6,June,28554,28616,28715,28530,350,-0.25,185,0.6484402383456012,-11.7368860313437,96.65560896350958
2016-06-03,2016,6,June,29216,28703,29410,28540,330,2.32,870,3.0483531885073583,-9.690581434886093,98.89648635840499
2016-06-06,2016,6,June,29329,29287,29376,29220,12970,0.39,156,0.5338809034907598,-9.341287749992272,99.27899262067564
2016-06-07,2016,6,June,29239,29243,29325,29062,13480,-0.31,263,0.9049618057945084,-9.619486260084695,98.97434161532733
2016-06-08,2016,6,June,29491,29275,29572,29275,15920,0.86,297,1.0145175064047822,-8.84053043182591,99.82736443030262
2016-06-09,2016,6,June,29757,29521,29777,29452,18020,0.9,325,1.1034904250984654,-8.018299279774968,100.72777740166543
2016-06-10,2016,6,June,29851,29760,29900,29624,15500,0.32,276,0.9316770186335404,-7.727736391456215,101.04596845169588
2016-06-13,2016,6,June,30181,29894,30220,29894,19270,1.11,326,1.0905198367565399,-6.707675187783995,102.16302213797306
2016-06-14,2016,6,June,30357,30141,30385,30042,19070,0.58,343,1.1417349044670795,-6.163642545825477,102.75878410398754
2016-06-15,2016,6,June,30262,30300,30339,30132,14900,-0.31,207,0.6869772998805257,-6.457296528700813,102.43720804278654
2016-06-16,2016,6,June,30392,30302,30985,30237,34140,0.43,748,2.473790389258194,-6.055454236345089,102.87725949495635
2016-06-17,2016,6,June,30373,30320,30415,30091,18370,-0.06,324,1.0767339071483168,-6.114185032920157,102.81294428271612
2016-06-20,2016,6,June,30478,30262,30505,30132,21900,0.35,373,1.2378866321518651,-5.789620104478995,103.16837045562251
2016-06-21,2016,6,June,30072,30357,30402,30026,20450,-1.33,376,1.2522480516885366,-7.044604494451486,101.79405592038452
2016-06-22,2016,6,June,29898,30054,30054,29835,16550,-0.58,219,0.7340372046254399,-7.582454947296838,101.20506397671112
2016-06-23,2016,6,June,29686,29879,29953,29641,22540,-0.71,312,1.0525960662595728,-8.237766993292325,100.48744160855732
2016-06-24,2016,6,June,31131,29835,32357,29835,48210,4.87,2522,8.453159041394336,-3.771135359030633,105.37878274998307
2016-06-27,2016,6,June,31218,31192,31387,31135,19520,0.28,252,0.8093785129275735,-3.5022101326079564,105.67327872181977
2016-06-28,2016,6,June,30999,31016,31085,30859,14940,-0.7,226,0.7323633299847694,-4.179159840499521,104.93196127547222
2016-06-29,2016,6,June,30986,31096,31146,30920,14490,-0.04,226,0.7309184993531695,-4.219344069735094,104.88795613025523
2016-06-30,2016,6,June,30851,30905,30949,30812,10660,-0.44,137,0.44463196157341295,-4.636641834873729,104.43097962223275
2016-07-01,2016,7,July,31077,31096,31220,31010,4140,0.73,210,0.6772009029345373,-3.9380544650860867,105.19599214677409
2016-07-04,2016,7,July,31396,31390,31484,31267,4730,1.03,217,0.6940224517862282,-2.951995301536274,106.27581071017534
2016-07-05,2016,7,July,30841,31306,31570,30500,640,-1.77,1070,3.5081967213114753,-4.667552780439554,104.39712951052738
2016-07-06,2016,7,July,32018,31948,32350,31948,12410,3.82,402,1.2582947289345185,-1.0293344873419679,108.38128765824928
2016-07-07,2016,7,July,31817,32011,32090,31653,23880,-0.63,437,1.3805958360976842,-1.6506444932150472,107.70090041297135
2016-07-08,2016,7,July,31657,31832,31833,31284,25970,-0.5,549,1.7548906789413117,-2.1452196222682454,107.15929862568547
2016-07-11,2016,7,July,31524,31750,31888,31482,15150,-0.42,406,1.2896258179277047,-2.5563351982937155,106.70909214000406
2016-07-12,2016,7,July,31001,31561,31577,30951,22100,-1.66,626,2.022551775386902,-4.172977651386356,104.93873129781328
2016-07-13,2016,7,July,31225,31120,31260,31064,16800,0.72,196,0.6309554468194695,-3.480572470711879,105.69697380001355
2016-07-14,2016,7,July,30895,31199,31199,30711,26760,-1.06,488,1.5890071961186545,-4.500633674384099,104.57992011373638
2016-07-15,2016,7,July,30922,30822,31038,30782,24110,0.09,256,0.8316548632317589,-4.417174121356372,104.67131541534087
2016-07-18,2016,7,July,30950,30850,31028,30810,17940,0.09,218,0.7075624797143785,-4.330623473772063,104.7660957281159
2016-07-19,2016,7,July,31021,31000,31041,30871,13330,0.23,170,0.5506786304298532,-4.111155760254706,105.00643152122402
2016-07-20,2016,7,July,30666,31045,31050,30631,19820,-1.14,419,1.367895269498221,-5.208494327841489,103.80475255568345
2016-07-21,2016,7,July,30940,30611,30970,30553,21330,0.89,417,1.3648414231008412,-4.361534419337888,104.73224561641052
2016-07-22,2016,7,July,30794,30939,30939,30730,14220,-0.47,209,0.6801171493654409,-4.81283422459893,104.23803398551215
2016-07-25,2016,7,July,30814,30701,30849,30620,14750,0.06,229,0.7478772044415415,-4.751012333467281,104.30573420892289
2016-07-26,2016,7,July,30822,30796,30880,30711,14210,0.03,169,0.550291426524698,-4.7262835770146205,104.33281429828718
2016-07-27,2016,7,July,30878,30786,30930,30690,14320,0.18,240,0.7820136852394917,-4.553182281846001,104.52237492383725
2016-07-28,2016,7,July,30795,30928,31180,30740,18990,-0.27,440,1.431359791802212,-4.809743130042348,104.24141899668268
2016-07-29,2016,7,July,31099,30943,31139,30812,16740,0.99,327,1.0612748279890953,-3.8700503848412726,105.27046239252589
2016-08-01,2016,8,August,31011,31000,31118,30950,5270,-0.28,168,0.5428109854604201,-4.142066705820531,104.97258140951867
2016-08-02,2016,8,August,31282,31000,31322,30993,1240,0.87,329,1.0615300229083988,-3.3043800809866775,105.88991943673413
2016-08-03,2016,8,August,31199,31302,31439,31158,350,-0.27,281,0.9018550613004686,-3.5609409291830234,105.60896350957958
2016-08-04,2016,8,August,31317,31105,31360,31072,60,0.38,288,0.9268795056642637,-3.1961917715062906,106.00839482770293
2016-08-05,2016,8,August,30779,31310,31380,30738,430,-1.72,642,2.0886199492484874,-4.859200642947668,104.1872588179541
2016-08-08,2016,8,August,30998,31031,31031,30863,11130,0.71,168,0.5443411204354729,-4.1822509350561035,104.92857626430168
2016-08-09,2016,8,August,31133,30942,31165,30891,12600,0.44,274,0.8869897381114241,-3.764953169917468,105.38555277232416
2016-08-10,2016,8,August,31219,31180,31385,31120,14450,0.28,265,0.8515424164524421,-3.499119038051374,105.67666373299032
2016-08-11,2016,8,August,31171,31160,31316,31082,14960,-0.15,234,0.7528473071230938,-3.647491576767333,105.51418319680454
2016-08-12,2016,8,August,31080,31100,31400,30990,19750,-0.29,410,1.3230074217489511,-3.9287811814163396,105.2061471802857
2016-08-16,2016,8,August,31349,31120,31440,31120,16050,0.87,320,1.0282776349614395,-3.097276745695651,106.1167151851601
2016-08-17,2016,8,August,31314,31265,31349,31185,10410,-0.11,164,0.5258938592271926,-3.2054650551760377,105.99823979419132
2016-08-18,2016,8,August,31411,31400,31447,31302,9810,0.31,145,0.4632291866334419,-2.9056288831875365,106.32658587773341
2016-08-19,2016,8,August,31365,31341,31466,31252,16520,-0.15,214,0.6847561756047613,-3.047819232790331,106.1708753638887
2016-08-22,2016,8,August,31395,31310,31428,31191,12100,0.1,237,0.7598345676637492,-2.9550863960928564,106.27242569900481
2016-08-23,2016,8,August,31373,31372,31414,31285,10230,-0.07,129,0.4123381812370146,-3.0230904763376714,106.19795545325299
2016-08-24,2016,8,August,31049,31319,31364,31000,13550,-1.03,364,1.1741935483870969,-4.024605112670397,105.10121183399906
2016-08-25,2016,8,August,30945,31042,31062,30884,9050,-0.33,178,0.5763502137028882,-4.346078946554975,104.74917067226322
2016-08-26,2016,8,August,31023,30967,31335,30941,17460,0.25,394,1.2733912931062346,-4.104973571141541,105.0132015435651
2016-08-29,2016,8,August,31077,31000,31115,30876,9590,0.17,239,0.7740639979271926,-3.9380544650860867,105.19599214677409
2016-08-30,2016,8,August,30840,31069,31069,30820,7240,-0.76,249,0.807916937053861,-4.670643874996136,104.39374449935686
2016-08-31,2016,8,August,30746,30891,30906,30711,6820,-0.3,195,0.6349516459900362,-4.961206763314889,104.07555344932638
2016-09-01,2016,9,September,30710,30757,30822,30611,1250,-0.12,211,0.6892946979843847,-5.072486167351859,103.95369304718704
2016-09-02,2016,9,September,30900,30800,30971,30610,280,0.62,361,1.1793531525645213,-4.485178201601188,104.59684516958907
2016-09-05,2016,9,September,31025,31000,31060,30960,2480,0.4,100,0.32299741602067183,-4.098791382028376,105.01997156590616
2016-09-06,2016,9,September,31401,31055,31431,30968,14610,1.21,463,1.4950917075691037,-2.9365398287533617,106.29273576602802
2016-09-07,2016,9,September,31336,31444,31482,31280,12680,-0.21,202,0.6457800511508951,-3.137460974931223,106.07271003994315
2016-09-08,2016,9,September,31239,31313,31410,31188,12940,-0.31,222,0.7118122354751828,-3.4372971469197244,105.74436395640106
2016-09-09,2016,9,September,31261,31256,31335,31166,11470,0.07,169,0.5422575883976128,-3.3692930666749095,105.81883420215286
2016-09-12,2016,9,September,31087,31332,31332,31041,14030,-0.56,291,0.9374697980090848,-3.907143519520262,105.22984225847945
2016-09-13,2016,9,September,31141,31130,31218,31087,7060,0.17,131,0.42139801203075244,-3.7402244134648077,105.41263286168845
2016-09-14,2016,9,September,31100,31100,31159,31066,8480,-0.13,93,0.2993626472671087,-3.8669592902846897,105.27384740369644
2016-09-15,2016,9,September,30950,31149,31249,30850,17170,-0.48,399,1.293354943273906,-4.330623473772063,104.7660957281159
2016-09-16,2016,9,September,30851,30930,30961,30831,8840,-0.32,130,0.42165353053744603,-4.636641834873729,104.43097962223275
2016-09-19,2016,9,September,30936,30941,31010,30915,8320,0.28,95,0.30729419375707584,-4.373898797564218,104.71870557172838
2016-09-20,2016,9,September,30892,30989,31027,30847,10830,-0.14,180,0.583525140208124,-4.509906958053847,104.56976508022477
2016-09-21,2016,9,September,31207,30948,31235,30800,18510,1.02,435,1.4123376623376622,-3.5362121727303637,105.63604359894387
2016-09-22,2016,9,September,31335,31284,31373,31181,13720,0.41,192,0.6157595971905968,-3.1405520694878057,106.0693250287726
2016-09-23,2016,9,September,31288,31271,31334,31220,9700,-0.15,114,0.36515054452274187,-3.2858335136471823,105.91022950375736
2016-09-26,2016,9,September,31351,31251,31369,31224,9620,0.2,145,0.4643863694593902,-3.091094556582486,106.12348520750119
2016-09-27,2016,9,September,31003,31290,31290,30986,13080,-1.11,304,0.9810882333957271,-4.166795462273191,104.94550132015436
2016-09-28,2016,9,September,30963,31002,31051,30882,8990,-0.13,169,0.5472443494592318,-4.290439244536491,104.81010087333289
2016-09-29,2016,9,September,31224,30951,31243,30950,12640,0.84,293,0.9466882067851373,-3.4836635652684613,105.693588788843
2016-09-30,2016,9,September,30814,31119,31287,30767,9470,-1.31,520,1.6901225338837065,-4.751012333467281,104.30573420892289
2016-10-03,2016,10,October,30749,30841,31000,30695,1890,-0.21,305,0.993647173806809,-4.951933479645143,104.085708482838
2016-10-04,2016,10,October,30068,30705,30872,30030,230,-2.21,842,2.803862803862804,-7.056968872677816,101.78051587570238
2016-10-05,2016,10,October,30004,30215,30350,29925,70,-0.21,425,1.4202172096908938,-7.254798924299094,101.56387516078802
2016-10-06,2016,10,October,29615,29861,29982,29582,14160,-1.3,400,1.3521736190926914,-8.45723470680968,100.2471058154492
2016-10-07,2016,10,October,29591,29700,29898,29355,19550,-0.08,543,1.8497700562084822,-8.531420976167661,100.16586554735632
2016-10-10,2016,10,October,29662,29700,29900,29634,10710,0.24,266,0.897617601403793,-8.311953262650304,100.40620134046443
2016-10-11,2016,10,October,29712,29611,29776,29611,3930,0.17,165,0.5572253554422343,-8.15739853482118,100.57545189899126
2016-10-12,2016,10,October,29662,29680,29742,29579,4850,-0.17,163,0.5510666351127489,-8.311953262650304,100.40620134046443
2016-10-13,2016,10,October,29697,29700,29873,29682,10060,0.12,191,0.6434876356040697,-8.203764953169918,100.52467673143322
2016-10-14,2016,10,October,29638,29748,29749,29454,11880,-0.2,295,1.0015617573164934,-8.386139532008285,100.32496107237154
2016-10-17,2016,10,October,29675,29651,29707,29584,6550,0.12,123,0.4157652785289345,-8.271769033414731,100.45020648568139
2016-10-18,2016,10,October,29773,29700,29830,29671,11120,0.33,159,0.5358767820430723,-7.968841766869648,100.78193758039401
2016-10-19,2016,10,October,29883,29760,29969,29740,10190,0.37,229,0.7700067249495629,-7.628821365645575,101.15428880915307
2016-10-20,2016,10,October,29891,29950,30049,29857,10010,0.03,192,0.6430652778242958,-7.604092609192915,101.18136889851736
2016-10-21,2016,10,October,29936,29835,29960,29800,7310,0.15,160,0.5369127516778524,-7.464993354146704,101.33369440119154
2016-10-24,2016,10,October,29820,29910,29980,29766,12860,-0.39,214,0.7189410737082578,-7.8235603227102715,100.94103310540925
2016-10-25,2016,10,October,30034,29852,30090,29716,8200,0.72,374,1.2585812356979404,-7.16206608760162,101.66542549590415
2016-10-26,2016,10,October,29913,30053,30151,29880,8050,-0.4,271,0.9069611780455153,-7.536088528948101,101.25583914426916
2016-10-27,2016,10,October,30054,29910,30080,29910,5850,0.47,170,0.5683717820127048,-7.100244196469969,101.73312571931487
2016-10-28,2016,10,October,30131,30045,30181,29710,12750,0.26,471,1.5853248064624705,-6.862229915613119,101.9937715794462
2016-10-30,2016,10,October,30151,30120,30160,30113,940,0.07,47,0.15607876996645967,-6.800408024481469,102.06147180285694
2016-10-31,2016,10,October,30057,30155,30155,30001,2100,-0.31,154,0.5133162227925736,-7.0909709128002225,101.74328075282648
2016-11-01,2016,11,November,30329,30073,30385,30062,2260,0.9,323,1.0744461446344222,-6.250193193409786,102.66400379121252
2016-11-02,2016,11,November,30759,30489,30804,30425,870,1.42,379,1.2456861133935908,-4.9210225340793174,104.11955859454336
2016-11-03,2016,11,November,30674,30663,30700,30300,330,-0.28,400,1.3201320132013201,-5.183765571388829,103.83183264504774
2016-11-04,2016,11,November,30689,30566,30770,30550,150,0.05,220,0.7201309328968903,-5.137399153040092,103.88260781260578
2016-11-07,2016,11,November,30118,30515,30515,30070,13030,-1.86,445,1.4798802793481876,-6.9024141448486915,101.94976643422923
2016-11-08,2016,11,November,29899,30149,30400,29766,19270,-0.73,634,2.1299469193039036,-7.579363852740255,101.20844898788167
2016-11-09,2016,11,November,29961,30191,31407,29900,42740,0.21,1507,5.040133779264214,-7.387715990232141,101.41831968045494
2016-11-10,2016,11,November,29986,30000,30243,29868,15670,0.08,375,1.2555243069505826,-7.31043862631758,101.50294495971836
2016-11-11,2016,11,November,29461,29881,30022,29333,17730,-1.75,689,2.348890328299185,-8.933263268523383,99.72581409518652
2016-11-14,2016,11,November,29676,29351,29797,29331,9520,0.73,466,1.5887627424908801,-8.26867793885815,100.45359149685194
2016-11-15,2016,11,November,29391,29640,29650,29270,10540,-0.96,380,1.2982576016399043,-9.149639887484158,99.48886331324893
2016-11-16,2016,11,November,29463,29519,29590,29387,8170,0.24,203,0.6907816381393133,-8.92708107941022,99.7325841175276
2016-11-17,2016,11,November,29185,29442,29462,29139,9520,-0.94,323,1.1084800439273825,-9.78640536614015,98.79155101211833
2016-11-18,2016,11,November,29005,29170,29170,28838,11520,-0.62,332,1.1512587558083085,-10.342802386324998,98.18224900142171
2016-11-21,2016,11,November,29197,29039,29295,29009,7820,0.66,286,0.9859009272984246,-9.749312231461161,98.83217114616478
2016-11-22,2016,11,November,29182,29260,29293,29101,6680,-0.05,192,0.6597711418851586,-9.795678649809899,98.78139597860674
2016-11-23,2016,11,November,28885,29241,29254,28767,10850,-1.02,487,1.6929120172419785,-10.713733733114896,97.77604766095727
2016-11-24,2016,11,November,28816,28806,28859,28700,7080,-0.24,159,0.554006968641115,-10.927019257519087,97.54248189019023
2016-11-25,2016,11,November,28671,28701,28750,28331,13010,-0.5,419,1.47894532490911,-11.375227968223548,97.05165527046239
2016-11-28,2016,11,November,28793,28980,29068,28700,8360,0.43,368,1.2822299651567943,-10.998114432320484,97.4646266332679
2016-11-29,2016,11,November,28853,28763,28896,28680,7060,0.21,216,0.7531380753138075,-10.812648758925537,97.6677273035001
2016-11-30,2016,11,November,28428,28789,28845,28267,9710,-1.47,578,2.0447872076980222,-12.126363945473093,96.22909755602194
2016-12-01,2016,12,December,28062,28450,28450,27951,2100,-1.29,499,1.7852670745232728,-13.25770455318228,94.99018346760543
2016-12-02,2016,12,December,28445,28310,28450,28300,820,1.36,150,0.5300353356890459,-12.07381533801119,96.28664274592106
2016-12-05,2016,12,December,28236,28435,28530,27950,460,-0.73,580,2.0751341681574242,-12.71985410033693,95.57917541127885
2016-12-06,2016,12,December,27944,28151,28192,27911,8660,-1.03,281,1.0067715237719896,-13.622453710859014,94.5907521494821
2016-12-07,2016,12,December,28043,27944,28134,27924,9900,0.35,210,0.752041254834551,-13.316435349757349,94.92586825536524
2016-12-08,2016,12,December,27896,28022,28063,27875,8560,-0.52,188,0.6744394618834081,-13.770826249574974,94.42827161329632
2016-12-09,2016,12,December,27701,27845,27885,27671,8950,-0.7,214,0.7733728452170142,-14.37358968810856,93.76819443504164
2016-12-12,2016,12,December,27843,27670,27927,27551,8950,0.51,376,1.3647417516605567,-13.934654261073845,94.24886602125787
2016-12-13,2016,12,December,27710,27766,27828,27650,7070,-0.48,178,0.64376130198915,-14.345769837099317,93.79865953557646
2016-12-14,2016,12,December,27746,27750,27826,27713,7060,0.13,113,0.4077508750405946,-14.234490433062346,93.9205199377158
2016-12-15,2016,12,December,27130,27730,27730,27021,18560,-2.22,709,2.6238851263831835,-16.138604679917158,91.8353530566651
2016-12-16,2016,12,December,27308,27140,27414,27101,13480,0.66,313,1.1549389321427252,-15.588389848845477,92.43788504502065
2016-12-19,2016,12,December,27392,27400,27420,27289,7230,0.31,131,0.48004690534647665,-15.328737906092545,92.72222598334574
2016-12-20,2016,12,December,27262,27328,27351,27153,10670,-0.47,198,0.7292011932383162,-15.730580198448271,92.28217453117595
2016-12-21,2016,12,December,27103,27282,27336,27081,9460,-0.58,255,0.9416195856873822,-16.222064232944884,91.74395775506059
2016-12-22,2016,12,December,27152,27077,27293,26980,11290,0.18,313,1.1601186063750926,-16.070600599672343,91.9098233024169
2016-12-23,2016,12,December,27186,27126,27220,27072,6300,0.13,148,0.5466903073286052,-15.965503384748539,92.02491368221514
2016-12-26,2016,12,December,27241,27170,27280,27101,3070,0.2,179,0.6604922327589388,-15.795493184136502,92.21108929659468
2016-12-27,2016,12,December,27431,27199,27720,27199,10790,0.7,521,1.9155115996911651,-15.20818521838583,92.85424141899668
2016-12-28,2016,12,December,27539,27575,27590,27441,5900,0.39,149,0.5429831274370468,-14.87434700627492,93.21982262541466
2016-12-29,2016,12,December,27810,27580,27837,27580,7750,0.98,257,0.9318346627991297,-14.036660381441068,94.13716065263016
2016-12-30,2016,12,December,27700,27840,27889,27670,8350,-0.4,219,0.7914709071196241,-14.37668078266514,93.7648094238711
2017-01-02,2017,1,January,27828,27673,27860,27670,1430,0.46,190,0.6866642573183953,-13.981020679422585,94.19809085369981
2017-01-03,2017,1,January,28102,27860,28134,27770,960,0.98,364,1.310767014764134,-13.134060770918982,95.12558391442691
2017-01-04,2017,1,January,28085,28080,28158,27987,720,-0.06,171,0.6109979633401221,-13.186609378380885,95.0680387245278
2017-01-05,2017,1,January,28890,28269,28925,28183,230,2.87,742,2.6327928183656817,-10.698278260331984,97.79297271680997
2017-01-06,2017,1,January,27960,28001,28099,27870,12120,-3.22,229,0.8216720487979907,-13.572996197953696,94.64491232821068
2017-01-09,2017,1,January,28124,28080,28150,27903,9480,0.59,247,0.8852094756836182,-13.066056690674168,95.20005416017872
2017-01-10,2017,1,January,28210,28132,28326,28083,11750,0.31,243,0.8652921696399958,-12.800222558808075,95.4911651208449
2017-01-11,2017,1,January,28353,28234,28399,28155,13180,0.51,244,0.8666311489966259,-12.358196037216779,95.97522171823168
2017-01-12,2017,1,January,28463,28398,28565,28392,12930,0.39,173,0.6093265708650324,-12.018175635992705,96.34757294699072
2017-01-13,2017,1,January,28440,28469,28482,28301,11160,-0.08,181,0.6395533726723438,-12.089270810794101,96.26971769006838
2017-01-16,2017,1,January,28601,28564,28691,28557,8010,0.57,134,0.46923696466715686,-11.591604587184321,96.81470448852481
2017-01-17,2017,1,January,28797,28620,28824,28620,13350,0.69,204,0.7127882599580713,-10.985750054094154,97.47816667795004
2017-01-18,2017,1,January,28852,28830,28875,28736,9250,0.19,139,0.4837138084632517,-10.815739853482118,97.66434229232956
2017-01-19,2017,1,January,28588,28738,28738,28515,12640,-0.92,223,0.782044537962476,-11.631788816419894,96.77069934330783
2017-01-20,2017,1,January,28685,28680,28790,28583,11510,0.34,207,0.7242066962880034,-11.331952644431393,97.09904542684991
2017-01-23,2017,1,January,28876,28798,28920,28781,9610,0.67,139,0.48295750668844023,-10.741553584124139,97.74558256042245
2017-01-24,2017,1,January,28815,28863,28875,28780,6700,-0.21,95,0.330090340514246,-10.930110352075669,97.53909687901971
2017-01-25,2017,1,January,28472,28750,28750,28322,11580,-1.19,428,1.5111927123790692,-11.990355784983462,96.37803804752556
2017-01-27,2017,1,January,28449,28387,28480,28171,10480,-0.08,309,1.0968726704767313,-12.06145095978486,96.3001827906032
2017-01-30,2017,1,January,28642,28479,28688,28420,7210,0.68,268,0.9429978888106967,-11.464869710364441,96.95348994651683
2017-01-31,2017,1,January,29172,28700,29233,28700,7610,1.85,533,1.8571428571428572,-9.826589595375722,98.74754586690136
2017-02-01,2017,2,February,28981,29155,29463,28811,4270,-0.65,652,2.2630245392384856,-10.416988655682978,98.10100873332883
2017-02-02,2017,2,February,29064,29150,29175,28950,380,0.29,225,0.7772020725388601,-10.16042780748663,98.38196466048338
2017-02-03,2017,2,February,29166,29030,29494,28900,240,0.35,594,2.055363321799308,-9.845136162715217,98.72723579987814
2017-02-06,2017,2,February,29202,28965,29224,28965,10160,0.12,259,0.8941826342137061,-9.733856758678249,98.84909620201746
2017-02-07,2017,2,February,29348,29250,29370,29215,11600,0.5,155,0.5305493753208967,-9.282556953417204,99.34330783291585
2017-02-08,2017,2,February,29371,29325,29445,29258,10850,0.08,187,0.6391414314033769,-9.211461778615808,99.42116308983819
2017-02-09,2017,2,February,29115,29349,29419,29080,12950,-0.87,339,1.1657496561210454,-10.002781985100924,98.55460023018075
2017-02-10,2017,2,February,29195,29050,29222,28875,11840,0.27,347,1.2017316017316018,-9.755494420574326,98.82540112382371
2017-02-13,2017,2,February,29057,29116,29199,28981,8230,-0.47,218,0.7522169697387944,-10.182065469382708,98.35826958228962
2017-02-14,2017,2,February,29027,29088,29210,28977,11120,-0.1,233,0.8040859992407772,-10.274798306080184,98.25671924717352
2017-02-15,2017,2,February,29138,29030,29166,28880,11100,0.38,286,0.9903047091412742,-9.931686810299526,98.63245548710312
2017-02-16,2017,2,February,29377,29186,29438,29173,12510,0.82,265,0.9083741816062798,-9.192915211276313,99.44147315686142
2017-02-17,2017,2,February,29359,29327,29412,29290,9650,-0.06,122,0.4165244110617959,-9.248554913294797,99.38054295579175
2017-02-20,2017,2,February,29324,29330,29356,29189,5980,-0.12,167,0.5721333379012642,-9.356743222775185,99.26206756482297
2017-02-21,2017,2,February,29314,29230,29334,29088,10550,-0.03,246,0.8457095709570958,-9.38765416834101,99.2282174531176
2017-02-22,2017,2,February,29223,29285,29349,29190,8980,-0.31,159,0.5447070914696814,-9.668943772990016,98.92018143659874
2017-02-23,2017,2,February,29440,29245,29464,29217,12210,0.74,247,0.8453982270595887,-8.998176254211616,99.65472886060523
2017-02-24,2017,2,February,29613,29481,29635,29481,6280,0.59,154,0.5223703402191242,-8.463416895922846,100.24033579310812
2017-02-27,2017,2,February,29732,29575,29757,29532,7870,0.4,225,0.76188541243397,-8.095576643689531,100.643152122402
2017-02-28,2017,2,February,29592,29705,29705,29532,8540,-0.47,173,0.585805228227008,-8.528329881611079,100.16925055852684
2017-03-01,2017,3,March,29529,29455,29595,29118,2230,-0.21,477,1.638161961673192,-8.723068838675776,99.95599485478303
2017-03-02,2017,3,March,29204,29499,29500,29161,430,-1.1,339,1.1625115736771714,-9.727674569565083,98.85586622435854
2017-03-03,2017,3,March,29442,29300,30079,29051,210,0.81,1028,3.538604523080101,-8.991994065098453,99.6614988829463
2017-03-06,2017,3,March,28979,29100,29218,28960,10370,-1.57,258,0.8908839779005525,-10.423170844796143,98.09423871098775
2017-03-07,2017,3,March,28791,28969,28979,28765,10090,-0.65,214,0.7439596732139753,-11.00429662143365,97.45785661092683
2017-03-08,2017,3,March,28660,28799,28806,28622,9370,-0.46,184,0.6428621340227797,-11.409230008345956,97.01442014758649
2017-03-09,2017,3,March,28491,28610,28639,28440,10850,-0.59,199,0.6997187060478199,-11.931624988408396,96.44235325976575
2017-03-10,2017,3,March,28417,28420,28523,28305,11570,-0.26,218,0.7701819466525349,-12.160365985595499,96.19186243314603
2017-03-13,2017,3,March,28291,28436,28436,28263,4310,-0.44,173,0.6121077026501079,-12.549843899724891,95.76535102565839
2017-03-14,2017,3,March,28100,28349,28349,28080,10240,-0.68,269,0.957977207977208,-13.140242960032147,95.11881389208584
2017-03-15,2017,3,March,28019,28050,28058,27932,10780,-0.29,126,0.4510955176858084,-13.390621619115329,94.84462798727236
2017-03-16,2017,3,March,28436,28090,28594,28090,14140,1.49,504,1.7942328230687077,-12.101635189020431,96.25617764538623
2017-03-17,2017,3,March,28528,28498,28550,28461,7110,0.32,89,0.31270861881170725,-11.817254489814843,96.56759867307562
2017-03-20,2017,3,March,28518,28580,28630,28487,7810,-0.04,143,0.5019833608312564,-11.848165435380668,96.53374856137025
2017-03-21,2017,3,March,28853,28462,28893,28391,14910,1.17,502,1.768165968088479,-10.812648758925537,97.6677273035001
2017-03-22,2017,3,March,28886,28801,28993,28801,11120,0.11,192,0.6666435193222457,-10.710642638558314,97.77943267212783
2017-03-23,2017,3,March,28816,28829,28960,28751,11080,-0.24,209,0.7269312371743591,-10.927019257519087,97.54248189019023
2017-03-24,2017,3,March,28809,28750,28840,28714,7950,-0.02,126,0.43881033642125794,-10.948656919415164,97.51878681199648
2017-03-27,2017,3,March,28839,28850,28985,28800,9090,0.1,185,0.642361111111111,-10.85592408271769,97.6203371471126
2017-03-28,2017,3,March,28872,28839,28910,28784,7330,0.11,126,0.4377431906614786,-10.753917962350467,97.7320425157403
2017-03-29,2017,3,March,28762,28792,28792,28687,6690,-0.38,105,0.366019451319413,-11.093938363574543,97.35969128698125
2017-03-30,2017,3,March,28559,28716,28764,28525,8220,-0.71,239,0.8378615249780894,-11.721430558560787,96.67253401936226
2017-03-31,2017,3,March,28612,28511,28688,28480,6930,0.19,208,0.7303370786516854,-11.557602547061913,96.85193961140072
2017-04-03,2017,4,April,28720,28607,28790,28580,1450,0.38,210,0.7347795661301609,-11.223764334951007,97.21752081781871
2017-04-04,2017,4,April,28960,28975,29064,28878,90,0.84,186,0.6440889258258882,-10.48190164137121,98.02992349874755
2017-04-05,2017,4,April,28617,28803,29019,28535,330,-1.18,484,1.6961626073243383,-11.542147074279002,96.8688646672534
2017-04-06,2017,4,April,28697,28878,28991,28675,8810,0.28,316,1.102005231037489,-11.294859509752403,97.13966556089635
2017-04-07,2017,4,April,28650,28750,28989,28607,13730,-0.16,382,1.335337504806516,-11.44014095391178,96.98057003588112
2017-04-10,2017,4,April,28699,28651,28765,28560,7970,0.17,205,0.7177871148459384,-11.288677320639238,97.14643558323742
2017-04-11,2017,4,April,29149,28750,29183,28725,13440,1.57,458,1.5944299390774586,-9.89768477017712,98.66969060997901
2017-04-12,2017,4,April,29189,29150,29265,29132,9960,0.14,133,0.45654263353013863,-9.774040987913821,98.80509105680049
2017-04-13,2017,4,April,29358,29270,29393,29238,9670,0.58,155,0.5301320199740064,-9.251646007851381,99.37715794462122
2017-04-17,2017,4,April,29392,29389,29433,29325,8039,0.12,108,0.36828644501278773,-9.146548792927575,99.49224832441948
2017-04-18,2017,4,April,29518,29370,29540,29227,13290,0.43,313,1.0709275669757417,-8.757070878798183,99.91875973190712
2017-04-19,2017,4,April,29313,29425,29425,29200,10300,-0.69,225,0.7705479452054794,-9.39074526289759,99.22483244194706
2017-04-20,2017,4,April,29308,29250,29350,29220,9340,-0.02,130,0.44490075290896647,-9.406200735680505,99.20790738609438
2017-04-21,2017,4,April,29432,29282,29460,29240,8980,0.42,220,0.7523939808481532,-9.022905010664276,99.62764877124094
2017-04-24,2017,4,April,29128,29290,29290,28935,12030,-1.03,355,1.2268878520822533,-9.962597755865351,98.59860537539774
2017-04-25,2017,4,April,28827,29090,29090,28802,9720,-1.03,288,0.9999305603777516,-10.89301721739668,97.57971701306614
2017-04-26,2017,4,April,28757,28800,28837,28671,9060,-0.24,166,0.5789822468696592,-11.109393836357455,97.34276623112856
2017-04-27,2017,4,April,28784,28805,28848,28720,7610,0.09,128,0.44568245125348194,-11.025934283329727,97.43416153273306
2017-04-28,2017,4,April,28872,28843,28925,28800,6440,0.31,125,0.4340277777777778,-10.753917962350467,97.7320425157403
2017-05-01,2017,5,May,28654,28834,28868,28600,1640,-0.76,268,0.9370629370629371,-11.42777657568545,96.99411008056327
2017-05-02,2017,5,May,28571,28664,28680,28530,490,-0.29,150,0.5257623554153523,-11.684337423881797,96.71315415340871
2017-05-03,2017,5,May,28571,28630,28640,28459,90,0.0,181,0.6360026705084507,-11.684337423881797,96.71315415340871
2017-05-04,2017,5,May,28060,28400,28482,28025,80,-1.79,457,1.6306868867082964,-13.263886742295448,94.98341344526436
2017-05-05,2017,5,May,28184,28136,28382,28135,60,0.44,247,0.8779100764172739,-12.880591017279219,95.40315483041094
2017-05-08,2017,5,May,28119,28145,28255,28097,7850,-0.23,158,0.5623376161155995,-13.081512163457079,95.18312910432604
2017-05-09,2017,5,May,27981,28125,28192,27947,10100,-0.49,245,0.8766593909900884,-13.508083212265461,94.71599756279196
2017-05-10,2017,5,May,28007,28060,28146,27981,9280,0.09,165,0.5896858582609628,-13.427714753794318,94.80400785322591
2017-05-11,2017,5,May,28022,27995,28100,27945,9720,0.05,155,0.5546609411343711,-13.381348335445582,94.85478302078397
2017-05-12,2017,5,May,28019,28088,28195,27985,9480,-0.01,210,0.7504020010720028,-13.390621619115329,94.84462798727236
2017-05-15,2017,5,May,28008,28049,28157,27996,8760,-0.04,161,0.5750821545935134,-13.424623659237737,94.80739286439646
2017-05-16,2017,5,May,28109,28025,28159,28025,7730,0.36,134,0.47814451382694023,-13.112423109022906,95.14927899262068
2017-05-17,2017,5,May,28614,28170,28638,28170,15920,1.8,468,1.6613418530351438,-11.55142035794875,96.8587096337418
2017-05-18,2017,5,May,28710,28666,28980,28551,23800,0.34,429,1.5025743406535672,-11.25467528051683,97.18367070611333
2017-05-19,2017,5,May,28634,28660,28779,28531,13160,-0.26,248,0.8692299603939574,-11.4895984668171,96.92640985715254
2017-05-22,2017,5,May,28783,28590,28799,28568,9310,0.52,231,0.8085970316437973,-11.02902537788631,97.43077652156252
2017-05-23,2017,5,May,28808,28804,28930,28740,12500,0.09,190,0.6610995128740431,-10.951748013971747,97.51540180082594
2017-05-24,2017,5,May,28719,28770,28770,28650,8690,-0.31,120,0.41884816753926707,-11.226855429507589,97.21413580664816
2017-05-25,2017,5,May,28638,28769,28770,28600,9930,-0.28,170,0.5944055944055944,-11.47723408859077,96.93994990183468
2017-05-26,2017,5,May,28847,28694,28866,28674,9520,0.73,192,0.6695961498221386,-10.83119532626503,97.64741723647688
2017-05-29,2017,5,May,28874,28843,28928,28807,4560,0.09,121,0.4200367966119346,-10.747735773237304,97.73881253808138
2017-05-30,2017,5,May,28704,28921,28960,28680,9880,-0.59,280,0.9762900976290098,-11.273221847856325,97.16336063909012
2017-05-31,2017,5,May,28905,28683,28950,28628,7830,0.7,322,1.1247729495598715,-10.651911841983246,97.84374788436801
2017-06-01,2017,6,June,28749,28877,28877,28712,1770,-0.54,165,0.574672610755085,-11.134122592810114,97.31568614176427
2017-06-02,2017,6,June,28949,28685,29011,28680,310,0.7,331,1.1541143654114365,-10.515903681493617,97.99268837587164
2017-06-05,2017,6,June,29111,29045,29180,29045,710,0.56,135,0.46479600619728006,-10.015146363327254,98.54106018549861
2017-06-06,2017,6,June,29481,29220,29499,29216,11140,1.27,283,0.9686473165388829,-8.871441377391735,99.79351431859726
2017-06-07,2017,6,June,29376,29439,29485,29310,9820,-0.36,175,0.5970658478335039,-9.196006305832896,99.43808814569088
2017-06-08,2017,6,June,29049,29319,29345,28951,12950,-1.11,394,1.3609201754688958,-10.206794225835369,98.33118949292533
2017-06-09,2017,6,June,28938,29001,29009,28836,8980,-0.38,173,0.5999445138021917,-10.549905721616023,97.95545325299574
2017-06-12,2017,6,June,28917,28905,28971,28851,7770,-0.07,120,0.4159301237392118,-10.614818707304256,97.88436801841446
2017-06-13,2017,6,June,28862,28907,28916,28711,7710,-0.19,205,0.7140120511302288,-10.784828907916292,97.69819240403493
2017-06-14,2017,6,June,28946,28890,29025,28802,9370,0.29,223,0.7742517880702728,-10.525176965163364,97.98253334236003
2017-06-15,2017,6,June,28686,28890,28890,28640,11430,-0.9,250,0.8729050279329609,-11.32886154987481,97.10243043802045
2017-06-16,2017,6,June,28616,28697,28718,28600,6780,-0.24,118,0.4125874125874126,-11.545238168835585,96.86547965608287
2017-06-19,2017,6,June,28473,28593,28593,28460,7550,-0.5,133,0.4673225579761068,-11.98726469042688,96.38142305869609
2017-06-20,2017,6,June,28475,28470,28530,28420,7690,0.01,110,0.38705137227304715,-11.981082501313715,96.38819308103717
2017-06-21,2017,6,June,28495,28539,28575,28403,9080,0.07,172,0.6055698341724466,-11.919260610182066,96.4558933044479
2017-06-22,2017,6,June,28557,28530,28670,28519,7480,0.22,151,0.5294715803499421,-11.727612747673952,96.66576399702119
2017-06-23,2017,6,June,28648,28596,28782,28596,7100,0.32,186,0.6504406210658833,-11.446323143024944,96.97380001354004
2017-06-26,2017,6,June,28426,28302,28440,28264,4610,-0.77,176,0.6227002547410133,-12.132546134586256,96.22232753368087
2017-06-27,2017,6,June,28483,28411,28572,28401,7630,0.2,171,0.6020914756522657,-11.956353744861055,96.41527317040146
2017-06-28,2017,6,June,28485,28569,28660,28461,7730,0.01,199,0.6992024173430308,-11.95017155574789,96.42204319274254
2017-06-29,2017,6,June,28527,28522,28550,28380,7940,0.15,170,0.5990133897110641,-11.820345584371426,96.56421366190509
2017-06-30,2017,6,June,28295,28505,28505,28168,8400,-0.81,337,1.1963930701505254,-12.537479521498563,95.77889107034053
2017-07-03,2017,7,July,27952,28300,28300,27925,3240,-1.21,375,1.342882721575649,-13.597724954406356,94.61783223884639
2017-07-04,2017,7,July,28043,27956,28169,27956,1260,0.33,213,0.7619115753326656,-13.316435349757349,94.92586825536524
2017-07-05,2017,7,July,28051,28120,28155,27845,900,0.03,310,1.1133057999640867,-13.291706593304689,94.95294834472953
2017-07-06,2017,7,July,28143,28200,28237,28111,10570,0.33,126,0.4482231155063854,-13.0073258940991,95.26436937241894
2017-07-07,2017,7,July,27812,28101,28140,27754,16370,-1.18,386,1.39079051668228,-14.030478192327903,94.14393067497123
2017-07-10,2017,7,July,27840,27835,27887,27620,13130,0.1,267,0.9666908037653873,-13.943927544743595,94.23871098774626
2017-07-11,2017,7,July,27871,27805,27929,27702,11020,0.11,227,0.8194354198252833,-13.848103613489538,94.34364633403291
2017-07-12,2017,7,July,27889,27919,28033,27840,10470,0.06,193,0.6932471264367815,-13.792463911471051,94.40457653510256
2017-07-13,2017,7,July,27868,27945,27968,27851,7670,-0.08,117,0.4200926358119996,-13.857376897159284,94.33349130052129
2017-07-14,2017,7,July,28022,27850,28150,27753,14380,0.55,397,1.4304759845782438,-13.381348335445582,94.85478302078397
2017-07-17,2017,7,July,28147,28050,28173,28050,7520,0.45,123,0.4385026737967914,-12.994961515872772,95.27790941710109
2017-07-18,2017,7,July,28280,28160,28299,28160,9350,0.47,139,0.4936079545454546,-12.583845939847299,95.72811590278249
2017-07-19,2017,7,July,28270,28270,28285,28150,8470,-0.04,135,0.47957371225577267,-12.614756885413126,95.69426579107711
2017-07-20,2017,7,July,28345,28220,28380,28155,11270,0.27,225,0.7991475759190196,-12.382924793669439,95.94814162886738
2017-07-21,2017,7,July,28541,28333,28559,28300,9540,0.69,259,0.9151943462897527,-11.777070260579272,96.61160381829261
2017-07-24,2017,7,July,28530,28531,28612,28480,7970,-0.04,132,0.46348314606741575,-11.81107230070168,96.5743686954167
2017-07-25,2017,7,July,28490,28535,28584,28410,11130,-0.14,174,0.6124604012671594,-11.934716082964977,96.43896824859523
2017-07-26,2017,7,July,28396,28462,28462,28320,8090,-0.33,142,0.501412429378531,-12.225278971283732,96.12077719856475
2017-07-27,2017,7,July,28477,28455,28613,28376,10460,0.29,237,0.8352128559345926,-11.97490031220055,96.39496310337825
2017-07-28,2017,7,July,28596,28533,28620,28405,8240,0.42,215,0.756908994895265,-11.607060059967235,96.79777943267213
2017-07-31,2017,7,July,28588,28572,28628,28510,6200,-0.03,118,0.4138898632058926,-11.631788816419894,96.77069934330783
2017-08-01,2017,8,August,28514,28623,28623,28447,2230,-0.26,176,0.6186944141737266,-11.860529813606998,96.5202085166881
2017-08-02,2017,8,August,28486,28451,28586,28373,580,-0.1,213,0.7507137066929828,-11.947080461191307,96.42542820391307
2017-08-03,2017,8,August,28447,28400,28500,28299,480,-0.14,201,0.7102724477896745,-12.067633148898024,96.29341276826213
2017-08-04,2017,8,August,28373,28525,28585,28355,70,-0.26,230,0.8111444189737259,-12.296374146085128,96.04292194164242
2017-08-07,2017,8,August,28419,28332,28437,28320,3950,0.16,117,0.413135593220339,-12.154183796482334,96.1986324554871
2017-08-08,2017,8,August,28357,28416,28497,28283,7400,-0.22,214,0.7566382632676872,-12.345831658990448,95.98876176291382
2017-08-09,2017,8,August,28800,28415,28821,28415,11580,1.56,406,1.4288228048565899,-10.976476770424409,97.48832171146165
2017-08-10,2017,8,August,29130,28845,29173,28845,12400,1.15,328,1.1371121511527127,-9.956415566752188,98.60537539773881
2017-08-11,2017,8,August,29158,29147,29300,29032,11320,0.1,268,0.9231193166161478,-9.869864919167878,98.70015571051385
2017-08-14,2017,8,August,29042,29100,29116,28982,7740,-0.4,134,0.4623559450693534,-10.228431887731446,98.30749441473156
2017-08-16,2017,8,August,28878,28978,28978,28727,10490,-0.56,251,0.8737424722386604,-10.735371395010972,97.75235258276352
2017-08-17,2017,8,August,29093,28900,29174,28800,9730,0.74,374,1.2986111111111112,-10.07078606534574,98.48012998442894
2017-08-18,2017,8,August,29109,29070,29380,29013,12430,0.05,367,1.2649501947402888,-10.02132855244042,98.53429016315754
2017-08-21,2017,8,August,29224,29050,29248,29030,7420,0.4,218,0.7509472959007923,-9.665852678433433,98.92356644776928
2017-08-22,2017,8,August,29061,29200,29200,28980,8750,-0.56,220,0.759144237405107,-10.169701091156378,98.37180962697177
2017-08-23,2017,8,August,29090,29063,29148,29023,7270,0.1,125,0.43069289873548566,-10.080059349015487,98.46997495091733
2017-08-24,2017,8,August,29021,29051,29107,28980,7170,-0.24,127,0.43823326432022086,-10.293344873419679,98.2364091801503
2017-08-25,2017,8,August,29086,29001,29134,28716,7040,0.22,418,1.455634489483215,-10.092423727241815,98.45643490623519
2017-08-28,2017,8,August,29425,29101,29440,29095,9560,1.17,345,1.185770750988142,-9.044542672560354,99.60395369304719
2017-08-29,2017,8,August,29588,29469,29810,29425,11070,0.55,385,1.3084112149532712,-8.540694259837409,100.15571051384468
2017-08-30,2017,8,August,29540,29640,29640,29405,8460,-0.16,235,0.7991838122768236,-8.689066798553368,99.99322997765893
2017-08-31,2017,8,August,29756,29430,29832,29421,6940,0.73,411,1.3969613541348018,-8.02139037433155,100.72439239049488
2017-09-01,2017,9,September,29788,29687,29941,29671,1150,0.11,270,0.9099794412052171,-7.922475348520912,100.83271274795207
2017-09-04,2017,9,September,30174,30187,30250,29800,270,1.3,450,1.5100671140939599,-6.729312849680072,102.1393270597793
2017-09-05,2017,9,September,30226,30389,30421,30010,190,0.17,411,1.3695434855048318,-6.568575932737783,102.31534764064722
2017-09-06,2017,9,September,30088,30200,30298,30055,12400,-0.46,243,0.8085177175178839,-6.995146981546166,101.84821609911312
2017-09-07,2017,9,September,30287,30050,30348,30010,14460,0.66,338,1.1262912362545818,-6.38001916478625,102.52183332204996
2017-09-08,2017,9,September,30271,30350,30470,30221,13380,-0.05,249,0.8239303795374078,-6.42947667769157,102.46767314332136
2017-09-11,2017,9,September,29942,30187,30187,29888,12580,-1.09,299,1.0004014989293362,-7.446446786807208,101.35400446821474
2017-09-12,2017,9,September,29953,29910,29977,29830,9390,0.04,147,0.49279249078109283,-7.412444746684802,101.39123959109064
2017-09-13,2017,9,September,29896,30011,30077,29841,10610,-0.19,236,0.7908582152072652,-7.588637136410002,101.19829395437006
2017-09-14,2017,9,September,30020,29831,30059,29775,12390,0.41,284,0.9538203190596138,-7.205341411393775,101.61803533951661
2017-09-15,2017,9,September,29869,30063,30096,29840,11580,-0.5,256,0.8579088471849867,-7.67209668943773,101.10689865276557
2017-09-18,2017,9,September,29561,29845,29845,29550,10850,-1.03,295,0.9983079526226735,-8.624153812865137,100.06431521224019
2017-09-19,2017,9,September,29628,29521,29690,29521,8109,0.23,169,0.5724738321872566,-8.41705047757411,100.29111096066616
2017-09-20,2017,9,September,29780,29660,29817,29660,8420,0.51,157,0.5293324342548887,-7.94720410497357,100.80563265858777
2017-09-21,2017,9,September,29584,29620,29680,29450,13180,-0.66,230,0.7809847198641765,-8.553058638063739,100.14217046916254
2017-09-22,2017,9,September,29608,29660,29767,29586,8540,0.08,181,0.6117758399242885,-8.478872368705758,100.22341073725542
2017-09-25,2017,9,September,30065,29580,30150,29525,13450,1.54,625,2.1168501270110074,-7.066242156347563,101.77036084219078
2017-09-26,2017,9,September,29885,30129,30195,29802,11900,-0.6,393,1.318703442721965,-7.62263917653241,101.16105883149416
2017-09-27,2017,9,September,29673,29861,29944,29644,10370,-0.71,300,1.0120091755498584,-8.277951222527898,100.44343646334033
2017-09-28,2017,9,September,29624,29650,29706,29530,7990,-0.17,176,0.5960040636640704,-8.42941485580044,100.27757091598401
2017-09-29,2017,9,September,29549,29615,29740,29430,7490,-0.25,310,1.053346924906558,-8.661246947544125,100.02369507819375
2017-10-03,2017,10,October,29400,29420,29456,29352,1530,-0.5,104,0.35431997819569366,-9.121820036474917,99.51932841378377
2017-10-04,2017,10,October,29331,29479,29513,29258,230,-0.23,255,0.8715564973682411,-9.335105560879107,99.28576264301671
2017-10-05,2017,10,October,29412,29469,29469,29361,60,0.28,108,0.36783488300807193,-9.084726901795925,99.55994854783022
2017-10-06,2017,10,October,29510,29325,29540,29274,11300,0.33,266,0.9086561453849833,-8.781799635250842,99.89167964254281
2017-10-09,2017,10,October,29670,29540,29718,29540,6170,0.54,178,0.6025727826675694,-8.287224506197646,100.43328142982872
2017-10-10,2017,10,October,29768,29700,29798,29700,6980,0.33,98,0.32996632996632996,-7.9842972396525616,100.76501252454133
2017-10-11,2017,10,October,29659,29717,29770,29638,5430,-0.37,132,0.4453741817936433,-8.321226546320052,100.3960463069528
2017-10-12,2017,10,October,29756,29725,29840,29692,6880,0.33,148,0.49845076114778386,-8.02139037433155,100.72439239049488
2017-10-13,2017,10,October,29800,29750,29817,29660,7310,0.15,157,0.5293324342548887,-7.885382213841921,100.87333288199851
2017-10-16,2017,10,October,29808,29809,29896,29790,5770,0.03,106,0.355824102047667,-7.860653457389262,100.90041297136281
2017-10-17,2017,10,October,29565,29751,29751,29550,8270,-0.82,201,0.6802030456852792,-8.611789434638805,100.07785525692235
2017-10-18,2017,10,October,29536,29640,29643,29504,5080,-0.1,139,0.4711225596529284,-8.701431176779698,99.97968993297678
2017-10-19,2017,10,October,29654,29600,29669,29593,1700,0.4,76,0.2568174906227824,-8.336682019102964,100.37912125110013
2017-10-20,2017,10,October,29541,29600,29622,29524,3220,-0.38,98,0.3319333423655331,-8.685975703996785,99.99661498882946
2017-10-23,2017,10,October,29499,29502,29550,29364,7210,-0.14,186,0.63342868818962,-8.81580167537325,99.85444451966691
2017-10-24,2017,10,October,29498,29515,29537,29444,5500,0.0,93,0.3158538242086673,-8.818892769929834,99.85105950849638
2017-10-25,2017,10,October,29362,29475,29475,29275,8109,-0.46,200,0.6831767719897524,-9.239281629625049,99.39069798930336
2017-10-26,2017,10,October,29236,29375,29443,29211,8370,-0.43,232,0.7942213549690186,-9.628759543754443,98.96418658181571
2017-10-27,2017,10,October,29272,29223,29299,29169,6530,0.12,130,0.44567863142377184,-9.517480139717474,99.08604698395504
2017-10-30,2017,10,October,29349,29263,29369,29204,4820,0.26,165,0.564991097109985,-9.279465858860622,99.34669284408638
2017-10-31,2017,10,October,29040,29300,29337,28958,5800,-1.05,379,1.3087920436494231,-10.23461407684461,98.30072439239049
2017-11-01,2017,11,November,29120,29048,29260,28991,2160,0.28,269,0.9278741678451934,-9.987326512318011,98.57152528603345
2017-11-02,2017,11,November,29242,29301,29318,29168,340,0.42,150,0.5142622051563357,-9.61021297641495,98.98449664883894
2017-11-03,2017,11,November,29191,29230,29456,29002,50,-0.17,454,1.5654092821184746,-9.767858798800654,98.81186107914156
2017-11-06,2017,11,November,29363,29130,29388,29130,7660,0.59,258,0.8856848609680742,-9.236190535068468,99.3940830004739
2017-11-07,2017,11,November,29457,29349,29490,29333,8210,0.32,157,0.5352333549244878,-8.945627646749713,99.71227405050436
2017-11-08,2017,11,November,29562,29451,29600,29438,7900,0.36,162,0.5503091242611591,-8.621062718308552,100.06770022341074
2017-11-09,2017,11,November,29670,29530,29689,29466,9360,0.37,223,0.7568044525894251,-8.287224506197646,100.43328142982872
2017-11-10,2017,11,November,29508,29640,29700,29468,9680,-0.55,232,0.7872946925478486,-8.787981824364008,99.88490962020174
2017-11-13,2017,11,November,29619,29504,29636,29473,6190,0.38,163,0.5530485529128355,-8.44487032858335,100.26064586013135
2017-11-14,2017,11,November,29620,29550,29660,29411,10220,0.0,249,0.8466220121723165,-8.44177923402677,100.26403087130187
2017-11-15,2017,11,November,29528,29600,29740,29512,9840,-0.31,228,0.7725670913526701,-8.726159933232358,99.95260984361248
2017-11-16,2017,11,November,29491,29544,29555,29452,7790,-0.13,103,0.3497215808773598,-8.84053043182591,99.82736443030262
2017-11-17,2017,11,November,29658,29462,29689,29361,9900,0.57,328,1.1171281632096999,-8.324317640876634,100.39266129578228
2017-11-20,2017,11,November,29339,29700,29729,29268,10650,-1.08,461,1.5750990843241763,-9.310376804426447,99.31284273238101
2017-11-21,2017,11,November,29334,29410,29425,29277,7660,-0.02,148,0.5055162755746831,-9.32583227720936,99.29591767652833
2017-11-22,2017,11,November,29504,29341,29525,29280,7800,0.58,245,0.8367486338797815,-8.800346202590337,99.8713695755196
2017-11-23,2017,11,November,29420,29475,29510,29393,5780,-0.28,117,0.3980539584254755,-9.059998145343267,99.5870286371945
2017-11-24,2017,11,November,29375,29475,29500,29357,5800,-0.15,143,0.48710699322137824,-9.199097400389478,99.43470313452035
2017-11-27,2017,11,November,29460,29450,29510,29402,6550,0.29,108,0.3673219508876947,-8.936354363079966,99.72242908401597
2017-11-28,2017,11,November,29381,29450,29456,29359,5800,-0.27,97,0.33039272454783886,-9.180550833049983,99.45501320154357
2017-11-29,2017,11,November,29215,29430,29441,29188,5890,-0.56,253,0.866794573112238,-9.693672529442676,98.89310134723445
2017-11-30,2017,11,November,28992,29287,29287,28927,6540,-0.76,360,1.244512047568016,-10.38298661556057,98.13824385620472
2017-12-01,2017,12,December,29217,29045,29344,29038,2160,0.78,306,1.0537915834423859,-9.68749034032951,98.89987136957552
2017-12-04,2017,12,December,29059,29021,29200,28970,90,-0.54,230,0.7939247497411116,-10.175883280269543,98.3650396046307
2017-12-05,2017,12,December,28893,29095,29170,28865,50,-0.57,305,1.0566429932444137,-10.689004976662236,97.80312775032158
2017-12-06,2017,12,December,28972,28950,29039,28922,6380,0.27,117,0.40453633911900977,-10.44480850669222,98.07054363279399
2017-12-07,2017,12,December,28670,28932,28932,28653,7380,-1.04,279,0.973720029316302,-11.37831906278013,97.04827025929185
2017-12-08,2017,12,December,28588,28650,28650,28500,8420,-0.29,150,0.5263157894736842,-11.631788816419894,96.77069934330783
2017-12-11,2017,12,December,28429,28550,28573,28412,5920,-0.56,161,0.5666619738138814,-12.123272850916509,96.23248256719246
2017-12-12,2017,12,December,28318,28432,28475,28271,7580,-0.39,204,0.7215874924834637,-12.466384346697165,95.85674632726288
2017-12-13,2017,12,December,28377,28350,28445,28320,4660,0.21,125,0.4413841807909605,-12.284009767858798,96.05646198632456
2017-12-14,2017,12,December,28500,28434,28589,28421,6630,0.43,168,0.591112205763344,-11.903805137399152,96.4728183603006
2017-12-15,2017,12,December,28441,28474,28559,28395,5540,-0.21,164,0.5775664729705934,-12.08617971623752,96.27310270123891
2017-12-18,2017,12,December,28663,28492,28683,28470,6170,0.78,213,0.7481559536354057,-11.399956724676208,97.0245751810981
2017-12-19,2017,12,December,28555,28656,28680,28535,5950,-0.38,145,0.5081478885579113,-11.733794936787117,96.65899397468012
2017-12-20,2017,12,December,28617,28618,28658,28557,6070,0.22,101,0.3536786076968869,-11.542147074279002,96.8688646672534
2017-12-21,2017,12,December,28596,28645,28665,28542,5630,-0.07,123,0.43094387218835406,-11.607060059967235,96.79777943267213
2017-12-22,2017,12,December,28757,28560,28790,28560,6080,0.56,230,0.8053221288515405,-11.109393836357455,97.34276623112856
2017-12-26,2017,12,December,28924,28796,28933,28778,4330,0.58,155,0.538605879491278,-10.593181045408178,97.90806309660822
2017-12-27,2017,12,December,29092,28890,29110,28888,5160,0.58,222,0.7684851841595126,-10.07387715990232,98.4767449732584
2017-12-28,2017,12,December,29171,29150,29220,29099,5060,0.27,121,0.4158218495480944,-9.829680689932305,98.74416085573083
2017-12-29,2017,12,December,29372,29202,29400,29134,6930,0.69,266,0.9130225852955309,-9.208370684059226,99.42454810100874
2018-01-01,2018,1,January,29324,29332,29385,29275,1580,-0.16,110,0.37574722459436377,-9.356743222775185,99.26206756482297
2018-01-02,2018,1,January,29392,29332,29463,29332,1700,0.23,131,0.4466112096004364,-9.146548792927575,99.49224832441948
2018-01-03,2018,1,January,29481,29385,29492,29385,190,0.3,107,0.36413135953717884,-8.871441377391735,99.79351431859726
2018-01-04,2018,1,January,29472,29365,29475,29276,200,-0.03,199,0.6797376690804755,-8.899261228400977,99.76304921806242
2018-01-05,2018,1,January,29465,29500,29550,29440,190,-0.02,110,0.3736413043478261,-8.920898890297055,99.73935413986867
2018-01-08,2018,1,January,29270,29235,29290,29176,5900,-0.66,114,0.39073210858239654,-9.523662328830639,99.07927696161397
2018-01-09,2018,1,January,29173,29265,29278,29153,5420,-0.33,125,0.4287723390388639,-9.82349850081914,98.7509308780719
2018-01-10,2018,1,January,29343,29155,29444,29123,10830,0.58,321,1.1022216117845003,-9.298012426200117,99.32638277706316
2018-01-11,2018,1,January,29404,29338,29420,29315,5810,0.21,105,0.35817840695889475,-9.109455658248585,99.53286845846591
2018-01-12,2018,1,January,29553,29425,29590,29425,9230,0.51,165,0.5607476635514018,-8.648882569317795,100.0372351228759
2018-01-15,2018,1,January,29763,29590,29785,29590,6000,0.71,195,0.6590064210882054,-7.999752712435473,100.74808746868864
2018-01-16,2018,1,January,29830,29780,29860,29754,8690,0.23,106,0.356254621227398,-7.792649377144446,100.97488321711461
2018-01-17,2018,1,January,29761,29876,29884,29705,6830,-0.23,179,0.6025921562026595,-8.005934901548638,100.74131744634758
2018-01-18,2018,1,January,29644,29702,29702,29501,9530,-0.39,201,0.6813328361750449,-8.36759296466879,100.34527113939475
2018-01-19,2018,1,January,29743,29615,29775,29600,5950,0.33,175,0.5912162162162162,-8.061574603567124,100.6803872452779
2018-01-22,2018,1,January,29806,29701,29825,29701,5520,0.21,124,0.4174943604592438,-7.866835646502427,100.89364294902173
2018-01-23,2018,1,January,29876,29836,29924,29752,7020,0.23,172,0.578112395805324,-7.650459027541652,101.13059373095932
2018-01-24,2018,1,January,30244,29907,30290,29879,11080,1.23,411,1.3755480437765655,-6.512936230719298,102.37627784171688
2018-01-25,2018,1,January,30367,30310,30476,30185,9880,0.41,291,0.9640549942024185,-6.132731600259652,102.79263421569291
2018-01-29,2018,1,January,30074,30285,30285,30004,8630,-0.96,281,0.9365417944274097,-7.03842230533832,101.80082594272561
2018-01-30,2018,1,January,30052,30000,30197,29960,6810,-0.07,237,0.7910547396528704,-7.106426385583135,101.7263556969738
2018-01-31,2018,1,January,30064,30085,30172,29976,5480,0.04,196,0.6538564184681078,-7.069333250904145,101.76697583102023
2018-02-01,2018,2,February,30512,30125,30550,30050,1810,1.49,500,1.6638935108153077,-5.684522889555192,103.28346083542075
2018-02-02,2018,2,February,30399,30780,30817,30200,660,-0.37,617,2.043046357615894,-6.033816574449012,102.90095457315009
2018-02-05,2018,2,February,30286,30385,30498,30008,190,-0.37,490,1.6328978938949614,-6.383110259342834,102.51844831087942
2018-02-06,2018,2,February,30182,30320,30650,30160,12070,-0.34,490,1.6246684350132625,-6.704584093227411,102.1664071491436
2018-02-07,2018,2,February,29976,30219,30259,29950,8730,-0.68,309,1.0317195325542572,-7.341349571883404,101.46909484801301
2018-02-08,2018,2,February,30103,29905,30147,29783,11100,0.42,364,1.2221737232649499,-6.9487805631974275,101.89899126667119
2018-02-09,2018,2,February,29999,30060,30110,29889,9200,-0.35,221,0.7394024557529526,-7.270254397082007,101.54695010493535
2018-02-12,2018,2,February,30133,30102,30175,30017,6400,0.45,158,0.5263683912449613,-6.856047726499953,102.00054160178729
2018-02-13,2018,2,February,30195,30170,30221,30091,3530,0.21,130,0.4320228639792629,-6.664399863991839,102.21041229436057
2018-02-14,2018,2,February,30605,30220,30693,30066,12870,1.36,627,2.085412093394532,-5.39705109579302,103.59826687428068
2018-02-15,2018,2,February,30549,30612,30644,30501,7630,-0.18,143,0.46883708730861284,-5.570152390961639,103.40870624873062
2018-02-16,2018,2,February,30785,30600,30811,30600,8670,0.77,211,0.6895424836601307,-4.840654075608173,104.20756888497733
2018-02-19,2018,2,February,30715,30717,30777,30678,4030,-0.23,99,0.3227068257383141,-5.0570306945689465,103.97061810303974
2018-02-20,2018,2,February,30524,30668,30737,30505,9250,-0.62,232,0.7605310604818882,-5.647429754876201,103.32408096946719
2018-02-21,2018,2,February,30459,30500,30516,30371,7080,-0.21,145,0.47742912646932933,-5.848350901054063,103.1040552433823
2018-02-22,2018,2,February,30564,30450,30580,30380,6530,0.34,200,0.6583278472679395,-5.523785972612902,103.45948141628867
2018-02-23,2018,2,February,30492,30497,30508,30426,5140,-0.24,82,0.26950634325905476,-5.746344780686841,103.21576061201002
2018-02-26,2018,2,February,30518,30520,30620,30492,5840,0.09,128,0.41978223796405617,-5.6659763222156965,103.30377090244399
2018-02-27,2018,2,February,30306,30518,30597,30270,7860,-0.69,327,1.0802775024777007,-6.321288368211183,102.58614853429016
2018-02-28,2018,2,February,30423,30319,30475,30277,5120,0.39,198,0.6539617531459524,-5.959630305091033,102.98219484124299
2018-03-01,2018,3,March,30181,30307,30372,30111,1470,-0.8,261,0.8667928663943409,-6.707675187783995,102.16302213797306
2018-03-02,2018,3,March,30473,30445,30575,30400,150,0.97,175,0.575657894736842,-5.805075577261908,103.15144539976981
2018-03-05,2018,3,March,30429,30400,30535,30310,180,-0.14,225,0.7423292642692181,-5.941083737751538,103.00250490826619
2018-03-06,2018,3,March,30568,30400,30669,30365,10810,0.46,304,1.0011526428453812,-5.511421594386572,103.47302146097081
2018-03-07,2018,3,March,30461,30620,30639,30404,10100,-0.35,235,0.7729246151822129,-5.842168711940898,103.11082526572338
2018-03-08,2018,3,March,30436,30491,30533,30390,7750,-0.08,143,0.47054952286936497,-5.91944607585546,103.02619998645997
2018-03-09,2018,3,March,30408,30413,30474,30290,10960,-0.09,184,0.6074612083195774,-6.00599672343977,102.93141967368493
2018-03-12,2018,3,March,30340,30380,30432,30284,7370,-0.22,148,0.48870690793818516,-6.2161911532873795,102.70123891408842
2018-03-13,2018,3,March,30387,30350,30409,30222,10980,0.15,187,0.6187545496658063,-6.070909709128002,102.86033443910365
2018-03-14,2018,3,March,30413,30399,30545,30364,9560,0.09,181,0.5961006455012515,-5.990541250656857,102.9483447295376
2018-03-15,2018,3,March,30314,30456,30474,30288,8330,-0.33,186,0.6141045958795562,-6.296559611758523,102.61322862365445
2018-03-16,2018,3,March,30251,30275,30364,30184,10020,-0.21,180,0.596342433077127,-6.49129856882322,102.39997291991062
2018-03-19,2018,3,March,30432,30222,30453,30129,11620,0.6,324,1.0753758837000895,-5.93181045408179,103.01265994177781
2018-03-20,2018,3,March,30284,30393,30393,30220,9130,-0.49,173,0.57246856386499,-6.389292448455998,102.51167828853835
2018-03-21,2018,3,March,30464,30310,30539,30284,11320,0.59,255,0.8420287940826838,-5.832895428271151,103.12098029923497
2018-03-22,2018,3,March,30506,30522,30615,30472,11330,0.14,143,0.469283276450512,-5.703069456894686,103.26315076839754
2018-03-23,2018,3,March,30901,30550,30947,30550,13640,1.29,397,1.2995090016366613,-4.482087107044604,104.6002301807596
2018-03-26,2018,3,March,30889,30840,30915,30771,7330,-0.04,144,0.46797309154723604,-4.5191802417235944,104.55961004671315
2018-03-27,2018,3,March,30717,30871,30888,30685,9460,-0.56,203,0.6615610233012873,-5.050848505455782,103.97738812538083
2018-03-28,2018,3,March,30518,30732,30750,30490,8560,-0.65,260,0.8527386028205969,-5.6659763222156965,103.30377090244399
2018-03-29,2018,3,March,30426,30482,30578,30403,3200,-0.3,175,0.5756010919975002,-5.9503570214212855,102.99234987475458
2018-04-02,2018,4,April,30961,30580,31080,30510,1380,1.76,570,1.8682399213372665,-4.296621433649656,104.8033308509918
2018-04-03,2018,4,April,30625,30893,30893,30552,330,-1.09,341,1.1161298769311339,-5.3352292046613705,103.66596709769142
2018-04-04,2018,4,April,30886,30660,30972,30600,70,0.85,372,1.215686274509804,-4.528453525393342,104.54945501320154
2018-04-05,2018,4,April,30505,31500,31500,30450,60,-1.23,1050,3.4482758620689653,-5.706160551451269,103.259765757227
2018-04-06,2018,4,April,30605,30571,30650,30413,13420,0.33,237,0.7792720218327689,-5.39705109579302,103.59826687428068
2018-04-09,2018,4,April,30675,30600,30693,30556,7600,0.23,137,0.4483571148056028,-5.180674476832246,103.83521765621826
2018-04-10,2018,4,April,30798,30613,30819,30585,8760,0.4,234,0.7650809220205983,-4.800469846372601,104.25157403019429
2018-04-11,2018,4,April,31244,30820,31422,30820,18120,1.45,602,1.9532770927968852,-3.4218416741368123,105.76128901225374
2018-04-12,2018,4,April,30897,31176,31217,30857,13210,-1.11,360,1.1666720679262403,-4.494451485270934,104.58669013607744
2018-04-13,2018,4,April,31005,30922,31075,30770,9890,0.35,305,0.9912252193695157,-4.160613273160026,104.95227134249544
2018-04-16,2018,4,April,31167,31055,31227,31050,8090,0.52,177,0.5700483091787439,-3.6598559549936636,105.5006431521224
2018-04-17,2018,4,April,31257,31139,31280,31089,9190,0.29,191,0.6143652095596513,-3.38165744490124,105.80529415747073
2018-04-18,2018,4,April,31410,31243,31483,31177,9900,0.49,306,0.9814927671039548,-2.908719977744119,106.32320086656286
2018-04-19,2018,4,April,31479,31449,31517,31305,8780,0.22,212,0.677208113719853,-2.695434453339928,106.55676663732991
2018-04-20,2018,4,April,31314,31405,31440,31285,6020,-0.52,155,0.4954451014863353,-3.2054650551760377,105.99823979419132
2018-04-23,2018,4,April,31164,31300,31300,31110,6670,-0.48,190,0.6107360977177756,-3.6691292386634107,105.4904881186108
2018-04-24,2018,4,April,31262,31160,31280,31068,6350,0.31,212,0.6823741470323161,-3.3662019721183274,105.8222192133234
2018-04-25,2018,4,April,31301,31298,31324,31215,6170,0.12,109,0.34919109402530835,-3.24564928441161,105.95423464897434
2018-04-26,2018,4,April,31158,31251,31276,31112,6270,-0.46,164,0.5271277963486758,-3.6876758060029053,105.47017805158757
2018-04-27,2018,4,April,31129,31101,31189,31047,6100,-0.09,142,0.45737108255225944,-3.777317548143798,105.372012727642
2018-04-30,2018,4,April,30947,31090,31090,30892,6380,-0.58,198,0.6409426388709051,-4.33989675744181,104.7559406946043
2018-05-01,2018,5,May,30874,30855,30917,30735,860,-0.24,182,0.592158776639011,-4.565546660072331,104.5088348791551
2018-05-02,2018,5,May,30926,31020,31350,30860,500,0.17,490,1.587815942968244,-4.404809743130042,104.68485546002302
2018-05-03,2018,5,May,31003,30925,31146,30861,210,0.25,285,0.9234956741518422,-4.166795462273191,104.94550132015436
2018-05-04,2018,5,May,31068,30907,31154,30907,130,0.21,247,0.7991717086744103,-3.9658743160953294,105.16552704623925
2018-05-07,2018,5,May,31247,31125,31300,31125,6160,0.58,175,0.5622489959839357,-3.4125683904670643,105.77144404576535
2018-05-08,2018,5,May,31200,31220,31238,31075,8690,-0.15,163,0.5245374094931617,-3.5578498346264413,105.61234852075012
2018-05-09,2018,5,May,31303,31219,31364,31156,9930,0.33,208,0.6676081653614071,-3.239467095298445,105.96100467131542
2018-05-10,2018,5,May,31352,31338,31470,31231,10730,0.16,239,0.765265281291025,-3.0880034620259034,106.12687021867173
2018-05-11,2018,5,May,31500,31340,31545,31340,8840,0.47,205,0.6541161455009573,-2.6305214676516955,106.62785187191118
2018-05-14,2018,5,May,31496,31450,31544,31380,7900,-0.01,164,0.5226258763543659,-2.642885845878025,106.61431182722903
2018-05-15,2018,5,May,31186,31425,31499,31172,14510,-0.98,327,1.0490183498011034,-3.6011251584185957,105.5649583643626
2018-05-16,2018,5,May,31007,31171,31171,30941,10730,-0.57,230,0.7433502472447562,-4.154431084046861,104.95904136483651
2018-05-17,2018,5,May,30986,31001,31001,30852,8540,-0.07,149,0.4829508621807338,-4.219344069735094,104.88795613025523
2018-05-18,2018,5,May,31093,30971,31115,30950,7380,0.35,165,0.5331179321486268,-3.8885969521807673,105.25015232550268
2018-05-21,2018,5,May,31114,31035,31139,30925,8029,0.07,214,0.6919967663702506,-3.8236839664925353,105.32123756008396
2018-05-22,2018,5,May,31111,31025,31173,31005,7330,-0.01,168,0.5418480890179003,-3.8329572501622824,105.31108252657233
2018-05-23,2018,5,May,31186,31121,31369,31103,11980,0.24,266,0.8552229688454489,-3.6011251584185957,105.5649583643626
2018-05-24,2018,5,May,31461,31241,31486,31235,11060,0.88,251,0.8035857211461501,-2.7510741553584124,106.49583643626023
2018-05-25,2018,5,May,31194,31370,31427,31172,10050,-0.85,255,0.8180418324137045,-3.576396401965936,105.59203845372689
2018-05-28,2018,5,May,30971,31150,31150,30885,6810,-0.71,265,0.8580216933786627,-4.265710488083831,104.83718096269719
2018-05-29,2018,5,May,31184,31020,31320,31020,12380,0.69,300,0.9671179883945842,-3.6073073475317607,105.55818834202154
2018-05-30,2018,5,May,31030,31120,31123,30937,9140,-0.49,186,0.6012218379286939,-4.083335909245464,105.03689662175886
2018-05-31,2018,5,May,30882,31050,31120,30837,6070,-0.48,283,0.9177287025326717,-4.540817903619672,104.53591496851939
2018-06-01,2018,6,June,30568,30796,30839,30458,2070,-1.02,381,1.2509028826580866,-5.511421594386572,103.47302146097081
2018-06-04,2018,6,June,30708,30650,30812,30580,340,0.46,232,0.7586657946370177,-5.078668356465024,103.94692302484599
2018-06-05,2018,6,June,30699,30673,30935,30656,80,-0.03,279,0.9100991649269311,-5.106488207474267,103.91645792431115
2018-06-06,2018,6,June,30755,30876,30913,30720,6330,0.18,193,0.6282552083333334,-4.9333869123056475,104.10601854986122
2018-06-07,2018,6,June,31055,30820,31075,30789,8210,0.98,286,0.9289031797070382,-4.006058545330902,105.12152190102226
2018-06-08,2018,6,June,31076,31011,31196,30950,8180,0.07,246,0.7948303715670436,-3.9411455596426697,105.19260713560354
2018-06-11,2018,6,June,31035,31070,31083,30920,7520,-0.13,163,0.5271668822768434,-4.067880436462552,105.05382167761152
2018-06-12,2018,6,June,30952,31001,31001,30873,6950,-0.27,128,0.4146017555793088,-4.3244412846588975,104.77286575045697
2018-06-13,2018,6,June,30952,30936,30994,30920,3910,0.0,74,0.23932729624838292,-4.3244412846588975,104.77286575045697
2018-06-14,2018,6,June,31145,30973,31178,30973,8590,0.62,205,0.6618667872017564,-3.7278600352384776,105.4261729063706
2018-06-15,2018,6,June,30804,31180,31195,30755,11170,-1.09,440,1.430661681027475,-4.781923279033105,104.27188409721752
2018-06-18,2018,6,June,30773,30799,30836,30721,4810,-0.1,115,0.3743367728915074,-4.877747210287163,104.16694875093089
2018-06-19,2018,6,June,30702,30848,30899,30673,7270,-0.23,226,0.7368043556222085,-5.097214923804519,103.92661295782275
2018-06-20,2018,6,June,30605,30680,30702,30580,4930,-0.32,122,0.39895356442119034,-5.39705109579302,103.59826687428068
2018-06-21,2018,6,June,30451,30575,30575,30367,6940,-0.5,208,0.6849540619751704,-5.8730796575067234,103.07697515401802
2018-06-22,2018,6,June,30498,30410,30554,30387,6810,0.15,167,0.5495771217955047,-5.727798213347346,103.23607067903325
2018-06-25,2018,6,June,30540,30500,30648,30500,4980,0.14,148,0.4852459016393443,-5.597972241970882,103.37824114819578
2018-06-26,2018,6,June,30480,30512,30574,30335,6410,-0.2,239,0.7878687984176693,-5.783437915365831,103.17514047796357
2018-06-27,2018,6,June,30606,30466,30631,30435,6000,0.41,196,0.6439954000328569,-5.3939600012364375,103.60165188545123
2018-06-28,2018,6,June,30431,30588,30604,30408,4320,-0.57,196,0.6445672191528545,-5.934901548638373,103.00927493060728
2018-06-29,2018,6,June,30363,30404,30449,30288,5610,-0.22,161,0.5315636555731643,-6.1450959784859815,102.77909417101077
2018-07-02,2018,7,July,30153,30380,30412,30000,2260,-0.69,412,1.3733333333333333,-6.794225835368303,102.06824182519803
2018-07-03,2018,7,July,30469,30185,30600,30100,190,1.05,500,1.6611295681063125,-5.817439955488238,103.13790535508767
2018-07-04,2018,7,July,30510,30463,30550,30463,40,0.13,87,0.28559235794242194,-5.690705078668357,103.27669081307968
2018-07-05,2018,7,July,30541,30600,30640,30495,20,0.1,145,0.47548778488276766,-5.594881147414299,103.38162615936632
2018-07-06,2018,7,July,30582,30650,30740,30570,4840,0.13,170,0.5561007523716062,-5.468146270594418,103.52041161735835
2018-07-09,2018,7,July,30638,30613,30788,30613,7260,0.18,175,0.5716525659033743,-5.295044975425799,103.7099722429084
2018-07-10,2018,7,July,30551,30663,30679,30436,7520,-0.28,243,0.798396635563149,-5.563970201848475,103.41547627107171
2018-07-11,2018,7,July,30344,30502,30545,30325,6020,-0.68,220,0.7254740313272877,-6.203826775061049,102.71477895877057
2018-07-12,2018,7,July,30175,30315,30315,30161,7750,-0.56,154,0.5105931500944929,-6.726221755123489,102.14271207094983
2018-07-13,2018,7,July,30131,30169,30210,30035,7170,-0.15,175,0.582653570834027,-6.862229915613119,101.9937715794462
2018-07-16,2018,7,July,30103,30151,30248,30074,5560,-0.09,174,0.5785728536277183,-6.9487805631974275,101.89899126667119
2018-07-17,2018,7,July,29757,30102,30120,29740,9280,-1.15,380,1.277740416946873,-8.018299279774968,100.72777740166543
2018-07-18,2018,7,July,29799,29999,29999,29671,7920,0.14,328,1.1054565063530046,-7.888473308398504,100.86994787082797
2018-07-19,2018,7,July,29913,29671,29968,29624,8400,0.38,344,1.1612206319200649,-7.536088528948101,101.25583914426916
2018-07-20,2018,7,July,29957,29788,29977,29767,7070,0.15,210,0.7054792219572009,-7.400080368458471,101.4047796357728
2018-07-23,2018,7,July,29914,29922,30043,29862,7100,-0.14,181,0.6061214921974416,-7.532997434391518,101.25922415543971
2018-07-24,2018,7,July,29912,29860,29978,29780,7690,-0.01,198,0.6648757555406313,-7.539179623504682,101.25245413309865
2018-07-25,2018,7,July,29959,29867,30035,29835,7580,0.16,200,0.6703536115300821,-7.393898179345307,101.41154965811387
2018-07-26,2018,7,July,29836,29912,29952,29816,5770,-0.41,136,0.45613093640998126,-7.774102809804952,100.99519328413784
2018-07-27,2018,7,July,29805,29960,29960,29682,7530,-0.1,278,0.9365945690991173,-7.869926741059009,100.8902579378512
2018-07-30,2018,7,July,29755,29726,29782,29700,4900,-0.17,82,0.27609427609427606,-8.024481468888133,100.72100737932435
2018-07-31,2018,7,July,29638,29730,29740,29561,6630,-0.39,179,0.6055275531950881,-8.386139532008285,100.32496107237154
2018-08-01,2018,8,August,29462,29591,29670,29441,2140,-0.59,229,0.7778268401209198,-8.930172173966803,99.72919910635704
2018-08-02,2018,8,August,29520,29532,29638,29477,920,0.2,161,0.5461885537876989,-8.750888689685016,99.92552975424819
2018-08-03,2018,8,August,29800,29520,29900,29425,110,0.95,475,1.6142735768903995,-7.885382213841921,100.87333288199851
2018-08-06,2018,8,August,29563,29656,29656,29538,4019,-0.8,118,0.39948540862617643,-8.61797162375197,100.07108523458128
2018-08-07,2018,8,August,29534,29604,29668,29520,5980,-0.1,148,0.5013550135501356,-8.707613365892861,99.97291991063571
2018-08-08,2018,8,August,29544,29560,29630,29500,6450,0.03,130,0.4406779661016949,-8.676702420327038,100.00677002234106
2018-08-09,2018,8,August,29605,29565,29665,29529,5580,0.21,136,0.4605641911341394,-8.488145652375506,100.21325570374383
2018-08-10,2018,8,August,29706,29625,29744,29540,7310,0.34,204,0.6905890318212593,-8.175945102160675,100.55514183196806
2018-08-13,2018,8,August,29665,29750,29836,29644,7720,-0.14,192,0.6476858723519093,-8.302679978980557,100.41635637397603
2018-08-14,2018,8,August,29664,29665,29740,29575,4990,0.0,165,0.5579036348267117,-8.305771073537139,100.4129713628055
2018-08-16,2018,8,August,29275,29615,29615,29222,10270,-1.31,393,1.3448771473547327,-9.508206856047726,99.09620201746667
2018-08-17,2018,8,August,29275,29291,29375,29184,6000,0.0,191,0.654468201754386,-9.508206856047726,99.09620201746667
2018-08-20,2018,8,August,29435,29388,29459,29350,5660,0.55,109,0.37137989778534924,-9.013631726994529,99.63780380475255
2018-08-21,2018,8,August,29542,29460,29565,29436,6270,0.36,129,0.43823889115368936,-8.682884609440203,100.0
2018-08-22,2018,8,August,29627,29450,29733,29450,4610,0.29,283,0.9609507640067911,-8.420141572130692,100.28772594949564
2018-08-23,2018,8,August,29576,29666,29666,29490,5980,-0.17,176,0.596812478806375,-8.577787394516397,100.11509037979825
2018-08-24,2018,8,August,29882,29550,29900,29550,9030,1.03,350,1.1844331641285957,-7.631912460202157,101.15090379798252
2018-08-27,2018,8,August,29973,29930,30045,29863,6670,0.3,182,0.6094498208485417,-7.350622855553151,101.45893981450138
2018-08-28,2018,8,August,29981,30015,30170,29951,6780,0.03,219,0.7311942839971954,-7.325894099100491,101.48601990386568
2018-08-29,2018,8,August,30144,29977,30168,29977,6080,0.54,191,0.6371551522834173,-6.822045686377547,102.03777672466319
2018-08-30,2018,8,August,30131,30110,30269,30082,6310,-0.04,187,0.6216341998537331,-6.862229915613119,101.9937715794462
2018-08-31,2018,8,August,30116,30224,30298,30055,5780,-0.05,243,0.8085177175178839,-6.908596333961856,101.94299641188816
2018-09-03,2018,9,September,30327,30075,30448,30062,1440,0.7,386,1.2840130397179164,-6.256375382522951,102.65723376887144
2018-09-04,2018,9,September,30221,30238,30300,30154,170,-0.35,146,0.48418120315712676,-6.584031405520695,102.29842258479454
2018-09-05,2018,9,September,30310,30257,30494,30250,50,0.29,244,0.806611570247934,-6.308923989984853,102.5996885789723
2018-09-06,2018,9,September,30565,30366,30693,30366,14800,0.84,327,1.0768622801817822,-5.52069487805632,103.4628664274592
2018-09-07,2018,9,September,30509,30643,30643,30405,9440,-0.18,238,0.7827659924354546,-5.693796173224939,103.27330580190915
2018-09-10,2018,9,September,30725,30549,30748,30526,11420,0.71,222,0.7272489025748542,-5.026119749003122,104.00446821474512
2018-09-11,2018,9,September,30732,30660,30744,30559,11400,0.02,185,0.6053863019077849,-5.004482087107045,104.02816329293887
2018-09-12,2018,9,September,30664,30682,30779,30443,15880,-0.22,336,1.1037020004598759,-5.214676516954653,103.79798253334236
2018-09-13,2018,9,September,30470,30576,30690,30450,6630,-0.63,240,0.7881773399014778,-5.814348860931656,103.1412903662582
2018-09-14,2018,9,September,30453,30501,30648,30401,11820,-0.06,247,0.8124732739054636,-5.866897468393558,103.08374517635907
2018-09-17,2018,9,September,30778,30509,30800,30509,13770,1.07,291,0.9538169064866104,-4.8622917375042505,104.18387380678355
2018-09-18,2018,9,September,30811,30710,30925,30652,11960,0.11,273,0.8906433511679499,-4.760285617137028,104.29557917541128
2018-09-19,2018,9,September,30649,30821,30936,30634,13100,-0.53,302,0.9858327348697525,-5.261042935303391,103.7472073657843
2018-09-20,2018,9,September,30623,30700,30700,30585,3970,-0.08,115,0.3760013078306359,-5.3414113937745356,103.65919707535033
2018-09-21,2018,9,September,30609,30731,30910,30455,15510,-0.05,455,1.4940075521260876,-5.384686717566691,103.61180691896283
2018-09-24,2018,9,September,30862,30620,30899,30620,10490,0.83,279,0.9111691704768126,-4.602639794751322,104.46821474510865
2018-09-25,2018,9,September,30838,30821,30864,30755,7690,-0.08,109,0.3544139164363518,-4.676826064109301,104.38697447701577
2018-09-26,2018,9,September,30608,30824,30830,30587,9120,-0.75,243,0.7944551606891818,-5.3877778121232724,103.60842190779229
2018-09-27,2018,9,September,30356,30738,30738,30321,10280,-0.82,417,1.3752844563174038,-6.166733640382059,102.75539909281702
2018-09-28,2018,9,September,30479,30398,30520,30264,8850,0.41,256,0.8458895056833201,-5.786529009922414,103.17175546679304
2018-10-01,2018,10,October,30614,30399,30660,30376,2220,0.44,284,0.9349486436660521,-5.369231244783778,103.62873197481552
2018-10-03,2018,10,October,31025,30890,31168,30889,190,1.34,279,0.9032341610281978,-4.098791382028376,105.01997156590616
2018-10-04,2018,10,October,31136,31072,31164,31015,40,0.36,149,0.4804127035305497,-3.7556798862477203,105.39570780583576
2018-10-05,2018,10,October,31233,31101,31288,30985,70,0.31,303,0.9778925286428918,-3.455843714259219,105.72405388937784
2018-10-08,2018,10,October,31096,31369,31389,31083,9960,-0.44,306,0.9844609593668565,-3.87932366851102,105.26030735901428
2018-10-09,2018,10,October,31161,31200,31275,31115,7310,0.21,160,0.5142214366061385,-3.6784025223331582,105.48033308509919
2018-10-10,2018,10,October,31247,31235,31265,31151,6580,0.28,114,0.36595935925010437,-3.4125683904670643,105.77144404576535
2018-10-11,2018,10,October,31793,31300,31815,31250,17380,1.75,565,1.8079999999999998,-1.724830762573027,107.61966014487847
2018-10-12,2018,10,October,31670,31699,31720,31574,10610,-0.39,146,0.46240577690504847,-2.105035393032673,107.20330377090244
2018-10-15,2018,10,October,31877,31723,32075,31723,14310,0.65,352,1.1096050184408788,-1.4651788198200983,107.90400108320357
2018-10-16,2018,10,October,31701,31877,31957,31680,10710,-0.55,277,0.874368686868687,-2.009211461778616,107.3082391171891
2018-10-17,2018,10,October,31702,31670,31839,31635,8630,0.0,204,0.644855381697487,-2.0061203672220334,107.31162412835961
2018-10-18,2018,10,October,31885,31670,31909,31638,5540,0.58,271,0.8565648903217651,-1.4404500633674384,107.93108117256787
2018-10-19,2018,10,October,31737,31805,31867,31703,7590,-0.46,164,0.5173012017790114,-1.8979320577416463,107.43009951932841
2018-10-22,2018,10,October,31729,31738,31749,31641,6730,-0.03,108,0.3413292879491798,-1.922660814194306,107.4030194299641
2018-10-23,2018,10,October,31871,31721,32053,31721,13470,0.45,332,1.0466252640206803,-1.4837253871595932,107.88369101618036
2018-10-24,2018,10,October,31723,31820,31844,31585,9820,-0.46,259,0.8200094981795155,-1.9412073815338011,107.3827093629409
2018-10-25,2018,10,October,31683,31800,31912,31663,9540,-0.13,249,0.7864068471086125,-2.0648511637971008,107.24730891611942
2018-10-26,2018,10,October,31764,31779,31993,31725,13310,0.26,268,0.8447596532702917,-1.8144725047139192,107.52149482093292
2018-10-29,2018,10,October,31730,31847,31847,31692,6670,-0.11,155,0.48908241827590554,-1.919569719637724,107.40640444113465
2018-10-30,2018,10,October,31725,31755,31789,31651,5960,-0.02,138,0.43600518151085277,-1.9350251924206363,107.38947938528196
2018-10-31,2018,10,October,31631,31650,31780,31590,5670,-0.3,190,0.6014561570117125,-2.2255880807393895,107.0712883352515
2018-11-01,2018,11,November,31783,31671,31818,31619,1580,0.48,199,0.6293684177235206,-1.755741708138852,107.58581003317312
2018-11-02,2018,11,November,31737,31737,31999,31530,540,-0.14,469,1.4874722486520773,-1.8979320577416463,107.43009951932841
2018-11-05,2018,11,November,31783,31785,31898,31630,180,0.14,268,0.8472968700600696,-1.755741708138852,107.58581003317312
2018-11-06,2018,11,November,31657,31718,31869,31641,9160,-0.4,228,0.7205840523371575,-2.1452196222682454,107.15929862568547
2018-11-07,2018,11,November,31602,31660,31678,31530,1800,-0.17,148,0.46939422771963213,-2.3152298228802817,106.97312301130594
2018-11-08,2018,11,November,31408,31551,31551,31234,6110,-0.61,317,1.0149196388550938,-2.914902166857284,106.31643084422177
2018-11-09,2018,11,November,31023,31302,31383,30965,10710,-1.23,418,1.3499111900532859,-4.104973571141541,105.0132015435651
2018-11-12,2018,11,November,31014,31106,31178,30975,7770,-0.03,203,0.6553672316384181,-4.132793422150784,104.98273644303026
2018-11-13,2018,11,November,30778,31110,31110,30756,8280,-0.76,354,1.1509949278189622,-4.8622917375042505,104.18387380678355
2018-11-14,2018,11,November,30838,30700,30867,30620,7550,0.19,247,0.806662312214239,-4.676826064109301,104.38697447701577
2018-11-15,2018,11,November,30831,30830,30939,30753,8710,-0.02,186,0.6048190420446786,-4.698463726005379,104.36327939882202
2018-11-16,2018,11,November,31017,30856,31158,30830,10100,0.6,328,1.0638987998702563,-4.1235201384810365,104.99289147654187
2018-11-19,2018,11,November,30888,31068,31068,30785,8150,-0.42,283,0.9192788695793406,-4.522271336280177,104.55622503554262
2018-11-20,2018,11,November,30830,30811,30994,30800,8350,-0.19,194,0.6298701298701298,-4.701554820561961,104.35989438765148
2018-11-21,2018,11,November,30839,30800,30910,30750,7740,0.03,160,0.5203252032520325,-4.673734969552719,104.3903594881863
2018-11-22,2018,11,November,30613,30852,30899,30555,9810,-0.73,344,1.1258386516118475,-5.37232233934036,103.62534696364499
2018-11-23,2018,11,November,30513,30551,30566,30427,4660,-0.33,139,0.4568311039537253,-5.681431794998609,103.28684584659129
2018-11-26,2018,11,November,30574,30472,30672,30470,7680,0.2,202,0.6629471611421069,-5.492875027047077,103.49333152799404
2018-11-27,2018,11,November,30423,30585,30648,30389,7860,-0.49,259,0.8522820757510942,-5.959630305091033,102.98219484124299
2018-11-28,2018,11,November,30457,30400,30593,30270,8400,0.11,323,1.0670630987776677,-5.854533090167228,103.09728522104122
2018-11-29,2018,11,November,30253,30399,30399,30210,6690,-0.67,189,0.6256206554121152,-6.485116379710056,102.40674294225171
2018-11-30,2018,11,November,30186,30233,30320,30155,7630,-0.22,165,0.5471729398109766,-6.692219715001081,102.17994719382575
2018-12-03,2018,12,December,30787,30322,30850,30257,1600,1.99,593,1.9598770532438774,-4.834471886495008,104.21433890731839
2018-12-04,2018,12,December,30964,30874,31085,30874,80,0.57,211,0.6834229448727084,-4.287348149979908,104.81348588450341
2018-12-05,2018,12,December,30926,30830,30970,30825,40,-0.12,145,0.47039740470397406,-4.404809743130042,104.68485546002302
2018-12-06,2018,12,December,31005,31039,31196,30974,10550,0.26,222,0.7167301607800091,-4.160613273160026,104.95227134249544
2018-12-07,2018,12,December,31440,31011,31480,30941,11240,1.4,539,1.7420251446301025,-2.8159871410466444,106.42475120167896
2018-12-10,2018,12,December,31895,31459,31966,31420,14090,1.45,546,1.7377466581795034,-1.4095391178016135,107.96493128427325
2018-12-11,2018,12,December,31812,31850,31850,31618,10530,-0.26,232,0.7337592510595231,-1.6660999659979598,107.68397535711868
2018-12-12,2018,12,December,31626,31749,31749,31582,7570,-0.58,167,0.5287822177189538,-2.241043553522302,107.05436327939881
2018-12-13,2018,12,December,31414,31550,31600,31337,8430,-0.67,263,0.8392634904426077,-2.8963555995177894,106.33674091124502
2018-12-14,2018,12,December,31437,31440,31514,31384,6750,0.07,130,0.4142238083099669,-2.8252604247163924,106.41459616816735
2018-12-17,2018,12,December,31501,31369,31530,31291,5970,0.2,239,0.7637978971589274,-2.627430373095113,106.63123688308171
2018-12-18,2018,12,December,31075,31589,31650,31041,10180,-1.35,609,1.961921329854064,-3.944236654199252,105.189222124433
2018-12-19,2018,12,December,31139,31167,31500,30967,8760,0.21,533,1.721187070106888,-3.7464066025779728,105.40586283934736
2018-12-20,2018,12,December,31219,31027,31250,30914,12970,0.26,336,1.086886200426991,-3.499119038051374,105.67666373299032
2018-12-21,2018,12,December,31126,31115,31292,31075,9910,-0.3,217,0.6983105390185036,-3.786590831813545,105.3618576941304
2018-12-24,2018,12,December,31375,31300,31395,31177,8570,0.8,218,0.6992334092439939,-3.016908287224506,106.20472547559407
2018-12-26,2018,12,December,31463,31430,31643,31400,10030,0.28,243,0.7738853503184713,-2.7448919662452473,106.50260645860132
2018-12-27,2018,12,December,31611,31499,31647,31426,8010,0.47,221,0.7032393559473047,-2.2874099718710394,107.00358811184077
2018-12-28,2018,12,December,31506,31576,31629,31462,6640,-0.33,167,0.5307990591825059,-2.6119749003122004,106.64816193893441
2018-12-31,2018,12,December,31489,31452,31583,31284,6600,-0.05,299,0.9557601329753229,-2.6645235077741027,106.59061674903528
2019-01-01,2019,1,January,31560,31550,31651,31410,680,0.23,241,0.7672715695638331,-2.445055794256746,106.8309525421434
2019-01-02,2019,1,January,31934,31530,32500,31510,400,1.19,990,3.1418597270707713,-1.2889864300948966,108.09694671992418
2019-01-03,2019,1,January,31939,32000,32045,31836,170,0.02,209,0.6564895087322528,-1.2735309573119842,108.11387177577687
2019-01-04,2019,1,January,31679,32686,32686,31460,60,-0.81,1226,3.8970120788302607,-2.0772155420234304,107.23376887143728
2019-01-07,2019,1,January,31652,31536,31748,31456,12800,-0.09,292,0.9282807731434384,-2.1606750950511575,107.14237356983278
2019-01-08,2019,1,January,31736,31616,31758,31572,10840,0.27,186,0.589129608513873,-1.9010231522982288,107.42671450815789
2019-01-09,2019,1,January,31993,31685,32016,31639,14630,0.81,377,1.1915673693858846,-1.10661185125653,108.29666237898586
2019-01-10,2019,1,January,31878,32090,32119,31855,13330,-0.36,264,0.828755297441532,-1.4620877252635158,107.90738609437412
2019-01-11,2019,1,January,31924,31907,32065,31888,10560,0.14,177,0.5550677370797792,-1.3198973756607215,108.0630966082188
2019-01-14,2019,1,January,32130,32050,32194,31963,13650,0.65,231,0.72271063417076,-0.6831318970047293,108.7604089093494
2019-01-15,2019,1,January,32169,32066,32273,32064,12590,0.12,209,0.6518213572854291,-0.5625792092980124,108.89242434500035
2019-01-16,2019,1,January,32272,32148,32299,32103,11360,0.32,196,0.6105348409805937,-0.24419646997001637,109.24108049556564
2019-01-17,2019,1,January,32253,32300,32363,32190,12920,-0.06,173,0.5374339857098478,-0.3029272665450836,109.17676528332542
2019-01-18,2019,1,January,32089,32295,32305,32052,12630,-0.51,253,0.7893423187320604,-0.8098667738246113,108.6216234513574
2019-01-21,2019,1,January,32039,32052,32184,31985,8900,-0.16,199,0.6221666406127873,-0.9644215016537356,108.45237289283054
2019-01-22,2019,1,January,32154,32030,32189,31949,12040,0.36,240,0.7511972205702839,-0.6089456276467498,108.84164917744228
2019-01-23,2019,1,January,32135,32105,32199,32060,10910,-0.06,139,0.43356207111665623,-0.6676764242218169,108.77733396520209
2019-01-24,2019,1,January,32016,32100,32147,31986,9550,-0.37,161,0.5033452135309198,-1.0355166764551327,108.37451763590819
2019-01-25,2019,1,January,32339,32057,32367,32019,13030,1.01,348,1.08685468003373,-0.03709313467898983,109.46787624399161
2019-01-28,2019,1,January,32536,32383,32570,32383,10900,0.61,187,0.5774634839267517,0.0,110.13472344458737
2019-01-29,2019,1,January,32891,32570,32967,32530,13050,1.09,437,1.3433753458346143,0.0,111.33640241012795
2019-01-30,2019,1,January,32903,32900,32975,32807,9820,0.04,168,0.512085835340019,0.0,111.37702254417438
2019-01-31,2019,1,January,33100,32937,33245,32903,10390,0.6,342,1.0394188979728292,0.0,112.04386974477016
2019-02-01,2019,2,February,33405,33119,33500,32997,3120,0.92,503,1.5243810043337274,0.0,113.0762981517839
2019-02-04,2019,2,February,33455,34247,34400,33285,420,0.15,1115,3.3498572930749586,0.0,113.24554871031074
2019-02-05,2019,2,February,33381,33549,33549,33250,130,-0.22,299,0.8992481203007519,-0.2211926468390375,112.99505788369102
2019-02-06,2019,2,February,33222,33199,33378,33175,7270,-0.48,203,0.611906556141673,-0.6964579285607533,112.45684110757566
2019-02-07,2019,2,February,33056,33169,33200,32951,10600,-0.5,249,0.7556675062972292,-1.1926468390375131,111.89492925326654
2019-02-08,2019,2,February,33125,33000,33142,32910,9430,0.21,232,0.70495290185354,-0.9863996413092213,112.12849502403357
2019-02-11,2019,2,February,32931,33060,33082,32811,11150,-0.59,271,0.8259425192770717,-1.5662830668061574,111.47180285694942
2019-02-12,2019,2,February,32747,32915,32945,32721,9360,-0.56,224,0.684575654778277,-2.116275594081602,110.84896080157066
2019-02-13,2019,2,February,32909,32727,33028,32680,10850,0.49,348,1.0648714810281517,-1.632043042893439,111.39733261119761
2019-02-14,2019,2,February,32970,32862,33000,32765,11450,0.19,235,0.7172287501907524,-1.4497085637423404,111.60381829260038
2019-02-15,2019,2,February,33263,32992,33280,32992,11790,0.89,288,0.8729388942774006,-0.5739052458526379,112.59562656556767
2019-02-18,2019,2,February,33463,33333,33484,33333,8880,0.6,151,0.45300453004530045,0.0,113.27262879967503
2019-02-19,2019,2,February,33753,33499,33797,33434,11910,0.87,363,1.085721122210923,0.0,114.25428203913073
2019-02-20,2019,2,February,33719,33800,33877,33680,9090,-0.1,197,0.584916864608076,-0.10073178680413593,114.13919165933248
2019-02-21,2019,2,February,33302,33630,33658,33265,14500,-1.24,393,1.1814219149255976,-1.3361775249607442,112.72764200121861
2019-02-22,2019,2,February,33369,33302,33413,33190,9550,0.2,223,0.6718891232298885,-1.1376766509643588,112.95443774964457
2019-02-25,2019,2,February,33159,33385,33398,33130,8440,-0.63,268,0.8089345004527619,-1.7598435694604926,112.24358540383183
2019-02-26,2019,2,February,33228,33225,33450,33205,9010,0.21,245,0.7378406866435778,-1.5554172962403343,112.47715117459887
2019-02-27,2019,2,February,33171,33300,33466,33138,9400,-0.17,328,0.9898002293439555,-1.7242911741178562,112.28420553787828
2019-02-28,2019,2,February,32902,33189,33260,32877,8130,-0.81,383,1.164948140037108,-2.5212573697152845,111.37363753300387
2019-03-01,2019,3,March,32533,32857,32953,31915,1560,-1.12,1038,3.252389158702804,-3.614493526501348,110.12456841107576
2019-03-04,2019,3,March,32505,32394,32601,32315,150,-0.09,286,0.8850379080922172,-3.697449115634166,110.02978809830073
2019-03-05,2019,3,March,32015,33435,33440,32000,240,-1.51,1440,4.5,-5.149171925458478,108.37113262473765
2019-03-06,2019,3,March,31954,32136,32300,31885,16710,-0.19,415,1.301552454132037,-5.329896601783545,108.16464694333492
2019-03-07,2019,3,March,31946,31959,31980,31800,14750,-0.03,180,0.5660377358490566,-5.353598198678636,108.13756685397063
2019-03-08,2019,3,March,32174,31980,32235,31955,16620,0.71,280,0.8762322015334063,-4.678102687168548,108.90934940085302
2019-03-11,2019,3,March,31915,32214,32214,31897,12410,-0.8,317,0.9938238705834405,-5.445441886647113,108.03263150768399
2019-03-12,2019,3,March,32015,31906,32056,31885,12060,0.31,171,0.5363023365218755,-5.149171925458478,108.37113262473765
2019-03-13,2019,3,March,32225,32088,32330,32088,13820,0.66,242,0.7541760159561207,-4.5270050069623435,109.0819849705504
2019-03-14,2019,3,March,31832,32274,32274,31813,17210,-1.22,461,1.4490931380253356,-5.69134595443368,107.75167558052942
2019-03-15,2019,3,March,31853,31895,31960,31768,13200,0.07,192,0.6043817678166709,-5.629129262584066,107.82276081511068
2019-03-18,2019,3,March,31685,31800,31815,31590,12270,-0.53,225,0.7122507122507122,-6.126862797380974,107.25407893846051
2019-03-19,2019,3,March,31985,31750,32017,31691,14670,0.95,326,1.0286832223659714,-5.238052913815068,108.26958228962155
2019-03-20,2019,3,March,31740,31961,31961,31704,14380,-0.77,257,0.810623265203129,-5.963914318727224,107.44025455284003
2019-03-21,2019,3,March,31842,31899,32064,31806,9410,0.32,258,0.8111677042067534,-5.661718958314816,107.78552569223478
2019-03-22,2019,3,March,32155,31869,32184,31748,19210,0.98,436,1.3733148544790221,-4.734393979794389,108.84503418861283
2019-03-25,2019,3,March,32223,32199,32245,32083,14020,0.21,162,0.504940311068167,-4.532930406186117,109.07521494820934
2019-03-26,2019,3,March,32113,32200,32200,32031,13040,-0.34,169,0.5276138740595049,-4.858827363493615,108.70286371945028
2019-03-27,2019,3,March,32019,32101,32182,32000,17720,-0.29,182,0.56875,-5.1373211270109325,108.3846726694198
2019-03-28,2019,3,March,31624,31993,32030,31591,15060,-1.23,439,1.389636288816435,-6.3075874737060404,107.04759325705776
2019-03-29,2019,3,March,31703,31600,31788,31510,11360,0.25,278,0.8822596001269438,-6.073534204367019,107.31500913953016
2019-04-01,2019,4,April,31570,31588,31730,31542,4520,-0.42,188,0.5960306892397438,-6.467573252747903,106.86480265384877
2019-04-02,2019,4,April,31535,31550,31590,31359,390,-0.11,231,0.7366306323543481,-6.571267739163926,106.74632726287996
2019-04-03,2019,4,April,31450,31499,31607,31318,170,-0.27,289,0.9227920045979948,-6.823097206174265,106.45860131338434
2019-04-04,2019,4,April,31503,31499,31549,31350,70,0.17,199,0.634768740031898,-6.66607412674429,106.63800690542277
2019-04-05,2019,4,April,31566,31535,31620,31400,60,0.2,220,0.7006369426751593,-6.4794240511954495,106.85126260916662
2019-04-08,2019,4,April,32076,31795,32155,31795,12900,1.62,360,1.1322534989778266,-4.96844724913341,108.57761830614041
2019-04-09,2019,4,April,32098,32131,32171,32020,11010,0.07,151,0.47158026233603995,-4.903267857671911,108.6520885518922
2019-04-10,2019,4,April,32174,32070,32197,31968,11740,0.24,229,0.7163413413413413,-4.678102687168548,108.90934940085302
2019-04-11,2019,4,April,31663,32148,32148,31638,17110,-1.59,510,1.611985586952399,-6.192042188842473,107.17960869270868
2019-04-12,2019,4,April,31760,31721,31871,31705,11010,0.31,166,0.5235767229143669,-5.904660326489497,107.50795477625077
2019-04-15,2019,4,April,31760,31710,31791,31570,8540,0.0,221,0.7000316756414318,-5.904660326489497,107.50795477625077
2019-04-16,2019,4,April,31474,31700,31768,31453,14480,-0.9,315,1.001494293072203,-6.751992415488993,106.53984158147722
2019-04-17,2019,4,April,31410,31500,31525,31393,5650,-0.2,132,0.42047590227120696,-6.94160519064972,106.32320086656286
2019-04-18,2019,4,April,31403,31474,31544,31355,9870,-0.02,189,0.6027746770849944,-6.962344087932924,106.2995057883691
2019-04-22,2019,4,April,31531,31497,31697,31497,9890,0.41,200,0.634981109311998,-6.583118537611471,106.73278721819781
2019-04-23,2019,4,April,31525,31490,31566,31401,9920,-0.02,165,0.5254609725804911,-6.600894735282789,106.7124771511746
2019-04-24,2019,4,April,31759,31480,31799,31450,12640,0.74,349,1.109697933227345,-5.907623026101383,107.50456976508022
2019-04-25,2019,4,April,31843,31750,31926,31641,11640,0.26,285,0.9007300654214468,-5.6587562587029305,107.78891070340532
2019-04-26,2019,4,April,31868,31851,31934,31705,9670,0.08,229,0.7222835514903012,-5.584688768405771,107.87353598266873
2019-04-30,2019,4,April,31625,31800,31824,31597,6440,-0.76,227,0.7184226350602906,-6.304624774094155,107.05097826822829
2019-05-01,2019,5,May,31563,31604,31657,31503,1550,-0.2,154,0.4888423324762721,-6.488312150031109,106.84110757565499
2019-05-02,2019,5,May,31203,31420,31425,31160,480,-1.14,265,0.8504492939666239,-7.554884010310195,105.62250355426173
2019-05-03,2019,5,May,31341,31250,31500,31163,80,0.44,337,1.0814106472419216,-7.146031463869878,106.08963509579581
2019-05-06,2019,5,May,31578,31495,31659,31495,12070,0.76,164,0.5207175742181299,-6.4438716558528135,106.89188274321306
2019-05-07,2019,5,May,31739,31600,31758,31542,12370,0.51,216,0.6848012174243866,-5.96687701833911,107.4368695416695
2019-05-08,2019,5,May,31697,31740,31930,31676,16670,-0.13,254,0.8018689228437934,-6.091310402038337,107.29469907250694
2019-05-09,2019,5,May,31926,31749,32049,31719,18690,0.72,330,1.0403858885841295,-5.412852190916364,108.06986663055989
2019-05-10,2019,5,May,31917,31895,32004,31790,15880,-0.03,214,0.67316766278704,-5.43951648742334,108.03940153002505
2019-05-13,2019,5,May,32499,31900,32538,31885,25010,1.82,653,2.047984945899326,-3.715225313305484,110.0094780312775
2019-05-14,2019,5,May,32248,32451,32451,32235,17750,-0.77,216,0.6700791065611913,-4.458862915888958,109.15984022747276
2019-05-15,2019,5,May,32261,32300,32410,32165,17660,0.04,245,0.7616974972796519,-4.420347820934436,109.20384537268973
2019-05-16,2019,5,May,31985,32261,32320,31931,18620,-0.86,389,1.2182518555635589,-5.238052913815068,108.26958228962155
2019-05-17,2019,5,May,31809,31991,32039,31785,17350,-0.55,254,0.7991190813276703,-5.759488045507066,107.67382032360706
2019-05-20,2019,5,May,31566,31777,31777,31101,14610,-0.76,676,2.1735635510112217,-6.4794240511954495,106.85126260916662
2019-05-21,2019,5,May,31442,31549,31549,31410,11490,-0.39,139,0.4425342247691818,-6.8467988030693565,106.43152122402005
2019-05-22,2019,5,May,31452,31460,31568,31416,9610,0.03,152,0.48382989559460143,-6.817171806950493,106.4653713357254
2019-05-23,2019,5,May,31696,31401,31757,31265,16970,0.78,492,1.5736446505677275,-6.094273101650224,107.29131406133641
2019-05-24,2019,5,May,31554,31681,31710,31518,10690,-0.45,192,0.6091757091185989,-6.5149764465380855,106.81064247512018
2019-05-27,2019,5,May,31630,31588,31716,31580,8360,0.24,136,0.4306523115896137,-6.2898112760347225,107.06790332408096
2019-05-28,2019,5,May,31569,31629,31718,31510,11670,-0.19,208,0.6601079022532529,-6.470535952359791,106.86141764267822
2019-05-29,2019,5,May,31760,31651,31850,31638,12930,0.61,212,0.6700802832037422,-5.904660326489497,107.50795477625077
2019-05-30,2019,5,May,31831,31721,31896,31560,10730,0.22,336,1.064638783269962,-5.6943086540455665,107.74829056935889
2019-05-31,2019,5,May,32131,31810,32165,31810,8390,0.94,355,1.1160012574662057,-4.8054987704796615,108.76379392051993
2019-06-03,2019,6,June,32405,32147,32499,32113,1290,0.85,386,1.2020054183663937,-3.9937190768228006,109.69128698124703
2019-06-04,2019,6,June,32465,32500,32800,32300,120,0.19,500,1.5479876160990713,-3.8159571001096197,109.89438765147925
2019-06-05,2019,6,June,32607,32540,32866,32540,11500,0.44,326,1.0018438844499078,-3.3952537552217583,110.37505923769548
2019-06-06,2019,6,June,32734,32631,32760,32631,10040,0.39,129,0.3953295945573228,-3.0189909045121914,110.80495565635367
2019-06-07,2019,6,June,32867,32641,32944,32610,18520,0.41,334,1.0242256976387611,-2.624951856131307,111.25516214203506
2019-06-10,2019,6,June,32611,32800,32800,32585,9620,-0.78,215,0.6598127972993708,-3.3834029567742125,110.38859928237763
2019-06-11,2019,6,June,32576,32640,32662,32431,10980,-0.11,231,0.7122814590977768,-3.4870974431902346,110.27012389140884
2019-06-12,2019,6,June,32685,32617,32776,32617,11390,0.33,159,0.48747585614863415,-3.1641631854946226,110.63909010899735
2019-06-13,2019,6,June,32884,32739,32918,32662,12030,0.61,256,0.783785438736146,-2.574585962729239,111.31270733193419
2019-06-14,2019,6,June,32984,32950,33241,32950,21100,0.3,291,0.8831562974203339,-2.278316001540604,111.65120844898789
2019-06-17,2019,6,June,32961,33015,33080,32826,15540,-0.07,254,0.7737768841771766,-2.34645809261399,111.57335319206554
2019-06-18,2019,6,June,32939,32974,33149,32846,21560,-0.07,303,0.92248675637825,-2.4116374840754897,111.49888294631371
2019-06-19,2019,6,June,32976,32907,32999,32875,10560,0.11,124,0.37718631178707224,-2.3020175984356945,111.62412835962358
2019-06-20,2019,6,June,33838,33000,33876,33000,26730,2.61,876,2.6545454545454548,0.0,114.54200798862637
2019-06-21,2019,6,June,33960,33890,34297,33709,27580,0.36,588,1.7443412738437807,0.0,114.95497935143186
2019-06-24,2019,6,June,34214,34100,34259,34031,15550,0.75,228,0.6699773735711557,0.0,115.81477218874822
2019-06-25,2019,6,June,34300,34345,34599,34160,30860,0.25,439,1.285128805620609,0.0,116.1058831494144
2019-06-26,2019,6,June,34135,34160,34173,33964,20450,-0.48,209,0.6153574372865387,-0.4810495626822157,115.54735630627582
2019-06-27,2019,6,June,33931,34270,34270,33777,13580,-0.6,493,1.4595730822749209,-1.075801749271137,114.85681402748628
2019-06-28,2019,6,June,33947,34000,34200,33900,11220,0.05,300,0.8849557522123894,-1.0291545189504374,114.91097420621487
2019-07-01,2019,7,July,33348,33777,33777,33210,3840,-1.76,567,1.707317073170732,-2.7755102040816326,112.8833525150633
2019-07-02,2019,7,July,33779,33530,33804,33507,350,1.29,297,0.8863819500402902,-1.5189504373177842,114.34229232956467
2019-07-03,2019,7,July,34077,33801,34750,33801,190,0.88,949,2.8076092423301087,-0.6501457725947523,115.35102565838467
2019-07-04,2019,7,July,34023,34199,34300,33911,180,-0.16,389,1.1471204034089233,-0.8075801749271136,115.16823505517569
2019-07-05,2019,7,July,34370,34395,35037,33900,40,1.02,1137,3.3539823008849554,0.0,116.34283393135196
2019-07-08,2019,7,July,34535,34550,34759,34475,23910,0.48,284,0.8237853517041335,0.0,116.90136077449056
2019-07-09,2019,7,July,34533,34499,34581,34300,25570,-0.01,281,0.8192419825072886,-0.005791226292167367,116.89459075214947
2019-07-10,2019,7,July,34765,34469,34806,34332,31360,0.67,474,1.3806361412093673,0.0,117.67991334371403
2019-07-11,2019,7,July,34612,34800,34995,34591,34610,-0.44,404,1.1679338556271863,-0.4400977995110024,117.16200663462189
2019-07-12,2019,7,July,34812,34698,34862,34611,23110,0.58,251,0.7252029701539973,0.0,117.83900886872927
2019-07-15,2019,7,July,34792,34740,34850,34687,19680,-0.06,163,0.46991668348372584,-0.0574514535217741,117.77130864531853
2019-07-16,2019,7,July,34738,34809,34839,34639,25480,-0.16,200,0.5773838736684084,-0.21257037803056417,117.58851804210954
2019-07-17,2019,7,July,35039,34700,35080,34611,27570,0.87,469,1.3550605298893414,0.0,118.60740640444114
2019-07-18,2019,7,July,35117,35100,35150,34851,31100,0.22,299,0.8579380792516714,0.0,118.871437275743
2019-07-19,2019,7,July,35033,35180,35380,35003,29520,-0.24,377,1.0770505385252693,-0.23920038727681747,118.5870963374179
2019-07-22,2019,7,July,35143,35100,35189,35035,16100,0.31,154,0.43956043956043955,0.0,118.95944756617698
2019-07-23,2019,7,July,35030,35065,35135,34907,20410,-0.32,228,0.6531641218093792,-0.3215434083601286,118.5769413039063
2019-07-24,2019,7,July,35036,35012,35090,34921,15420,0.02,169,0.4839494859826466,-0.30447030703127226,118.59725137092954
2019-07-25,2019,7,July,34850,34981,35121,34802,21460,-0.53,319,0.9166139877018562,-0.8337364482258202,117.96763929320966
2019-07-26,2019,7,July,34815,34870,34905,34760,14310,-0.1,145,0.41714614499424624,-0.9333295393108157,117.84916390224087
2019-07-29,2019,7,July,34788,34839,34881,34735,10730,-0.08,146,0.4203253202821362,-1.0101584952906695,117.75776860063638
2019-07-30,2019,7,July,34737,34823,34898,34520,18210,-0.15,378,1.0950173812282735,-1.155279856585949,117.585133030939
2019-07-31,2019,7,July,34714,34830,34830,34625,8500,-0.07,205,0.592057761732852,-1.2207267450132315,117.50727777401666
2019-08-01,2019,8,August,35134,34520,35500,34430,2710,1.21,1070,3.107754864943363,-0.025609651993284577,118.92898246564214
2019-08-02,2019,8,August,35705,35200,35840,35100,820,1.63,740,2.1082621082621085,0.0,120.86182384401869
2019-08-05,2019,8,August,36711,36412,36775,36240,290,2.82,535,1.4762693156732893,0.0,124.26714508157876
2019-08-06,2019,8,August,37182,37003,37207,36621,27320,1.28,586,1.6001747631140602,0.0,125.86148534290163
2019-08-07,2019,8,August,37899,37250,38125,37250,44110,1.93,875,2.348993288590604,0.0,128.28853835217657
2019-08-08,2019,8,August,37311,37899,37899,37175,33790,-1.55,724,1.9475453934095495,-1.5514921238027388,126.29815178390089
2019-08-09,2019,8,August,37558,37419,37684,37355,22870,0.66,329,0.8807388569133984,-0.8997598881236971,127.13424954302349
2019-08-12,2019,8,August,37812,37620,37909,37620,9180,0.68,289,0.7682083997873471,-0.22955750811367057,127.99404238033985
2019-08-13,2019,8,August,37268,37860,38147,36860,41660,-1.44,1287,3.491589799240369,-1.6649515818359324,126.1525963035678
2019-08-14,2019,8,August,37688,37274,37844,37188,33320,1.13,656,1.7640098956652683,-0.5567429219768332,127.57430099519328
2019-08-16,2019,8,August,37487,37880,37941,37281,24290,-0.53,660,1.770338778466243,-1.0870999234808305,126.89391374991537
2019-08-19,2019,8,August,37484,37340,37525,37270,22990,-0.01,255,0.6841964046149719,-1.0950156996226814,126.88375871640376
2019-08-20,2019,8,August,37640,37400,37680,37350,19810,0.42,330,0.8835341365461846,-0.6833953402464444,127.41182045900752
2019-08-21,2019,8,August,37598,37555,37636,37441,15780,-0.11,195,0.5208194225581582,-0.7942162062323544,127.26964998984496
2019-08-22,2019,8,August,37779,37560,37800,37501,20060,0.48,299,0.7973120716780887,-0.31663104567402833,127.88233701171214
2019-08-23,2019,8,August,38357,37700,38426,37595,28960,1.53,831,2.2104003191913817,0.0,129.83887346828246
2019-08-26,2019,8,August,38415,38550,38869,38360,28460,0.15,509,1.326903023983316,0.0,130.0352041161736
2019-08-27,2019,8,August,38644,38367,38679,38331,20050,0.6,348,0.9078813492995226,0.0,130.81037167422653
2019-08-28,2019,8,August,38772,38547,38879,38465,19150,0.33,414,1.0763031327180554,0.0,131.24365310405523
2019-08-29,2019,8,August,38426,38740,38998,38289,24910,-0.89,709,1.8517067565097027,-0.8923965748478283,130.0724392390495
2019-08-30,2019,8,August,38300,38424,38588,38224,16910,-0.33,364,0.9522812892423608,-1.2173733622201588,129.64592783156183
2019-09-02,2019,9,September,38708,38520,38800,38400,2320,1.07,400,1.0416666666666665,-0.16506757453832663,131.02701238914088
2019-09-03,2019,9,September,39314,38852,39431,38634,1200,1.57,797,2.0629497333954547,0.0,133.07832915848624
2019-09-04,2019,9,September,39337,39337,39490,38981,1850,0.06,509,1.3057643467330238,0.0,133.15618441540857
2019-09-05,2019,9,September,38504,39198,39370,38353,630,-2.12,1017,2.6516830495658748,-2.1175992068535985,130.33647011035137
2019-09-06,2019,9,September,38551,38821,38962,38385,40450,0.12,577,1.5031913507880683,-1.998118819432087,130.4955656353666
2019-09-09,2019,9,September,38459,38578,39699,38265,31730,-0.24,1434,3.7475499803998433,-2.231995322469939,130.1841446076772
2019-09-10,2019,9,September,38248,38382,38487,38200,18610,-0.55,287,0.7513089005235603,-2.7683859979154484,129.46990725069392
2019-09-11,2019,9,September,37965,38200,38260,37931,27740,-0.74,329,0.8673644248767499,-3.4878104583471035,128.511949089432
2019-09-12,2019,9,September,37747,37900,38215,37662,41660,-0.57,553,1.468323509107323,-4.04199608511071,127.77401665425496
2019-09-13,2019,9,September,37517,37700,37891,37451,28040,-0.61,440,1.1748684948332488,-4.626687342705341,126.99546408503149
2019-09-16,2019,9,September,38161,37749,38188,37749,25820,1.72,439,1.162944713767252,-2.989551821440374,129.1754112788572
2019-09-17,2019,9,September,37995,38068,38165,37853,24420,-0.43,312,0.8242411433704065,-3.4115463812695426,128.61349942454808
2019-09-18,2019,9,September,37837,38067,38067,37728,19420,-0.42,339,0.8985368956743003,-3.8132038538780284,128.07866765960327
2019-09-19,2019,9,September,37672,37700,37767,37525,23030,-0.44,242,0.6449033977348435,-4.232656277804611,127.5201408164647
2019-09-20,2019,9,September,37669,37700,37749,37437,20700,-0.01,312,0.8334001121884766,-4.240282685512367,127.5099857829531
2019-09-23,2019,9,September,37905,37750,37960,37725,19980,0.63,235,0.6229290921139827,-3.6403386125022243,128.3088484191998
2019-09-24,2019,9,September,38091,37899,38140,37758,25610,0.49,382,1.011706128502569,-3.167501334621349,128.93846049691965
2019-09-25,2019,9,September,37571,38010,38170,37455,27540,-1.37,715,1.908957415565345,-4.489412003965732,127.17825468824047
2019-09-26,2019,9,September,37773,37572,37825,37427,25210,0.54,398,1.0634034253346514,-3.975900551643491,127.8620269446889
2019-09-27,2019,9,September,37706,37824,37824,37301,27420,-0.18,523,1.40210718211308,-4.1462236571167095,127.63523119626295
2019-09-30,2019,9,September,36873,37600,37620,36811,17000,-2.21,809,2.1977126402434055,-6.263822863970307,124.81551689120573
2019-10-01,2019,10,October,37377,36979,37507,36750,3670,1.37,757,2.0598639455782313,-4.982586369067291,126.52156252115631
2019-10-03,2019,10,October,38012,37583,38215,37583,380,1.7,632,1.6816113668413912,-3.368330070925592,128.67104461444723
2019-10-04,2019,10,October,38002,37948,38215,37879,150,-0.03,336,0.8870350326038174,-3.393751429951445,128.63719450274186
2019-10-07,2019,10,October,37978,38225,38302,37765,15800,-0.06,537,1.42195154243347,-3.4547626916134937,128.555954234649
2019-10-08,2019,10,October,38242,38179,38400,38179,10520,0.7,221,0.5788522486183504,-2.7836388133309606,129.4495971836707
2019-10-09,2019,10,October,38384,38279,38418,38154,20030,0.37,264,0.6919326938197831,-2.4226555151638407,129.93026876988694
2019-10-10,2019,10,October,38120,38400,38434,38030,20640,-0.69,404,1.062319221667105,-3.0937793934463738,129.03662582086523
2019-10-11,2019,10,October,37839,38050,38263,37736,27080,-0.74,527,1.3965444138223446,-3.8081195820728575,128.08543768194437
2019-10-14,2019,10,October,38250,37795,38286,37757,21990,1.09,529,1.4010647032338375,-2.763301726110278,129.476677273035
2019-10-15,2019,10,October,38067,38259,38406,38021,23550,-0.48,385,1.0125983009389548,-3.228512596283397,128.85722022882675
2019-10-16,2019,10,October,38248,38175,38271,37980,26510,0.48,291,0.7661927330173776,-2.7683859979154484,129.46990725069392
2019-10-17,2019,10,October,38216,38190,38250,38001,20290,-0.08,249,0.6552459145811952,-2.8497343467981797,129.36158689323676
2019-10-18,2019,10,October,38121,38179,38212,38025,16230,-0.25,187,0.49178172255095337,-3.091237257543788,129.04001083203576
2019-10-21,2019,10,October,37969,38098,38144,37940,10410,-0.4,204,0.5376910911966263,-3.477641914736762,128.52548913411414
2019-10-22,2019,10,October,38025,37901,38060,37900,13840,0.15,160,0.4221635883905013,-3.3352823041919817,128.71504975966423
2019-10-23,2019,10,October,38124,38090,38249,38090,12600,0.26,159,0.41743239695458123,-3.0836108498360324,129.05016586554737
2019-10-24,2019,10,October,38452,38175,38475,38109,14660,0.86,366,0.9604030543965991,-2.2497902737880366,130.16044952948346
2019-10-25,2019,10,October,38362,38450,38690,38325,19570,-0.23,365,0.9523809523809524,-2.4785825050207184,129.85579852413514
2019-10-27,2019,10,October,38280,38277,38345,38250,670,-0.21,95,0.24836601307189543,-2.6870376490327175,129.5782276081511
2019-10-28,2019,10,October,38103,38388,38388,38070,7520,-0.46,318,0.8353033884948778,-3.136995703790325,128.97908063096608
2019-10-29,2019,10,October,38110,38063,38194,37988,11170,0.02,206,0.5422765083710646,-3.1192007524722274,129.00277570915983
2019-10-30,2019,10,October,38369,38194,38384,38078,6370,0.68,306,0.8036136351699144,-2.460787553702621,129.8794936023289
2019-10-31,2019,10,October,38842,38300,38898,38300,2300,1.23,598,1.5613577023498695,-1.2583572717797493,131.48060388599282
2019-11-01,2019,11,November,38652,38759,38800,38518,720,-0.49,282,0.7321252401474635,-1.7413630932709663,130.83745176359082
2019-11-04,2019,11,November,38734,39500,39500,38645,180,0.21,855,2.212446629576918,-1.5329079492589675,131.11502267957485
2019-11-05,2019,11,November,38458,38839,39049,38300,170,-0.71,749,1.9556135770234986,-2.234537458372525,130.18075959650668
2019-11-06,2019,11,November,38239,37980,38273,37957,20310,-0.57,316,0.8325210106172775,-2.7912652210387168,129.4394421501591
2019-11-07,2019,11,November,37595,38188,38245,37536,27880,-1.68,709,1.8888533674339303,-4.428400742303683,127.25949495633336
2019-11-08,2019,11,November,37705,37655,37880,37488,27500,0.29,392,1.0456679470763979,-4.148765793019295,127.6318461850924
2019-11-11,2019,11,November,37688,37710,37850,37532,17280,-0.05,318,0.8472769903016092,-4.191982103363246,127.57430099519328
2019-11-12,2019,11,November,37740,37650,37800,37542,12900,0.14,258,0.6872303020616909,-4.059791036428807,127.75032157606121
2019-11-13,2019,11,November,38107,37820,38150,37800,23100,0.97,350,0.9259259259259258,-3.126827160179983,128.99262067564823
2019-11-14,2019,11,November,38269,38106,38295,38060,20590,0.43,235,0.6174461376773516,-2.715001143961156,129.54099248527518
2019-11-15,2019,11,November,38002,38236,38236,37922,17270,-0.7,314,0.828015400031644,-3.393751429951445,128.63719450274186
2019-11-18,2019,11,November,38228,37943,38249,37810,23230,0.59,439,1.1610685003967205,-2.8192287159671556,129.4022070272832
2019-11-19,2019,11,November,38206,38223,38230,37920,24870,-0.06,310,0.8175105485232068,-2.8751557058240333,129.32773678153137
2019-11-20,2019,11,November,38155,38218,38325,38020,23560,-0.13,305,0.8022093634928985,-3.0048046368558863,129.155101211834
2019-11-21,2019,11,November,37971,38156,38200,37945,20030,-0.48,255,0.6720252997759916,-3.472557642931591,128.5322591564552
2019-11-22,2019,11,November,37927,37975,38150,37905,20370,-0.12,245,0.6463527239150507,-3.584411622645347,128.3833186649516
2019-11-25,2019,11,November,37782,37891,37905,37736,14900,-0.38,169,0.44784820860716557,-3.9530213285202223,127.89249204522375
2019-11-26,2019,11,November,37775,37747,37830,37615,15750,-0.02,215,0.571580486508042,-3.9708162798383206,127.86879696703
2019-11-27,2019,11,November,37578,37753,37753,37530,11790,-0.52,223,0.594191313615774,-4.471617052647635,127.20194976643423
2019-11-28,2019,11,November,37780,37511,37837,37511,9500,0.54,326,0.8690784036682574,-3.9581056003253936,127.88572202288269
2019-11-29,2019,11,November,37961,37770,38070,37711,4270,0.48,359,0.9519768767733552,-3.497979001957445,128.49840904474985
2019-12-02,2019,12,December,37915,38240,38240,37715,890,-0.12,525,1.3920190905475276,-3.6149172534763707,128.34269853090515
2019-12-03,2019,12,December,38267,37874,38400,37840,150,0.93,560,1.4799154334038054,-2.720085415766327,129.53422246293414
2019-12-04,2019,12,December,38188,38563,38563,38081,50,-0.21,482,1.2657230639951682,-2.9209141520705697,129.26680658046172
2019-12-05,2019,12,December,38095,38245,38245,37800,30,-0.24,445,1.1772486772486772,-3.1573327910110076,128.9520005416018
2019-12-06,2019,12,December,37748,38087,38170,37711,16890,-0.91,459,1.2171514942589696,-4.0394539492081245,127.7774016654255
2019-12-09,2019,12,December,37638,37774,37774,37610,9220,-0.29,164,0.4360542408933794,-4.319088898492513,127.40505043666643
2019-12-10,2019,12,December,37604,37604,37728,37550,12400,-0.09,178,0.474034620505992,-4.405521519180415,127.2899600568682
2019-12-11,2019,12,December,37693,37602,37741,37554,10900,0.24,187,0.49794961921499703,-4.179271423850319,127.59122605104596
2019-12-12,2019,12,December,37559,37749,38044,37500,22610,-0.36,544,1.4506666666666665,-4.519917634796757,127.13763455419402
2019-12-13,2019,12,December,37776,37512,37810,37400,21940,0.58,410,1.0962566844919788,-3.968274143935735,127.87218197820054
2019-12-16,2019,12,December,37873,37740,37948,37735,13050,0.26,213,0.5644627004107592,-3.7216869613849553,128.2005280617426
2019-12-17,2019,12,December,37961,37863,37987,37850,11990,0.23,137,0.3619550858652576,-3.497979001957445,128.49840904474985
2019-12-18,2019,12,December,37932,37937,37994,37817,12090,-0.08,177,0.46804347251236217,-3.57170094313242,128.40024372080427
2019-12-19,2019,12,December,38110,37998,38140,37880,13070,0.47,260,0.6863780359028511,-3.1192007524722274,129.00277570915983
2019-12-20,2019,12,December,38002,38076,38120,37965,12050,-0.28,155,0.4082707757144739,-3.393751429951445,128.63719450274186
2019-12-23,2019,12,December,38231,37999,38270,37999,10200,0.6,271,0.7131766625437511,-2.8116023082593995,129.4123620607948
2019-12-24,2019,12,December,38624,38240,38644,38240,13880,1.03,404,1.0564853556485354,-1.812542898543356,130.7426714508158
2019-12-26,2019,12,December,38767,38650,38816,38619,16480,0.37,197,0.5101116030969212,-1.4490174644736507,131.22672804820257
2019-12-27,2019,12,December,38978,38805,38995,38685,11520,0.54,310,0.8013441902546206,-0.9126267890281415,131.94096540518584
2019-12-30,2019,12,December,38823,38993,38994,38701,5570,-0.4,293,0.7570863801968941,-1.306657853928871,131.4162886737526
2019-12-31,2019,12,December,38999,39019,39099,38869,630,0.45,230,0.5917311996706887,-0.859241935073849,132.0120506397671
2020-01-01,2020,1,January,38938,38980,39067,38900,120,-0.16,167,0.429305912596401,-1.0143122251315555,131.80556495836436
2020-01-02,2020,1,January,39220,38953,39685,38905,250,0.72,780,2.0048836910422825,-0.2974299006024862,132.76013810845575
2020-01-03,2020,1,January,39925,39520,40002,39486,210,1.8,516,1.3067922808083878,0.0,135.14657098368426
2020-01-06,2020,1,January,40448,40250,41049,40250,33170,1.31,799,1.9850931677018635,0.0,136.91693182587503
2020-01-07,2020,1,January,40635,40280,40666,40181,27470,0.46,485,1.2070381523605684,0.0,137.54992891476542
2020-01-08,2020,1,January,40078,40792,41270,39893,47710,-1.37,1377,3.451733386809716,-1.370739510274394,135.6644776927764
2020-01-09,2020,1,January,39806,40165,40165,39594,27520,-0.68,571,1.4421376976309541,-2.0401132029039006,134.74375465439036
2020-01-10,2020,1,January,39849,39721,39888,39550,26620,0.11,338,0.8546144121365361,-1.9342930970837946,134.88931013472344
2020-01-13,2020,1,January,39541,39801,39801,39510,20340,-0.77,291,0.7365223993925588,-2.6922603666789713,133.84672669419808
2020-01-14,2020,1,January,39443,39500,39525,39280,19100,-0.25,245,0.6237270875763747,-2.933431770641073,133.51499559948547
2020-01-15,2020,1,January,39598,39600,39699,39464,18190,0.39,235,0.5954794242854247,-2.5519872031499937,134.03967233091868
2020-01-16,2020,1,January,39676,39562,39762,39562,15820,0.2,200,0.5055356149840756,-2.360034453057709,134.30370320222056
2020-01-17,2020,1,January,39920,39749,39959,39684,15500,0.61,275,0.6929744985384537,-1.7595668758459457,135.12964592783158
2020-01-20,2020,1,January,39927,39990,39990,39870,10010,0.02,120,0.3009781790820165,-1.7423403469915097,135.15334100602533
2020-01-21,2020,1,January,39892,40000,40150,39660,24670,-0.09,490,1.2355017650025213,-1.828472991263689,135.03486561505653
2020-01-22,2020,1,January,39893,39813,39939,39736,15260,0.0,203,0.5108717535735856,-1.8260120585701982,135.03825062622707
2020-01-23,2020,1,January,40255,39917,40274,39806,21340,0.91,468,1.1757021554539515,-0.9351544235265165,136.26362466996142
2020-01-24,2020,1,January,40322,40139,40399,39929,23430,0.17,470,1.1770893335670816,-0.7702719330626306,136.49042041838737
2020-01-27,2020,1,January,40557,40400,40721,40400,20090,0.58,321,0.7945544554455446,-0.19195275009228496,137.28589804346353
2020-01-28,2020,1,January,40200,40523,40561,40130,19400,-0.88,431,1.0740094692250186,-1.0705057216685123,136.07744905558187
2020-01-29,2020,1,January,40321,40100,40380,40023,13240,0.3,357,0.8919871074132373,-0.7727328657561215,136.48703540721684
2020-01-30,2020,1,January,40897,40400,40990,40400,4950,1.43,590,1.4603960396039606,0.0,138.43680184144606
2020-01-31,2020,1,January,41012,40490,41161,40490,1150,0.28,671,1.6571993084712275,0.0,138.8260781260578
2020-02-01,2020,2,February,41099,41249,41315,40901,7330,0.21,414,1.0122001907043838,0.0,139.12057409789455
2020-02-03,2020,2,February,40633,41178,41178,40590,190,-1.13,588,1.4486326681448634,-1.1338475388695588,137.54315889242434
2020-02-04,2020,2,February,40056,40618,40839,39750,100,-1.42,1089,2.739622641509434,-2.5377746417187765,135.5900074470246
2020-02-05,2020,2,February,40213,40690,40700,40100,40,0.39,600,1.4962593516209477,-2.155770213387187,136.12145420079887
2020-02-06,2020,2,February,40287,40043,40345,39972,15610,0.18,373,0.9331532072450716,-1.975717170734081,136.37194502741858
2020-02-07,2020,2,February,40563,40345,40633,40232,19970,0.69,401,0.9967190296281567,-1.304167984622497,137.30620811048678
2020-02-10,2020,2,February,40607,40533,40635,40451,13040,0.11,184,0.4548713258015871,-1.1971094187206501,137.4551486019904
2020-02-11,2020,2,February,40353,40510,40510,40243,17790,-0.63,267,0.6634694232537336,-1.815129321881311,136.59535576467403
2020-02-12,2020,2,February,40427,40352,40464,40251,14130,0.18,213,0.5291793992695834,-1.635076279228205,136.84584659129376
2020-02-13,2020,2,February,40580,40474,40625,40460,14930,0.38,165,0.4078101828966881,-1.2628044477967832,137.3637533003859
2020-02-14,2020,2,February,40879,40489,40912,40489,15050,0.74,423,1.0447281977821137,-0.5352928295092338,138.3758716403764
2020-02-17,2020,2,February,40686,40826,40843,40660,11090,-0.47,183,0.4500737825873094,-1.0048906299423344,137.7225644844628
2020-02-18,2020,2,February,41311,40820,41343,40800,22270,1.54,543,1.3308823529411766,0.0,139.83819646604834
2020-02-19,2020,2,February,41463,41400,41486,41230,19080,0.37,256,0.6209071064758671,0.0,140.35271816396994
2020-02-20,2020,2,February,41886,41488,41987,41390,27950,1.02,597,1.4423773858419908,0.0,141.78457788910703
2020-02-21,2020,2,February,42511,42000,42571,42000,19670,1.49,571,1.3595238095238096,0.0,143.90020987069255
2020-02-24,2020,2,February,43456,42750,43585,42750,39100,2.22,835,1.9532163742690056,0.0,147.0990454268499
2020-02-25,2020,2,February,42675,43160,43200,42257,33280,-1.8,943,2.2315829330051824,-1.7972201767304858,144.4553517026606
2020-02-26,2020,2,February,42349,42470,42735,42006,26970,-0.76,729,1.7354663619482928,-2.5474042709867453,143.3518380610656
2020-02-27,2020,2,February,42193,42460,42735,42154,18400,-0.37,581,1.3782796413151777,-2.9063880706921945,142.82377631846185
2020-02-28,2020,2,February,41763,42350,43000,41248,4470,-1.02,1752,4.247478665632273,-3.89589469808542,141.368221515131
2020-03-02,2020,3,March,42017,43014,43014,41689,310,0.61,1325,3.1782964331118517,-3.3113954344624448,142.22801435244736
2020-03-03,2020,3,March,43100,42050,43277,41960,70,2.58,1317,3.138703527168732,-0.8192194403534611,145.8939814501388
2020-03-04,2020,3,March,43235,43100,43649,43006,90,0.31,643,1.4951402129935358,-0.508560382916053,146.35095795816127
2020-03-05,2020,3,March,43874,43050,44255,43050,370,1.48,1205,2.7990708478513358,0.0,148.51398009613433
2020-03-06,2020,3,March,44098,44200,44881,43407,76250,0.51,1474,3.395765659916603,0.0,149.27222259833457
2020-03-09,2020,3,March,44308,44200,44740,43829,61170,0.48,911,2.078532478495973,0.0,149.98307494414732
2020-03-10,2020,3,March,43694,44280,44280,43511,23910,-1.39,769,1.7673691710142263,-1.3857542655953778,147.90467808543767
2020-03-11,2020,3,March,43334,43690,43838,43270,35130,-0.82,568,1.3126877744395655,-2.1982486232734493,146.68607406404442
2020-03-12,2020,3,March,42217,43311,43615,41601,75050,-2.58,2014,4.841229778130334,-4.719238060846799,142.90501658655475
2020-03-13,2020,3,March,40382,42000,42085,40155,66620,-4.35,1930,4.80637529572905,-8.860702356233638,136.69352108861958
2020-03-16,2020,3,March,39548,40802,41291,38419,106920,-2.07,2872,7.475467867461412,-10.742980951521169,133.87042177239186
2020-03-17,2020,3,March,40279,39750,40950,38700,82570,1.85,2250,5.813953488372093,-9.09316601968042,136.3448649380543
2020-03-18,2020,3,March,39764,40239,40480,39368,72460,-1.28,1112,2.8246291404186143,-10.255484336914327,134.6015841852278
2020-03-19,2020,3,March,39889,39700,40170,39121,49450,0.31,1049,2.681424298969863,-9.97336824049833,135.02471058154492
2020-03-20,2020,3,March,40419,40049,40987,39885,46770,1.33,1102,2.762943462454557,-8.777195991694501,136.81876650192945
2020-03-23,2020,3,March,41317,40668,41500,39820,43820,2.22,1680,4.218985434455048,-6.750473955041978,139.85850653307156
2020-03-24,2020,3,March,41873,41451,42176,40115,40080,1.35,2061,5.137729029041506,-5.495621558183624,141.74057274389006
2020-03-25,2020,3,March,42713,42100,42889,41400,32140,2.01,1489,3.5966183574879227,-3.599801390268123,144.583982127141
2020-03-26,2020,3,March,43631,42400,43900,42000,34450,2.15,1900,4.523809523809524,-1.5279407781890404,147.69142238169385
2020-03-27,2020,3,March,43590,43520,43759,43035,20610,-0.09,724,1.6823515742999884,-1.6204748578134875,147.55263692370184
2020-03-30,2020,3,March,43883,43200,44180,43200,920,0.67,980,2.2685185185185186,-0.9591947278143902,148.54444519666913
2020-03-31,2020,3,March,43225,44373,44399,43060,290,-1.5,1339,3.1096144914073385,-2.444253859348199,146.31710784645588
2020-04-01,2020,4,April,43578,42854,43645,42800,50,0.82,845,1.9742990654205608,-1.6475580030694232,147.5120167896554
2020-04-03,2020,4,April,44298,44190,44400,43860,80,1.65,540,1.231190150478796,-0.02256928771327977,149.94922483244196
2020-04-07,2020,4,April,45043,44000,46299,44000,20590,1.68,2299,5.225,0.0,152.4710581544919
2020-04-08,2020,4,April,44944,44762,45000,44650,12640,-0.22,350,0.7838745800671892,-0.2197899784650223,152.13594204860877
2020-04-09,2020,4,April,45279,44970,45330,44802,13160,0.75,528,1.1785188161242803,0.0,153.2699207907386
2020-04-13,2020,4,April,46270,45499,46360,45499,19510,2.19,861,1.892349282401811,0.0,156.62446686074063
2020-04-15,2020,4,April,46696,46499,46782,46030,26090,0.92,752,1.6337171409950033,0.0,158.06648161938935
2020-04-16,2020,4,April,47203,46783,47290,46478,21660,1.09,812,1.747063126640561,0.0,159.78268228285154
2020-04-17,2020,4,April,45855,47005,47005,45400,32290,-2.86,1605,3.535242290748899,-2.8557506938118338,155.21968722496783
2020-04-20,2020,4,April,45724,45400,45949,45265,24610,-0.29,684,1.5111012923892633,-3.1332754274092744,154.77625076162752
2020-04-21,2020,4,April,45383,45735,46275,45100,31180,-0.75,1175,2.6053215077605323,-3.855687138529331,153.62196195247444
2020-04-22,2020,4,April,46189,45656,46290,45475,32759,1.78,815,1.7921935129191862,-2.1481685486091986,156.35028095592716
2020-04-23,2020,4,April,46475,46499,46680,46171,42680,0.62,509,1.1024235992289533,-1.5422748554117323,157.3183941507007
2020-04-24,2020,4,April,46550,46491,46850,46160,43750,0.16,690,1.4948006932409013,-1.3833866491536555,157.57226998849097
2020-04-27,2020,4,April,46353,46352,46673,46250,36810,-0.42,423,0.9145945945945946,-1.8007330042582042,156.90542278789522
2020-04-28,2020,4,April,46188,46290,46333,45750,25390,-0.36,583,1.2743169398907104,-2.150287058025973,156.34689594475662
2020-04-29,2020,4,April,45439,46290,46308,45401,4780,-1.62,907,1.9977533534503644,-3.7370506111899666,153.8115225780245
2020-04-30,2020,4,April,44647,45642,45761,44200,2130,-1.74,1561,3.5316742081447963,-5.414910069275257,151.1305937309593
2020-05-01,2020,5,May,45251,44703,45380,44441,310,1.35,939,2.1129137508156886,-4.135330381543546,153.17514047796357
2020-05-04,2020,5,May,45762,45403,46090,45349,490,1.13,741,1.6339941343800304,-3.052772069571849,154.90488118610793
2020-05-05,2020,5,May,45539,45400,45590,44768,230,-0.49,822,1.836132952108649,-3.5251996695125314,154.1500236950782
2020-05-06,2020,5,May,45387,45700,45850,45330,37990,-0.33,520,1.1471431722920804,-3.8472131008622332,153.63550199715658
2020-05-07,2020,5,May,46147,45450,46222,45355,40800,1.67,867,1.9115863741594092,-2.237145944113722,156.20811048676458
2020-05-08,2020,5,May,45820,46050,46343,45751,53030,-0.71,592,1.2939607877423442,-2.9298985233989367,155.10121183399906
2020-05-11,2020,5,May,45785,45842,45980,45609,39590,-0.08,371,0.8134359446600452,-3.0040463529860393,154.98273644303026
2020-05-12,2020,5,May,45635,45821,45970,45551,37850,-0.33,419,0.9198480823692126,-3.321822765502193,154.47498476744974
2020-05-13,2020,5,May,45983,45634,46087,45527,41420,0.76,560,1.2300393173281787,-2.5845814884647162,155.65296865479655
2020-05-14,2020,5,May,46631,46020,46735,46020,47990,1.41,715,1.5536723163841808,-1.2117873863949324,157.84645589330444
2020-05-15,2020,5,May,47352,46490,47420,46480,51030,1.55,940,2.0223752151462997,0.0,160.28704894726152
2020-05-18,2020,5,May,46652,47500,47965,46550,65730,-1.48,1415,3.0397422126745433,-1.4782902517317116,157.91754112788573
2020-05-19,2020,5,May,47036,46656,47180,46463,47800,0.82,717,1.5431633773109787,-0.6673424564960297,159.21738541737187
2020-05-20,2020,5,May,47129,47165,47380,46850,40320,0.2,530,1.1312700106723588,-0.4709410373373881,159.5321914562318
2020-05-21,2020,5,May,46417,46944,46980,46265,40760,-1.51,715,1.5454447206311466,-1.9745734076702146,157.12206350280954
2020-05-22,2020,5,May,47057,46420,47118,46420,42900,1.38,698,1.5036622145626886,-0.6229937489440783,159.28847065195316
2020-05-25,2020,5,May,46953,46800,47029,46666,17270,-0.22,363,0.7778682552607895,-0.8426254434870755,158.9364294902173
2020-05-26,2020,5,May,46393,47047,47150,46302,41020,-1.19,848,1.831454364822254,-2.0252576448724446,157.04082323471667
2020-05-27,2020,5,May,46647,46390,46698,45855,47490,0.55,843,1.8384036637226038,-1.4888494678155093,157.90061607203302
2020-05-28,2020,5,May,46474,46740,46930,46400,35540,-0.37,530,1.1422413793103448,-1.8541983443149181,157.31500913953016
2020-05-29,2020,5,May,46858,46579,46924,46468,24160,0.83,456,0.9813204786089352,-1.0432505490792363,158.6148534290163
2020-06-01,2020,6,June,47018,46900,47299,46702,2009,0.34,597,1.2783178450601687,-0.7053556343977023,159.15645521630222
2020-06-02,2020,6,June,46796,47090,47375,46753,220,-0.47,622,1.3303959104228607,-1.174184828518331,158.40498273644303
2020-06-03,2020,6,June,46203,46750,46851,46150,180,-1.27,701,1.5189599133261105,-2.4265078560567663,156.39767111231467
2020-06-04,2020,6,June,46781,46399,47125,46235,80,1.25,890,1.9249486319887532,-1.2058624767697246,158.354207568885
2020-06-05,2020,6,June,46346,46750,46805,46100,60,-0.93,705,1.529284164859002,-2.124514276060145,156.88172770970144
2020-06-08,2020,6,June,46110,45800,46175,45772,39330,-0.51,403,0.8804509306999911,-2.622909275215408,156.08286507345474
2020-06-09,2020,6,June,46595,46070,46666,45962,41710,1.05,704,1.5317001000826769,-1.598665315087008,157.72459549116513
2020-06-10,2020,6,June,46629,46614,46923,46502,34600,0.07,421,0.9053374048428025,-1.5268626457171819,157.83968587096336
2020-06-11,2020,6,June,47405,46767,47630,46767,53470,1.66,863,1.8453182799837493,0.0,160.46645453929997
2020-06-12,2020,6,June,47325,47400,47493,47073,40800,-0.17,420,0.892231215346377,-0.1687585697711212,160.19565364565702
2020-06-15,2020,6,June,46999,47200,47242,46569,42280,-0.69,673,1.4451673860293328,-0.85644974158844,159.09214000406203
2020-06-16,2020,6,June,47534,47200,47610,46974,46860,1.14,636,1.3539404777110742,0.0,160.90312098029924
2020-06-17,2020,6,June,47320,47363,47453,47020,35350,-0.45,433,0.9208847299021694,-0.45020406445912403,160.17872858980436
2020-06-18,2020,6,June,47328,47290,47550,47130,39880,0.02,420,0.8911521323997454,-0.43337400597467074,160.20580867916865
2020-06-19,2020,6,June,47907,47300,47938,47300,37640,1.22,638,1.3488372093023255,0.0,162.16573014690948
2020-06-22,2020,6,June,47912,47999,48259,47792,42280,0.01,467,0.9771509876129896,0.0,162.18265520276216
2020-06-23,2020,6,June,48186,47899,48227,47726,35720,0.57,501,1.0497422788417214,0.0,163.11014826348926
2020-06-24,2020,6,June,48105,48019,48421,47969,42480,-0.17,452,0.9422752194125373,-0.16809861785580874,162.8359623586758
2020-06-25,2020,6,June,47952,48048,48147,47830,28160,-0.32,317,0.6627639556763537,-0.48561822936122523,162.31805564958364
2020-06-26,2020,6,June,48363,48030,48431,47825,26210,0.86,606,1.2671197072660743,0.0,163.7092952406743
2020-06-29,2020,6,June,48194,48420,48513,48080,3740,-0.35,433,0.9005823627287853,-0.3494406881293551,163.13722835285355
2020-06-30,2020,6,June,48861,48237,48999,48237,630,1.38,762,1.579700230113813,0.0,165.39503080360166
2020-07-01,2020,7,July,48400,48986,49020,48251,330,-0.94,769,1.593749352345029,-0.9434927651910521,163.83454065398416
2020-07-02,2020,7,July,48437,48340,48529,47970,90,0.08,559,1.165311653116531,-0.8677677493297312,163.95978606729403
2020-07-03,2020,7,July,48336,49304,49304,48100,70,-0.21,1204,2.503118503118503,-1.0744765764106343,163.6178999390698
2020-07-06,2020,7,July,48247,47976,48300,47830,36250,-0.18,470,0.9826468743466444,-1.2566259388878656,163.31663394489203
2020-07-07,2020,7,July,48796,48200,48829,48110,44010,1.14,719,1.4944917896487215,-0.13303043326988803,165.17500507751674
2020-07-08,2020,7,July,49160,48701,49317,48635,42550,0.75,682,1.4022823069805697,0.0,166.4071491435922
2020-07-09,2020,7,July,48896,49095,49298,48780,46250,-0.54,518,1.0619106191061911,-0.5370219690805533,165.51350619457043
2020-07-10,2020,7,July,48883,48900,49217,48731,38450,-0.03,486,0.997311772793499,-0.5634662327095199,165.46950104935348
2020-07-13,2020,7,July,49180,48920,49258,48920,34250,0.61,338,0.6909239574816026,0.0,166.47484936700292
2020-07-14,2020,7,July,49277,49150,49299,48811,41500,0.2,488,0.9997746409620781,0.0,166.803195450545
2020-07-15,2020,7,July,49182,49240,49273,48951,37680,-0.19,322,0.6578006578006579,-0.19278771029080505,166.481619389344
2020-07-16,2020,7,July,48811,49121,49246,48755,30040,-0.75,491,1.007076197313096,-0.94567445258437,165.22578024507482
2020-07-17,2020,7,July,49001,48812,49086,48760,28010,0.39,326,0.6685808039376538,-0.5600990320027599,165.86893236747682
2020-07-20,2020,7,July,49067,49000,49190,48891,27740,0.13,299,0.6115645006238367,-0.4261623069586217,166.09234310473224
2020-07-21,2020,7,July,49559,49128,49599,49066,31550,1.0,533,1.0862919333143115,0.0,167.75776860063638
2020-07-22,2020,7,July,50115,49734,50238,49640,46550,1.12,598,1.2046736502820308,0.0,169.63983481145488
2020-07-23,2020,7,July,50762,50000,50970,50000,45430,1.29,970,1.94,0.0,171.82993703879222
2020-07-24,2020,7,July,51120,50800,51230,50669,39020,0.71,561,1.1071858532830725,0.0,173.04177103784443
2020-07-27,2020,7,July,52227,51700,52375,51700,39480,2.17,675,1.3056092843326885,0.0,176.78897840362873
2020-07-28,2020,7,July,52731,52390,52844,51351,54990,0.97,1493,2.9074409456485752,0.0,178.4950240335793
2020-07-29,2020,7,July,53207,52878,53323,52475,28840,0.9,848,1.6160076226774653,0.0,180.10628935075485
2020-07-30,2020,7,July,52986,53301,53388,52715,3700,-0.42,673,1.2766764677985394,-0.4153588813501983,179.35820188206623
2020-07-31,2020,7,July,53582,53999,54000,53210,670,1.12,790,1.48468333020109,0.0,181.3756685397062
2020-08-03,2020,8,August,53927,53988,53988,53600,150,0.64,388,0.7238805970149254,0.0,182.5434973935414
2020-08-04,2020,8,August,54784,54094,54950,53641,110,1.59,1309,2.4402975336030277,0.0,185.44445196669147
2020-08-05,2020,8,August,55597,54900,55949,54701,40,1.48,1248,2.2814939397817224,0.0,188.19646604833795
2020-08-06,2020,8,August,56117,55405,56199,55400,45660,0.94,799,1.4422382671480145,0.0,189.9566718570171
2020-08-07,2020,8,August,55018,56351,56499,54925,53590,-1.96,1574,2.8657259899863448,-1.9584083254628724,186.2365445805971
2020-08-10,2020,8,August,55243,54900,55660,54900,35600,0.41,760,1.384335154826958,-1.5574603061460877,186.99817209396792
2020-08-11,2020,8,August,52144,55150,55150,51929,80850,-5.61,3221,6.202699840166382,-7.079851025535934,176.50802247647417
2020-08-12,2020,8,August,52505,50680,52840,50026,92180,0.69,2814,5.625074961020269,-6.436552203432115,177.73001150903798
2020-08-13,2020,8,August,53148,52353,53250,52020,54500,1.22,1230,2.364475201845444,-5.290731863784593,179.90657369169318
2020-08-14,2020,8,August,52451,52801,53000,52000,47420,-1.31,1000,1.9230769230769231,-6.532779728068143,177.547220905829
2020-08-17,2020,8,August,53435,52468,53640,52270,43930,1.88,1370,2.6210063133728716,-4.779300390256072,180.87807189763728
2020-08-18,2020,8,August,53738,53387,54180,51888,70760,0.57,2292,4.4172062904717855,-4.239357057576135,181.90373028230994
2020-08-19,2020,8,August,52824,53576,53786,52505,56450,-1.7,1281,2.439767641177031,-5.868097011600763,178.80983007243924
2020-08-20,2020,8,August,52302,52500,52659,51860,55710,-0.99,799,1.540686463555727,-6.7982964164157025,177.04285424141898
2020-08-21,2020,8,August,52045,52400,52598,51355,59160,-0.49,1243,2.420406971083634,-7.25626815403532,176.17290637059102
2020-08-24,2020,8,August,51385,51959,52250,51266,47380,-1.27,984,1.9194007724417743,-8.432382344031222,173.9387989980367
2020-08-25,2020,8,August,50936,51508,51563,50860,39540,-0.87,703,1.3822257176563113,-9.232496391467826,172.41892898246564
2020-08-26,2020,8,August,51619,51070,51749,50513,48630,1.34,1236,2.446894858749233,-8.015396403941764,174.73089161194233
2020-08-27,2020,8,August,50507,51700,51721,50213,53540,-2.15,1508,3.003206340987394,-9.99697061496516,170.96675919030534
2020-08-28,2020,8,August,51050,51000,51395,50551,31610,1.08,844,1.6696009970129175,-9.02934939501399,172.80482025590683
2020-08-31,2020,8,August,51099,51267,51295,50901,4570,0.1,394,0.7740515903420365,-8.942031826362777,172.97068580326317
2020-09-01,2020,9,September,51017,51533,51708,50966,1490,-0.16,742,1.4558725424793,-9.088155104513785,172.6931148872791
2020-09-02,2020,9,September,50577,51035,51160,50500,100,-0.86,660,1.306930693069307,-9.872231231177718,171.2037099722429
2020-09-03,2020,9,September,50768,50755,51022,50502,350,0.38,520,1.0296621915963724,-9.531870912557693,171.85024710581544
2020-09-04,2020,9,September,50728,50980,50980,50501,140,-0.08,479,0.9484960693847646,-9.603150560436232,171.71484665899396
2020-09-07,2020,9,September,51149,50855,51284,50789,21050,0.83,495,0.9746204886884956,-8.852932266514603,173.13993636178998
2020-09-08,2020,9,September,51433,51000,51498,50714,44490,0.56,784,1.5459242023898727,-8.346846766576974,174.10127953422244
2020-09-09,2020,9,September,51486,51250,51536,50968,33440,0.1,568,1.1144247370899387,-8.252401233137908,174.28068512626092
2020-09-10,2020,9,September,51832,51426,51889,51315,33930,0.67,574,1.1185813115073564,-7.635832278988541,175.4518989912667
2020-09-11,2020,9,September,51393,51557,51739,51305,29230,-0.85,434,0.8459214501510574,-8.418126414455513,173.965879087401
2020-09-14,2020,9,September,51759,51540,51885,51403,28810,0.71,482,0.9376884617629321,-7.765917636366876,175.20479317581749
2020-09-15,2020,9,September,51818,51880,52199,51620,35290,0.11,579,1.1216582719876018,-7.66078015574603,175.40450883487915
2020-09-16,2020,9,September,51876,51849,52135,51812,33870,0.11,323,0.6234077047788157,-7.557424666322149,175.6008394827703
2020-09-17,2020,9,September,51498,51750,51750,51257,34620,-0.73,493,0.9618198489962346,-8.231017338774347,174.32130526030735
2020-09-18,2020,9,September,51764,51598,51889,51515,26220,0.52,374,0.7260021353003979,-7.75700768038206,175.22171823167017
2020-09-21,2020,9,September,50512,51734,51734,49872,53200,-2.42,1862,3.7335579082451074,-9.988060658980345,170.98368424615802
2020-09-22,2020,9,September,50454,50637,50750,50190,36990,-0.11,560,1.1157601115760112,-10.091416148404226,170.78735359826686
2020-09-23,2020,9,September,49576,50350,50470,49510,42440,-1.74,960,1.9390022217733793,-11.656004419338169,167.81531379053553
2020-09-24,2020,9,September,49959,49500,50038,49292,41420,0.77,746,1.5134301712245395,-10.973501790901153,169.11177306885114
2020-09-25,2020,9,September,49539,49890,49922,49330,31360,-0.84,592,1.2000810865599028,-11.721938093625818,167.69006837722566
2020-09-28,2020,9,September,49928,49499,50005,49212,8940,0.79,793,1.61139559457043,-11.02874351800702,169.00683772256448
2020-09-29,2020,9,September,50607,50096,50650,49925,470,1.36,725,1.4521782674011017,-9.818771495268813,171.30526030735902
2020-09-30,2020,9,September,50232,50455,50500,50070,310,-0.74,430,0.8587976832434593,-10.48701819413012,170.03588111840767
2020-10-01,2020,10,October,50345,50299,50465,50169,110,0.22,296,0.5900057804620382,-10.285653188873246,170.41838738067835
2020-10-05,2020,10,October,50809,50001,50871,50001,140,0.92,870,1.739965200695986,-9.45880927348219,171.98903256380746
2020-10-06,2020,10,October,50617,50637,51058,50527,29170,-0.38,531,1.0509232687474024,-9.800951583299177,171.33911041906438
2020-10-07,2020,10,October,50133,50346,50437,49910,34580,-0.96,527,1.0559006211180124,-10.663435322629507,169.70076501252453
2020-10-08,2020,10,October,50239,50115,50470,50000,29790,0.21,470,0.9400000000000001,-10.474544255751377,170.05957619660145
2020-10-09,2020,10,October,50872,50400,50988,50400,30470,1.26,588,1.1666666666666667,-9.34654382807349,172.2022882675513
2020-10-12,2020,10,October,51166,51000,51238,50984,21900,0.58,254,0.4981955123175898,-8.822638416166225,173.19748155168912
2020-10-13,2020,10,October,50306,50980,51131,50231,33720,-1.68,900,1.7917222432362485,-10.355150845554823,170.28637194502744
2020-10-14,2020,10,October,50614,50333,50771,50326,25030,0.61,445,0.8842347891745816,-9.806297556890069,171.32895538555277
2020-10-15,2020,10,October,50775,50480,50849,50356,28690,0.32,493,0.9790293113035189,-9.519396974178948,171.8739421840092
2020-10-16,2020,10,October,50605,50666,50860,50521,20350,-0.33,339,0.6710080956433958,-9.82233547766274,171.29849028501795
2020-10-19,2020,10,October,50751,50609,50970,50271,21200,0.29,699,1.3904636868174494,-9.562164762906072,171.79270191591633
2020-10-20,2020,10,October,50937,50688,50980,50551,23660,0.37,429,0.8486479001404522,-9.230714400270863,172.42231399363618
2020-10-21,2020,10,October,51313,51000,51398,50967,26660,0.74,431,0.8456452214177802,-8.560685710212592,173.69507819375804
2020-10-22,2020,10,October,50741,51170,51186,50563,22820,-1.11,623,1.232126258331191,-9.579984674875707,171.75885180421096
2020-10-23,2020,10,October,50820,50801,51040,50659,22780,0.16,381,0.7520874869223633,-9.43920737031559,172.02626768668335
2020-10-26,2020,10,October,50953,50686,51100,50531,24720,0.26,569,1.1260414399081753,-9.202202541119448,172.4764741723648
2020-10-27,2020,10,October,50984,50999,51111,50766,20580,0.06,345,0.6795887010991608,-9.146960814013578,172.5814095186514
2020-10-28,2020,10,October,50483,50915,51049,50306,27040,-0.98,743,1.4769609986880292,-10.039738403692287,170.88551892221244
2020-10-29,2020,10,October,50276,50444,50610,50122,21880,-0.41,488,0.9736243565699693,-10.408610581463726,170.1848216099113
2020-10-30,2020,10,October,50641,50370,50790,50197,4860,0.73,593,1.1813454987349843,-9.758183794572055,171.42035068715725
2020-11-02,2020,11,November,51032,50715,51068,50582,700,0.77,486,0.9608161005891424,-9.061425236559332,172.74389005483718
2020-11-03,2020,11,November,51509,51029,51572,50737,320,0.93,835,1.6457417663637977,-8.211415435607748,174.35854038318325
2020-11-04,2020,11,November,50829,51375,51455,50790,930,-1.32,665,1.3093128568615868,-9.423169449542918,172.0567327872182
2020-11-05,2020,11,November,51901,51115,52079,51035,380,2.11,1044,2.0456549426863915,-7.512874886398062,175.68546476203372
2020-11-06,2020,11,November,52190,51900,52490,51762,36600,0.56,728,1.4064371546694485,-6.997879430475614,176.6637329903189
2020-11-09,2020,11,November,49795,52300,52530,49526,68550,-4.59,3004,6.065500948996487,-11.265748347203166,168.5566312368831
2020-11-10,2020,11,November,50561,50150,50665,50150,36310,1.54,515,1.0269192422731805,-9.900743090329133,171.14954979351432
2020-11-11,2020,11,November,50230,50542,50580,50010,31070,-0.65,570,1.1397720455908817,-10.490582176524049,170.02911109606663
2020-11-12,2020,11,November,50652,50352,50847,50272,27720,0.84,575,1.1437778485041374,-9.738581891405456,171.45758581003315
2020-11-13,2020,11,November,50956,50636,51161,50636,23840,0.6,525,1.0368117544829767,-9.196856567528556,172.4866292058764
2020-11-14,2020,11,November,50945,50961,51125,50901,2260,-0.02,224,0.44006993968684305,-9.216458470695155,172.44939408300047
2020-11-16,2020,11,November,50870,50948,51080,50111,22590,-0.15,969,1.933707170082417,-9.350107810467415,172.1955182452102
2020-11-17,2020,11,November,50806,50880,51038,50727,21980,-0.13,311,0.6130857334358428,-9.464155247073078,171.97887753029585
2020-11-18,2020,11,November,50377,50680,50690,50108,30920,-0.84,582,1.161491179053245,-10.228629470570414,170.52670773813554
2020-11-19,2020,11,November,50063,50242,50265,49830,31010,-0.62,435,0.872968091511138,-10.78817470641695,169.46381423058696
2020-11-20,2020,11,November,50279,50100,50491,50001,25040,0.43,490,0.9799804003919922,-10.403264607872838,170.1949766434229
2020-11-23,2020,11,November,49555,50323,50400,49385,34510,-1.44,1015,2.0552799433026223,-11.693426234474401,167.74422855595424
2020-11-24,2020,11,November,48683,49429,49429,48621,35190,-1.76,808,1.6618333641842002,-13.247322558226562,164.7924988152461
2020-11-25,2020,11,November,48568,48614,48981,48486,27980,-0.24,495,1.0209132533102339,-13.452251545877363,164.40322253063437
2020-11-26,2020,11,November,48597,48600,48840,48495,19380,0.06,345,0.7114135477884318,-13.400573801165422,164.50138785457992
2020-11-27,2020,11,November,48189,48587,48668,47879,23050,-0.84,789,1.6479040915641514,-14.127626209526525,163.1203032970009
2020-11-30,2020,11,November,47898,47889,48075,47526,2040,-0.6,549,1.1551571771241005,-14.646185647842898,162.13526504637466
2020-12-01,2020,12,December,48641,48200,48937,47809,360,1.55,1128,2.3593883996737017,-13.322166188499029,164.65032834608354
2020-12-02,2020,12,December,48959,48630,49080,48377,380,0.65,703,1.4531698947847118,-12.755492987864638,165.72676189831427
2020-12-03,2020,12,December,49061,49210,49334,48881,650,0.21,453,0.9267404513000961,-12.573729885774366,166.07203303770902
2020-12-04,2020,12,December,49322,49054,49606,47651,110,0.53,1955,4.102747056724938,-12.108630183366895,166.95552095321915
2020-12-07,2020,12,December,49923,49376,49991,48867,31170,1.22,1124,2.300120735874926,-11.037653473991838,168.9899126667118
2020-12-08,2020,12,December,50049,50100,50122,49710,26650,0.25,412,0.8288070810702072,-10.81312258317444,169.41642407419943
2020-12-09,2020,12,December,49256,49961,49961,49124,32650,-1.58,837,1.7038514778926799,-12.226241602366485,166.7321102159637
2020-12-10,2020,12,December,49081,49256,49470,48968,27640,-0.36,502,1.0251592876980886,-12.538090061835094,166.13973326111977
2020-12-11,2020,12,December,49306,49102,49395,48903,26230,0.46,492,1.0060732470400588,-12.13714204251831,166.90136077449057
2020-12-14,2020,12,December,48916,49255,49255,48659,29840,-0.79,596,1.224850490145708,-12.83211860933407,165.58120641798118
2020-12-15,2020,12,December,49416,48989,49522,48984,28740,1.02,538,1.098317818063041,-11.941123010852326,167.2737120032496
2020-12-16,2020,12,December,49544,49500,49784,49422,30230,0.26,362,0.732467322245154,-11.713028137641,167.70699343307834
2020-12-17,2020,12,December,50263,49649,50425,49649,35230,1.45,776,1.5629720638884972,-10.431776467024253,170.14081646469435
2020-12-18,2020,12,December,50100,50110,50283,49885,25050,-0.32,398,0.7978350205472587,-10.7222410321293,169.58905964389683
2020-12-21,2020,12,December,50146,50199,50716,49465,39390,0.09,1251,2.529060952188416,-10.64026943706898,169.74477015774153
2020-12-22,2020,12,December,49768,50224,50287,49667,24490,-0.75,620,1.2483137697062436,-11.31386210952118,168.46523593527857
2020-12-23,2020,12,December,49909,49771,50020,49466,26910,0.28,554,1.1199611854607205,-11.062601350749327,168.9425225103243
2020-12-24,2020,12,December,49787,50021,50049,49630,18140,-0.24,419,0.844247430989321,-11.280004276778872,168.5295511475188
2020-12-28,2020,12,December,49761,49900,50318,49711,25620,-0.05,607,1.2210577135845186,-11.326336047899924,168.44154085708482
2020-12-29,2020,12,December,49722,49820,49899,49600,13260,-0.08,299,0.6028225806451613,-11.3958337045815,168.3095254214339
2020-12-30,2020,12,December,49881,49840,49950,49599,3650,0.32,351,0.7076755579749592,-11.112497104264305,168.84774219754925
2020-12-31,2020,12,December,50081,49940,50139,49778,390,0.4,361,0.7252199766965326,-10.756098864871607,169.52474443165661
2021-01-01,2021,1,January,50081,50123,50202,50003,50,0.0,199,0.39797612143271405,-10.756098864871607,169.52474443165661
2021-01-04,2021,1,January,51349,50715,51493,50654,150,2.53,839,1.656335136415683,-8.496534027121907,173.81693859589737
2021-01-05,2021,1,January,51456,51334,51549,51202,150,0.21,347,0.6777079020350767,-8.305860969046813,174.1791347911448
2021-01-06,2021,1,January,50545,51564,51857,50468,47140,-1.77,1389,2.752239042561623,-9.92925494948055,171.09538961478572
2021-01-07,2021,1,January,50918,50632,51045,50632,28490,0.74,413,0.8156896824142834,-9.264572233013169,172.35799878139596
2021-01-08,2021,1,January,49035,50818,50824,48855,58390,-3.7,1969,4.030293726333026,-12.620061656895414,165.98402274727505
2021-01-11,2021,1,January,49386,48835,49435,48578,34630,0.72,857,1.7641730824653135,-11.994582746761232,167.17216166813353
2021-01-12,2021,1,January,49098,49333,49620,49000,28650,-0.58,620,1.2653061224489797,-12.507796211486715,166.1972784510189
2021-01-13,2021,1,January,49354,49248,49497,49210,21700,0.52,287,0.5832147937411095,-12.051606465064063,167.06384131067634
2021-01-14,2021,1,January,49238,49321,49321,48807,29610,-0.24,514,1.0531276251357387,-12.258317443911828,166.67118001489405
2021-01-15,2021,1,January,48745,49277,49328,48600,30090,-1.0,728,1.4979423868312758,-13.136839104014827,165.00236950781937
2021-01-18,2021,1,January,48918,48701,49000,48588,17920,0.35,412,0.8479459948958591,-12.828554626940141,165.58797644032225
2021-01-19,2021,1,January,49011,48918,49082,48775,23140,0.19,307,0.629420809841107,-12.66282944562254,165.90278247918218
2021-01-20,2021,1,January,49528,49097,49614,48836,36370,1.05,778,1.5930870669178476,-11.741539996792415,167.65283325434973
2021-01-21,2021,1,January,49418,49600,49743,49315,23310,-0.22,428,0.8678900942917976,-11.9375590284584,167.2804820255907
2021-01-22,2021,1,January,49131,49397,49397,48711,30380,-0.58,686,1.4083061320851553,-12.44899050198692,166.3089838196466
2021-01-25,2021,1,January,49144,49137,49321,48936,24630,0.03,385,0.7867418669282329,-12.425824616426395,166.35298896486358
2021-01-27,2021,1,January,48879,48919,48985,48554,25140,-0.54,431,0.8876714585821972,-12.89805228362172,165.45596100467134
2021-01-28,2021,1,January,48672,48699,49248,48568,28330,-0.42,680,1.4000988305056827,-13.266924461393161,164.7552636923702
2021-01-29,2021,1,January,49111,48672,49490,48672,27930,0.9,818,1.6806377383300461,-12.48463032592619,166.24128359623586
2021-02-01,2021,2,February,48424,49298,49438,47425,3140,-1.4,2013,4.244596731681603,-13.708858278240104,163.91578092207703
2021-02-02,2021,2,February,47752,48344,48344,47531,380,-1.39,813,1.7104626454314025,-14.906356362599569,161.64105341547628
2021-02-03,2021,2,February,47703,47890,47925,47639,190,-0.1,286,0.6003484539977749,-14.993673931250779,161.47518786811997
2021-02-04,2021,2,February,46695,47050,47575,46501,140,-2.11,1074,2.3096277499408613,-16.789921057789975,158.0630966082188
2021-02-05,2021,2,February,46978,46602,47100,46601,30,0.61,499,1.0707924722645437,-16.28561754904931,159.02105476948074
2021-02-08,2021,2,February,47726,47147,47828,47064,29170,1.59,764,1.6233214346421894,-14.95268813372062,161.5530431250423
2021-02-09,2021,2,February,47818,47850,48061,47651,27330,0.19,410,0.8604226563975572,-14.78874494359998,161.8644641527317
2021-02-10,2021,2,February,47863,47930,48136,47711,27630,0.09,425,0.8907799040053656,-14.70855533973662,162.01678965540586
2021-02-11,2021,2,February,47377,47742,47950,47333,24860,-1.02,617,1.3035303065514547,-15.574603061460875,160.37167422652493
2021-02-12,2021,2,February,47169,47670,47670,47012,30720,-0.44,658,1.399642644431209,-15.945257230429283,159.66759190305328
2021-02-15,2021,2,February,47118,47200,47297,47064,15390,-0.11,233,0.4950705422403535,-16.036138781474417,159.4949563333559
2021-02-16,2021,2,February,46777,47118,47325,46600,37740,-0.72,725,1.555793991416309,-16.64379777963897,158.34066752420284
2021-02-17,2021,2,February,46134,46700,46709,46088,34790,-1.37,621,1.3474223225134525,-17.78961811928649,156.16410534154764
2021-02-18,2021,2,February,46046,46244,46379,45955,28540,-0.19,424,0.9226417147209226,-17.94643334461928,155.8662243585404
2021-02-19,2021,2,February,46095,45970,46359,45805,30680,0.11,554,1.2094749481497653,-17.859115775968068,156.0320899058967
2021-02-22,2021,2,February,46782,46297,46840,46125,30050,1.49,715,1.5501355013550135,-16.63488782365415,158.3575925800555
2021-02-23,2021,2,February,46632,46890,46890,46430,22890,-0.32,460,0.9907387465001077,-16.902186503198674,157.84984090447497
2021-02-24,2021,2,February,46369,46580,46715,46160,21710,-0.56,555,1.2023396880415944,-17.370850188000073,156.9595829666238
2021-02-25,2021,2,February,46085,46321,46496,45976,24510,-0.61,520,1.131024882547416,-17.8769356879377,155.9982397941913
2021-02-26,2021,2,February,45569,45911,46516,45475,32960,-1.12,1041,2.2891698735568995,-18.79644314557086,154.2515740301943
2021-03-01,2021,3,March,45021,46187,46188,44910,5190,-1.2,1278,2.845691382765531,-19.77297432150685,152.3965879087401
2021-03-02,2021,3,March,45224,44945,45431,44873,320,0.45,558,1.2435094600316448,-19.411230108523263,153.0837451763591
2021-03-03,2021,3,March,44721,45267,45267,44472,30,-1.11,795,1.7876416621694549,-20.3075716805959,151.38108455757904
2021-03-04,2021,3,March,44581,44686,44686,44370,10,-0.31,316,0.7121929231462699,-20.557050448170784,150.90718299370388
2021-03-05,2021,3,March,44442,44279,44499,44188,50,-0.31,311,0.7038109894088893,-20.804747224548713,150.43666644099923
2021-03-08,2021,3,March,44233,44720,44775,44163,29840,-0.47,612,1.3857754228652945,-21.17718338471408,149.72919910635704
2021-03-09,2021,3,March,44844,44299,44918,44280,29790,1.38,638,1.4408310749774165,-20.08838676336939,151.79744093155506
2021-03-10,2021,3,March,44774,44750,44920,44636,22090,-0.16,284,0.6362577291872031,-20.21312614715683,151.5604901496175
2021-03-11,2021,3,March,44876,44950,45135,44785,15840,0.23,350,0.7815116668527409,-20.03136304506656,151.90576128901225
2021-03-12,2021,3,March,44737,44740,44779,44310,32180,-0.31,469,1.0584518167456556,-20.27905982144448,151.43524473630762
2021-03-15,2021,3,March,44906,44860,45038,44763,21500,0.38,275,0.6143466702410473,-19.977903309157654,152.00731162412836
2021-03-16,2021,3,March,44820,44962,45071,44775,18920,-0.19,296,0.6610831937465103,-20.13115455209651,151.7162006634622
2021-03-17,2021,3,March,44848,44902,45018,44750,18240,0.06,268,0.5988826815642458,-20.081258798581537,151.81098097623723
2021-03-18,2021,3,March,44942,45000,45300,44625,33560,0.21,675,1.5126050420168067,-19.91375162606697,152.12917202626767
2021-03-19,2021,3,March,45008,44946,45125,44818,18820,0.15,307,0.684992636886965,-19.796140207067378,152.35258276352312
2021-03-22,2021,3,March,44885,44922,45019,44632,20260,-0.27,387,0.8670908765011651,-20.015325124293888,151.9362263895471
2021-03-23,2021,3,March,44636,44910,44984,44584,19810,-0.55,400,0.897182845863987,-20.459040932337793,151.0933586080834
2021-03-24,2021,3,March,44841,44786,44880,44679,16570,0.46,201,0.4498757805680521,-20.09373273696028,151.78728589804348
2021-03-25,2021,3,March,44726,44870,45025,44610,22460,-0.26,415,0.9302846895314952,-20.29866172461108,151.39800961343173
2021-03-26,2021,3,March,44629,44652,44759,44437,22630,-0.22,322,0.7246213740801585,-20.47151487071654,151.06966352988965
2021-03-29,2021,3,March,43754,44474,44560,43621,11180,-1.96,939,2.152632906169047,-22.03075716805959,148.1077787556699
2021-03-30,2021,3,March,43941,43950,44200,43819,1900,0.43,381,0.8694858394760264,-21.697524814227418,148.7407758445603
2021-03-31,2021,3,March,44418,43899,44529,43735,330,1.09,794,1.8154795930033152,-20.847515013275835,150.3554261729064
2021-04-01,2021,4,April,44957,44500,45002,44500,150,1.21,502,1.1280898876404495,-19.887021758112514,152.17994719382574
2021-04-05,2021,4,April,44985,44918,45050,44805,310,0.06,245,0.5468139716549492,-19.83712600459754,152.27472750660078
2021-04-06,2021,4,April,45685,45257,45730,45250,17870,1.56,480,1.0607734806629834,-18.589732166723095,154.64423532597658
2021-04-07,2021,4,April,46128,45600,46180,45518,21450,0.97,662,1.454369699898941,-17.80031006646827,156.1437952745244
2021-04-08,2021,4,April,46576,46041,46620,46015,21420,0.97,605,1.3147886558730848,-17.00197801022863,157.66028027892492
2021-04-09,2021,4,April,46344,46458,46674,46085,21980,-0.5,589,1.2780731257459044,-17.41539996792416,156.87495768736036
2021-04-12,2021,4,April,46188,46333,46514,46162,18010,-0.34,352,0.7625319526883584,-17.693390594650463,156.34689594475662
2021-04-13,2021,4,April,46674,46202,46750,46125,20250,1.05,625,1.3550135501355014,-16.827342872926206,157.99201137363755
2021-04-14,2021,4,April,46317,46650,46659,46180,12630,-0.76,479,1.0372455608488522,-17.463513730242173,156.78356238575589
2021-04-15,2021,4,April,46881,46370,46973,46370,21620,1.22,603,1.3004097476816907,-16.458470695154766,158.69270868593867
2021-04-16,2021,4,April,47022,46808,47097,46511,23540,0.3,586,1.2599170088796199,-16.207209936382913,159.16999526098436
2021-04-19,2021,4,April,47084,47025,47500,47000,24590,0.13,500,1.0638297872340425,-16.096726482171178,159.37986595355764
2021-04-20,2021,4,April,47498,47111,47538,46712,27160,0.88,826,1.7682822401096077,-15.358982126628295,160.7812605781599
2021-04-21,2021,4,April,47892,47531,48035,47531,15990,0.83,504,1.060360606761903,-14.656877595024682,162.1149549793514
2021-04-22,2021,4,April,47426,47893,47936,47355,22210,-0.97,581,1.2269031781226905,-15.487285492809665,160.53753977388126
2021-04-23,2021,4,April,47169,47534,47667,47046,24780,-0.54,621,1.3199846958296135,-15.945257230429283,159.66759190305328
2021-04-26,2021,4,April,47117,47280,47280,46939,18480,-0.11,341,0.7264747864249345,-16.03792077267138,159.49157132218537
2021-04-27,2021,4,April,46960,47090,47187,46920,13460,-0.33,267,0.5690537084398978,-16.317693390594652,158.96012456841106
2021-04-28,2021,4,April,46697,46890,46890,46471,17680,-0.56,419,0.9016375804265027,-16.786357075396047,158.0698666305599
2021-04-29,2021,4,April,46400,46867,46904,46138,6950,-0.64,766,1.660236681260566,-17.315608460894204,157.06451831291045
2021-04-30,2021,4,April,46431,46306,46590,46306,310,0.07,284,0.6133114499200967,-17.260366733788334,157.16945365919707
2021-05-03,2021,5,May,46963,46849,47000,46618,120,1.15,382,0.8194259728002059,-16.31234741700376,158.9702796019227
2021-05-04,2021,5,May,46782,46890,46943,46500,30,-0.39,443,0.9526881720430107,-16.63488782365415,158.3575925800555
2021-05-05,2021,5,May,46591,46680,46692,46500,50,-0.41,192,0.4129032258064516,-16.975248142274175,157.711055446483
2021-05-06,2021,5,May,47536,47019,47573,46980,29120,2.03,593,1.262239250744998,-15.291266461143682,160.9098910026403
2021-05-07,2021,5,May,47719,47540,47990,47512,31360,0.38,478,1.006061626536454,-14.965162072099364,161.52934804684855
2021-05-10,2021,5,May,47925,47849,48083,47726,21580,0.43,357,0.748019947198592,-14.598071885524885,162.22666034797913
2021-05-11,2021,5,May,47625,47906,47986,47351,29710,-0.63,635,1.3410487634896833,-15.13266924461393,161.2111569968181
2021-05-12,2021,5,May,47491,47555,47838,47400,25670,-0.28,438,0.9240506329113924,-15.371456065007038,160.75756549996615
2021-05-13,2021,5,May,47452,47400,47535,47251,12520,-0.08,284,0.6010454805189308,-15.440953721688617,160.6255500643152
2021-05-14,2021,5,May,47682,47399,47706,47356,17130,0.48,350,0.7390826927949996,-15.031095746387013,161.40410263353868
2021-05-17,2021,5,May,48437,47855,48467,47855,23470,1.58,612,1.2788632326820604,-13.685692392679579,163.95978606729403
2021-05-18,2021,5,May,48288,48245,48496,48153,18850,-0.31,343,0.7123128361680476,-13.951209081027141,163.45541940288405
2021-05-19,2021,5,May,48660,48275,48830,47960,35570,0.77,870,1.8140116763969976,-13.288308355756723,164.71464355832376
2021-05-20,2021,5,May,48519,48760,48760,48271,21060,-0.29,489,1.0130305980816638,-13.539569114528573,164.23735698327803
2021-05-21,2021,5,May,48368,48351,48620,48230,20650,-0.31,390,0.8086253369272237,-13.808649785270061,163.72622029652698
2021-05-24,2021,5,May,48514,48544,48605,48351,16510,0.3,254,0.5253252259518935,-13.548479070513391,164.22043192742538
2021-05-25,2021,5,May,48780,48447,48806,48300,21060,0.55,506,1.0476190476190477,-13.074469412121104,165.12084489878816
2021-05-26,2021,5,May,48728,48850,49100,48600,16510,-0.11,500,1.02880658436214,-13.167132954363206,164.94482431792025
2021-05-27,2021,5,May,48561,48730,48788,48435,17840,-0.34,353,0.7288118096417879,-13.464725484256107,164.3795274524406
2021-05-28,2021,5,May,48543,48470,48588,48237,17740,-0.04,351,0.7276571926114808,-13.49680132580145,164.31859725137093
2021-05-31,2021,5,May,48807,48664,48874,48582,2830,0.54,292,0.6010456547692561,-13.02635564980309,165.21224020039267
2021-06-01,2021,6,June,48935,48975,49210,48800,890,0.26,410,0.8401639344262295,-12.798260776591764,165.64552163022137
2021-06-02,2021,6,June,49108,48963,49145,48948,80,0.35,197,0.4024679251450519,-12.48997629951708,166.23112856272425
2021-06-03,2021,6,June,48293,49309,49309,48213,150,-1.66,1096,2.2732458050733206,-13.942299125042323,163.4723444587367
2021-06-04,2021,6,June,48650,48321,48765,48200,220,0.74,565,1.1721991701244814,-13.306128267726358,164.68079344661837
2021-06-07,2021,6,June,48911,48767,48936,48590,10910,0.54,346,0.7120806750360156,-12.841028565318888,165.5642813621285
2021-06-08,2021,6,June,48908,48882,49120,48732,15280,-0.01,388,0.7961914142657801,-12.846374538909778,165.5541263286169
2021-06-09,2021,6,June,48904,48911,49036,48827,10270,-0.01,209,0.4280418620845024,-12.85350250369763,165.54058628393474
2021-06-10,2021,6,June,48975,48829,49015,48502,20510,0.15,513,1.0576883427487527,-12.726981128713225,165.78092207704285
2021-06-11,2021,6,June,48717,49016,49145,48681,17040,-0.53,464,0.9531439370596331,-13.186734857529803,164.90758919504432
2021-06-14,2021,6,June,48318,48680,48680,47962,23420,-0.82,718,1.4970184729577583,-13.897749345118235,163.55696973800013
2021-06-15,2021,6,June,48230,48310,48495,48180,13380,-0.18,315,0.6537982565379826,-14.054564570451022,163.2590887549929
2021-06-16,2021,6,June,48279,48240,48355,48181,10100,0.1,174,0.3611382080073058,-13.967247001799812,163.4249543023492
2021-06-17,2021,6,June,46781,48205,48205,46628,32070,-3.1,1577,3.3820880157845075,-16.636669814851114,158.354207568885
2021-06-18,2021,6,June,46592,46860,47187,46526,17880,-0.4,661,1.4207110003009071,-16.97346615107721,157.7144404576535
2021-06-21,2021,6,June,46904,46800,46960,46482,17130,0.67,478,1.0283550621746054,-16.417484897624607,158.77056394286103
2021-06-22,2021,6,June,46838,46981,47068,46721,14670,-0.14,347,0.7427067057640033,-16.535096316624195,158.54715320560558
2021-06-23,2021,6,June,46921,46915,47123,46799,12030,0.18,324,0.6923224855231949,-16.387191047276225,158.82810913276012
2021-06-24,2021,6,June,46701,46850,46997,46638,14040,-0.47,359,0.7697585659762425,-16.779229110608192,158.08340667524203
2021-06-25,2021,6,June,46757,46839,47050,46637,16690,0.12,413,0.8855629650277675,-16.679437603578236,158.2729673007921
2021-06-28,2021,6,June,46821,46400,46959,46400,15550,0.14,559,1.204741379310345,-16.565390166972573,158.48960801570647
2021-06-29,2021,6,June,46438,46719,46809,46202,5170,-0.82,607,1.3137959395697156,-17.24789279540959,157.19314873739083
2021-06-30,2021,6,June,46817,46448,46858,46372,830,0.82,486,1.0480462347968602,-16.57251813176043,158.47606797102432
2021-07-01,2021,7,July,46985,46882,47999,46837,120,0.36,1162,2.480944552383799,-16.273143610670562,159.0447498476745
2021-07-02,2021,7,July,47286,47200,47553,47200,200,0.64,353,0.7478813559322034,-15.736764260384554,160.06363821000608
2021-07-05,2021,7,July,47567,47800,48704,47075,30,0.59,1629,3.460435475305364,-15.236024734037814,161.01482634892693
2021-07-06,2021,7,July,47694,47418,47971,47418,22960,0.27,553,1.1662237968703868,-15.009711852023452,161.44472276758512
2021-07-07,2021,7,July,47887,47779,47963,47669,13920,0.4,294,0.6167530260756466,-14.6657875510095,162.09802992349876
2021-07-08,2021,7,July,47735,47814,48244,47650,25700,-0.32,594,1.2465897166841553,-14.936650212947947,161.58350822557713
2021-07-09,2021,7,July,47898,47798,47922,47621,15170,0.34,301,0.6320740849625165,-14.646185647842898,162.13526504637466
2021-07-12,2021,7,July,47768,47750,47849,47503,17040,-0.27,346,0.7283750499968423,-14.877844503448154,161.69521359420486
2021-07-13,2021,7,July,47887,47865,48035,47710,18880,0.25,325,0.6811989100817438,-14.6657875510095,162.09802992349876
2021-07-14,2021,7,July,48265,47954,48320,47902,18330,0.79,418,0.8726149221326875,-13.9921948785573,163.37756414596168
2021-07-15,2021,7,July,48358,48290,48460,48150,16070,0.19,310,0.6438213914849429,-13.826469697239697,163.6923701848216
2021-07-16,2021,7,July,48040,48330,48375,47980,17430,-0.66,395,0.8232596915381409,-14.393142897874084,162.6159366325909
2021-07-19,2021,7,July,48069,48132,48200,47786,17250,0.06,414,0.8663625329594441,-14.341465153162144,162.71410195653647
2021-07-20,2021,7,July,47861,48170,48247,47788,19090,-0.43,459,0.960492173767473,-14.71211932213055,162.0100196330648
2021-07-21,2021,7,July,47584,47790,47790,47518,8420,-0.58,272,0.5724146639168315,-15.205730883689434,161.07237153882608
2021-07-22,2021,7,July,47624,47518,47670,47320,15980,0.08,350,0.7396449704142012,-15.134451235810895,161.20777198564755
2021-07-23,2021,7,July,47521,47560,47700,47333,14170,-0.22,367,0.7753575729406545,-15.317996329098134,160.85911583508226
2021-07-26,2021,7,July,47455,47615,47770,47430,13070,-0.14,340,0.7168458781362007,-15.435607748097723,160.63570509782684
2021-07-27,2021,7,July,47551,47449,47609,47364,12870,0.2,245,0.5172705008022971,-15.264536593189229,160.96066617019835
2021-07-28,2021,7,July,47535,47640,47650,47411,8780,-0.03,239,0.50410242348822,-15.293048452340646,160.90650599146977
2021-07-29,2021,7,July,48210,47720,48250,47713,13670,1.42,537,1.1254794290864125,-14.090204394390291,163.19138853158216
2021-07-30,2021,7,July,47901,48239,48254,47830,2650,-0.64,424,0.8864729249425046,-14.64083967425201,162.14542007988626
2021-08-02,2021,8,August,47937,48094,48172,47720,170,0.08,452,0.9471919530595138,-14.576687991161325,162.2672804820256
2021-08-03,2021,8,August,47854,47820,48168,47760,70,-0.17,408,0.8542713567839196,-14.724593260509295,161.98632455487103
2021-08-04,2021,8,August,47872,47950,48300,47739,40,0.04,561,1.175139822786401,-14.692517418963948,162.04725475594068
2021-08-05,2021,8,August,47959,47870,48199,47790,30,0.18,409,0.8558275789914207,-14.537484184828129,162.34175072777742
2021-08-06,2021,8,August,46682,47550,47571,46621,23200,-2.66,950,2.0377083288646745,-16.8130869433505,158.01909146300184
2021-08-09,2021,8,August,45949,46600,46600,45860,21360,-1.57,740,1.6136066288704751,-18.119286490724736,155.5378782749983
2021-08-10,2021,8,August,45936,46089,46148,45708,16300,-0.03,440,0.9626323619497681,-18.142452376285263,155.49387312978132
2021-08-11,2021,8,August,46351,46029,46396,45915,15300,0.9,481,1.0475879342262877,-17.402926029545416,156.89865276555412
2021-08-12,2021,8,August,46335,46288,46518,46160,12510,-0.03,358,0.7755632582322357,-17.43143788869683,156.84449258682554
2021-08-13,2021,8,August,46886,46400,46925,46370,13880,1.19,555,1.1968945438861334,-16.44956073916995,158.70963374179135
2021-08-16,2021,8,August,47138,46900,47190,46761,12470,0.54,429,0.9174311926605505,-16.00049895753515,159.56265655676665
2021-08-17,2021,8,August,47206,47132,47455,47106,12460,0.14,349,0.7408822655288073,-15.879323556141633,159.79283731636315
2021-08-18,2021,8,August,47069,47324,47344,46965,11510,-0.29,379,0.8069839241988714,-16.123456350125632,159.3290907859996
2021-08-19,2021,8,August,47119,47150,47422,47027,9100,0.11,395,0.8399430114615007,-16.034356790277457,159.49834134452644
2021-08-20,2021,8,August,47110,47199,47286,47011,9430,-0.02,275,0.5849694752292017,-16.050394711050128,159.4678762439916
2021-08-23,2021,8,August,47511,47170,47549,47100,12350,0.85,449,0.9532908704883227,-15.335816241067768,160.8252657233769
2021-08-24,2021,8,August,47532,47493,47634,47405,9450,0.04,229,0.48307140596983444,-15.298394425931535,160.89635095795816
2021-08-25,2021,8,August,47108,47351,47398,47025,10430,-0.89,373,0.7931951089845827,-16.053958693444052,159.46110622165054
2021-08-26,2021,8,August,47163,47125,47285,46877,9960,0.12,408,0.8703628645177806,-15.955949177611062,159.64728183603006
2021-08-27,2021,8,August,47416,47312,47480,46777,13590,0.54,703,1.5028753447206962,-15.505105404779302,160.50368966217587
2021-08-30,2021,8,August,47049,47276,47466,47005,3010,-0.77,461,0.9807467290713754,-16.1590961740649,159.26139056258884
2021-08-31,2021,8,August,47060,47220,47260,46800,190,0.02,460,0.9829059829059829,-16.139494270898304,159.29862568546474
2021-09-01,2021,9,September,47093,47060,47599,46964,60,0.07,635,1.352099480453113,-16.080688561398507,159.41033105409247
2021-09-02,2021,9,September,47048,47142,47243,46929,20,-0.1,314,0.6690958682264697,-16.160878165261863,159.2580055514183
2021-09-03,2021,9,September,47342,47299,47500,47295,10,0.62,205,0.4334496246960567,-15.636972753354597,160.25319883555616
2021-09-06,2021,9,September,47450,47534,47534,47402,5740,0.23,132,0.27846926290029955,-15.444517704082541,160.61878004197413
2021-09-07,2021,9,September,46989,47469,47469,46910,16580,-0.97,559,1.1916435727989767,-16.26601564588271,159.05828989235664
2021-09-08,2021,9,September,47072,47047,47170,46800,12500,0.18,370,0.7905982905982906,-16.118110376534737,159.3392458195112
2021-09-09,2021,9,September,47021,46984,47128,46770,14580,-0.11,358,0.7654479367115673,-16.208991927579877,159.16661024981383
2021-09-10,2021,9,September,46858,46987,47030,46810,6110,-0.35,220,0.4699850459303568,-16.499456492684928,158.6148534290163
2021-09-13,2021,9,September,46946,46930,47060,46800,12220,0.19,260,0.5555555555555556,-16.34264126735214,158.91273441202355
2021-09-14,2021,9,September,47267,46924,47325,46672,21080,0.68,653,1.3991258141926637,-15.77062209312686,159.9993229977659
2021-09-15,2021,9,September,46949,47247,47281,46920,14360,-0.67,361,0.7693947144075022,-16.337295293761247,158.92288944553516
2021-09-16,2021,9,September,46120,46984,46984,45876,24980,-1.77,1108,2.415206208039062,-17.814565996043978,156.1167151851601
2021-09-17,2021,9,September,46025,46090,46263,45903,13910,-0.21,360,0.7842624665054572,-17.98385515975551,155.7951391239591
2021-09-20,2021,9,September,46297,46020,46395,45913,14800,0.59,482,1.049811600200379,-17.499153554181444,156.71586216234513
2021-09-21,2021,9,September,46641,46297,46798,46163,17710,0.74,635,1.3755605138314233,-16.886148582426003,157.88030600500983
2021-09-22,2021,9,September,46682,46663,46765,46575,9690,0.09,190,0.40794417606011807,-16.8130869433505,158.01909146300184
2021-09-23,2021,9,September,46083,46521,46550,45964,18760,-1.28,586,1.2749107997563311,-17.88049967033163,155.99146977185026
2021-09-24,2021,9,September,45995,46100,46146,45805,12760,-0.19,341,0.7444602117672743,-18.037314895664416,155.69358878884302
2021-09-27,2021,9,September,46064,46135,46215,45910,14400,0.15,305,0.6643432803310825,-17.914357503073937,155.92715455961005
2021-09-28,2021,9,September,45819,46008,46072,45679,17770,-0.53,393,0.8603515838788064,-18.35094534632999,155.09782682282852
2021-09-29,2021,9,September,45550,45842,45960,45488,7360,-0.59,472,1.037636299683433,-18.830300978313165,154.1872588179541
2021-09-30,2021,9,September,46221,45790,46377,45507,310,1.47,870,1.9117937899663788,-17.634584885150666,156.45860131338435
2021-10-01,2021,10,October,46315,46303,46360,46125,190,0.2,235,0.5094850948509485,-17.4670777126361,156.77679236341478
2021-10-04,2021,10,October,46618,46299,46640,46209,50,0.65,431,0.9327187344456707,-16.92713437995616,157.80245074808747
2021-10-05,2021,10,October,46459,46556,46557,46345,20,-0.34,212,0.4574387744093214,-17.210470980273357,157.26423397197212
2021-10-06,2021,10,October,46781,46550,46874,46451,14920,0.69,423,0.910637015349508,-16.636669814851114,158.354207568885
2021-10-07,2021,10,October,46737,46747,46869,46612,11490,-0.09,257,0.5513601647644384,-16.715077427517507,158.20526707738136
2021-10-08,2021,10,October,46922,46740,47225,46702,19610,0.4,523,1.1198663868785061,-16.385409056079265,158.83149414393068
2021-10-11,2021,10,October,46941,46910,47090,46750,10000,0.04,340,0.7272727272727273,-16.35155122333696,158.89580935617087
2021-10-12,2021,10,October,47097,47025,47280,46941,14250,0.33,339,0.7221831661021282,-16.073560596610655,159.42387109877464
2021-10-13,2021,10,October,47753,47060,47845,47024,23580,1.39,821,1.7459169785641375,-14.904574371402605,161.6444384266468
2021-10-14,2021,10,October,47748,47682,47954,47651,12460,-0.01,303,0.6358733289962435,-14.913484327387422,161.62751337079413
2021-10-15,2021,10,October,47106,47706,47706,47015,13810,-1.34,691,1.4697436988195256,-16.057522675837983,159.45433619930947
2021-10-18,2021,10,October,47186,47200,47295,47077,14020,0.17,218,0.46307113877264905,-15.914963380080902,159.7251370929524
2021-10-19,2021,10,October,47196,47199,47525,47140,14500,0.02,385,0.8167161646160372,-15.897143468111269,159.75898720465779
2021-10-20,2021,10,October,47380,47260,47449,47174,14480,0.39,275,0.5829482341968033,-15.569257087869987,160.38182926003657
2021-10-21,2021,10,October,47314,47430,47460,47250,11820,-0.14,210,0.4444444444444444,-15.686868506869574,160.15841852278112
2021-10-22,2021,10,October,47668,47439,48050,47375,20490,0.75,675,1.424802110817942,-15.056043623144502,161.35671247715118
2021-10-25,2021,10,October,48030,47770,48140,47730,10400,0.76,410,0.8589985334171382,-14.410962809843719,162.58208652088553
2021-10-26,2021,10,October,47680,47996,48125,47480,12420,-0.73,645,1.3584667228306655,-15.03465972878094,161.3973326111976
2021-10-27,2021,10,October,47804,47690,47870,47500,11680,0.26,370,0.7789473684210526,-14.813692820357469,161.8170739963442
2021-10-28,2021,10,October,47777,47889,48039,47610,4590,-0.06,429,0.9010712035286704,-14.861806582675483,161.72567869473968
2021-10-29,2021,10,October,47502,47669,47862,47350,630,-0.58,512,1.0813093980992607,-15.35185416184044,160.79480062284205
2021-11-01,2021,11,November,47692,47649,47850,47510,100,0.4,340,0.7156388128814986,-15.013275834417378,161.43795274524408
2021-11-02,2021,11,November,47683,47866,47939,47600,20,-0.02,339,0.7121848739495797,-15.02931375519005,161.40748764470922
2021-11-03,2021,11,November,46961,47550,47550,46839,40,-1.51,711,1.5179657977326586,-16.315911399397688,158.9635095795816
2021-11-04,2021,11,November,47559,47147,47592,47147,5710,1.27,445,0.9438564489787261,-15.250280663613522,160.98774625956264
2021-11-05,2021,11,November,47959,47520,47990,47315,13760,0.84,675,1.426608897812533,-14.537484184828129,162.34175072777742
2021-11-08,2021,11,November,48025,48000,48144,47821,14860,0.14,323,0.67543547813722,-14.419872765828536,162.56516146503284
2021-11-09,2021,11,November,48263,48034,48280,47981,15130,0.5,299,0.6231633354869636,-13.995758860951227,163.3707941236206
2021-11-10,2021,11,November,48857,48250,49244,48166,27480,1.23,1078,2.238093260806378,-12.937256089954916,165.3814907589195
2021-11-11,2021,11,November,49208,48983,49349,48900,15050,0.72,449,0.9182004089979551,-12.311777179820732,166.56962967977796
2021-11-12,2021,11,November,49277,49087,49300,48872,16510,0.14,428,0.8757570797184483,-12.188819787230251,166.803195450545
2021-11-15,2021,11,November,49269,49170,49436,49081,14670,-0.02,355,0.7232941464110348,-12.203075716805959,166.7761153611807
2021-11-16,2021,11,November,49038,49294,49579,49004,21990,-0.47,575,1.1733736021549261,-12.614715683304526,165.99417778078666
2021-11-17,2021,11,November,49262,49069,49288,48976,13310,0.46,312,0.637046716759229,-12.215549655184702,166.75242028298695
2021-11-18,2021,11,November,49047,49200,49237,48960,13690,-0.44,277,0.5657679738562091,-12.598677762531855,166.0246428813215
2021-11-19,2021,11,November,48829,49101,49275,48705,13290,-0.44,570,1.1703110563597166,-12.987151843469894,165.28671044614447
2021-11-22,2021,11,November,47963,48782,48900,47910,22470,-1.77,990,2.0663744520976834,-14.530356220040272,162.35529077245957
2021-11-23,2021,11,November,47460,48001,48050,47400,16920,-1.05,650,1.3713080168776373,-15.426697792112906,160.6526301536795
2021-11-24,2021,11,November,47469,47499,47700,47268,11910,0.02,432,0.913937547600914,-15.410659871340235,160.68309525421432
2021-11-25,2021,11,November,47444,47542,47588,47371,6430,-0.05,217,0.45808617086403075,-15.455209651264322,160.59846997495092
2021-11-26,2021,11,November,47610,47600,48180,47512,16920,0.35,668,1.405960599427513,-15.159399112568384,161.16038182926005
2021-11-29,2021,11,November,47613,47800,47969,47593,3060,0.01,376,0.7900321475847288,-15.154053138977494,161.17053686277166
2021-11-30,2021,11,November,47439,47660,48119,47290,110,-0.37,829,1.753013322055403,-15.464119607249142,160.58154491909823
2021-12-01,2021,12,December,47525,47488,47625,47429,30,0.18,196,0.41324927786797105,-15.31086836431028,160.8726558797644
2021-12-02,2021,12,December,47307,47450,47465,47150,280,-0.46,315,0.6680805938494168,-15.699342445248321,160.13472344458737
2021-12-03,2021,12,December,47425,47280,47427,47243,60,0.25,184,0.38947568952014056,-15.48906748400663,160.5341547627107
2021-12-06,2021,12,December,47787,47800,47882,47711,8500,0.76,171,0.358407914317453,-14.843986670705847,161.75952880644508
2021-12-07,2021,12,December,47922,47840,48030,47594,12770,0.28,436,0.9160818590578644,-14.603417859115774,162.21650531446755
2021-12-08,2021,12,December,47900,47995,48125,47830,10880,-0.05,295,0.6167677190048088,-14.642621665448974,162.14203506871573
2021-12-09,2021,12,December,47802,47900,48000,47723,9800,-0.2,277,0.5804329149466714,-14.817256802751395,161.81030397400312
2021-12-10,2021,12,December,47993,47831,48088,47723,11580,0.4,365,0.7648303752907404,-14.476896484131368,162.45684110757566
2021-12-13,2021,12,December,48106,48002,48150,47970,9500,0.24,180,0.37523452157598497,-14.275531478874495,162.8393473698463
2021-12-14,2021,12,December,47895,48154,48154,47760,12200,-0.44,394,0.8249581239530988,-14.651531621433788,162.12511001286305
2021-12-15,2021,12,December,47900,47870,48038,47780,8170,0.01,258,0.539974884889075,-14.642621665448974,162.14203506871573
2021-12-16,2021,12,December,48407,48008,48428,47994,13340,1.06,434,0.9042797016293704,-13.739152128588486,163.85823573217792
2021-12-17,2021,12,December,48467,48300,48638,48300,15390,0.12,338,0.6997929606625258,-13.632232656770677,164.06133640241012
2021-12-20,2021,12,December,48130,48402,48499,48100,9820,-0.7,399,0.8295218295218296,-14.23276369014737,162.9205876379392
2021-12-21,2021,12,December,47933,48130,48173,47830,11300,-0.41,343,0.7171231444699979,-14.583815955949179,162.25374043734345
2021-12-22,2021,12,December,48026,47951,48046,47825,7080,0.19,221,0.4621014113957135,-14.418090774631573,162.56854647620338
2021-12-23,2021,12,December,48012,47900,48195,47880,7160,-0.03,315,0.6578947368421052,-14.443038651389061,162.52115631981584
2021-12-24,2021,12,December,47982,48053,48099,47931,3840,-0.06,168,0.35050384928334477,-14.496498387297969,162.41960598469976
2021-12-27,2021,12,December,47933,47996,48074,47886,6530,-0.1,188,0.3925990895042393,-14.583815955949179,162.25374043734345
2021-12-28,2021,12,December,47888,47962,48094,47837,8530,-0.09,257,0.5372410477245647,-14.664005559812535,162.10141493466926
2021-12-29,2021,12,December,47673,47864,47864,47463,10190,-0.45,401,0.8448686345153066,-15.047133667159684,161.37363753300386
2021-12-30,2021,12,December,47746,47614,47848,47402,5050,0.15,446,0.9408885701025274,-14.91704830978135,161.62074334845303
2021-12-31,2021,12,December,47994,47800,48159,47706,860,0.52,453,0.949566092315432,-14.475114492934404,162.4602261187462
2022-01-03,2022,1,January,47473,47940,48100,47327,210,-1.09,773,1.633317133982716,-15.40353190655238,160.6966352988965
2022-01-04,2022,1,January,47763,47730,47842,47402,80,0.61,440,0.9282308763343319,-14.886754459432971,161.67828853835218
2022-01-05,2022,1,January,47974,47924,48099,47872,90,0.44,227,0.4741811497326203,-14.510754316873676,162.39252589533547
2022-01-06,2022,1,January,47499,48030,48030,47450,18240,-0.99,580,1.2223393045310853,-15.35720013543133,160.78464558933047
2022-01-07,2022,1,January,47481,47501,47570,47300,12490,-0.04,270,0.5708245243128964,-15.389275976976673,160.72371538826079
2022-01-10,2022,1,January,47471,47400,47523,47333,11650,-0.02,190,0.4014112775442081,-15.407095888946309,160.68986527655542
2022-01-11,2022,1,January,47694,47550,47712,47492,9950,0.47,220,0.4632359134169966,-15.009711852023452,161.44472276758512
2022-01-12,2022,1,January,47802,47650,47848,47643,9530,0.23,205,0.4302835673656151,-14.817256802751395,161.81030397400312
2022-01-13,2022,1,January,47759,47794,47926,47671,9070,-0.09,255,0.5349164062008349,-14.893882424220825,161.66474849367003
2022-01-14,2022,1,January,47803,47800,47989,47780,12530,0.09,209,0.4374215152783591,-14.81547481155443,161.81368898517366
2022-01-17,2022,1,January,47908,47814,47970,47806,4650,0.22,164,0.34305317324185247,-14.628365735873263,162.16911515808002
2022-01-18,2022,1,January,47926,47920,48034,47790,10820,0.04,244,0.5105670642393806,-14.59628989432792,162.2300453591497
2022-01-19,2022,1,January,48368,47934,48399,47922,13010,0.92,477,0.9953674721422312,-13.808649785270061,163.72622029652698
2022-01-20,2022,1,January,48372,48368,48538,48296,8930,0.01,242,0.5010766937220473,-13.801521820482208,163.73976034120912
2022-01-21,2022,1,January,48243,48394,48501,48125,9810,-0.27,376,0.7812987012987013,-14.031398684890497,163.30309390020986
2022-01-24,2022,1,January,48537,48270,48597,48255,11200,0.61,342,0.7087348461299348,-13.50749327298323,164.2982871843477
2022-01-25,2022,1,January,48836,48560,48888,48527,9160,0.62,361,0.7439157582376821,-12.974677905091148,165.31040552433822
2022-01-27,2022,1,January,47974,48701,48701,47880,10780,-1.77,821,1.714703425229741,-14.510754316873676,162.39252589533547
2022-01-28,2022,1,January,47652,47833,48039,47517,6980,-0.67,522,1.0985542016541447,-15.084555482295917,161.3025522984226
2022-01-31,2022,1,January,47840,47652,47904,47564,2300,0.39,340,0.7148263392481709,-14.74954113726678,161.93893439848353
2022-02-01,2022,2,February,47966,48509,48509,47501,450,0.26,1008,2.1220605881981434,-14.525010246449382,162.36544580597118
2022-02-02,2022,2,February,48049,48151,48151,47915,630,0.17,236,0.49253887091724924,-14.377104977101412,162.6464017331257
2022-02-03,2022,2,February,47884,47980,48070,47500,70,-0.34,570,1.2,-14.671133524600389,162.08787488998712
2022-02-04,2022,2,February,48081,48009,48900,47953,30,0.41,947,1.9748503743248598,-14.32008125879858,162.7547220905829
2022-02-07,2022,2,February,48168,47950,48181,47925,7880,0.18,256,0.5341679707876891,-14.165048024662758,163.0492180624196
2022-02-08,2022,2,February,48345,48185,48394,48106,7950,0.37,288,0.5986779195942293,-13.849635582800222,163.6483650396046
2022-02-09,2022,2,February,48575,48396,48600,48327,9230,0.48,273,0.5649016077968837,-13.439777607498618,164.4269176088281
2022-02-10,2022,2,February,48867,48550,48936,48400,10510,0.6,536,1.1074380165289257,-12.91943617798528,165.41534087062487
2022-02-11,2022,2,February,49024,48694,49048,48560,9900,0.32,488,1.0049423393739705,-12.639663560062015,165.94678762439915
2022-02-14,2022,2,February,49827,49180,49915,49152,11920,1.64,763,1.5523274739583335,-11.208724628900333,168.66495159434024
2022-02-15,2022,2,February,49332,49950,50250,49157,16140,-0.99,1093,2.223488007811705,-12.09081027139726,166.9893710649245
2022-02-16,2022,2,February,49546,49332,49598,49182,9160,0.43,416,0.8458379081777887,-11.709464155247073,167.71376345541938
2022-02-17,2022,2,February,50277,49482,50381,49482,16180,1.48,899,1.8168222788084558,-10.406828590266764,170.18820662108186
2022-02-18,2022,2,February,50034,49922,50178,49760,11360,-0.48,418,0.840032154340836,-10.839852451128891,169.36564890664138
2022-02-21,2022,2,February,49998,50100,50100,49713,9240,-0.07,387,0.7784684086657414,-10.904004134219578,169.24378850450205
2022-02-22,2022,2,February,50186,50150,50577,49961,15450,0.38,616,1.2329617101339043,-10.568989789190441,169.880170604563
2022-02-23,2022,2,February,50226,50186,50269,49850,8400,0.08,419,0.8405215646940822,-10.497710141311902,170.01557105138448
2022-02-24,2022,2,February,51403,50360,52635,50360,24780,2.34,2275,4.517474185861795,-8.40030650248588,173.99972919910635
2022-02-25,2022,2,February,50039,51180,51180,49888,11190,-2.65,1292,2.589801154586273,-10.830942495144074,169.38257396249406
2022-02-28,2022,2,February,50530,50680,50970,50246,2200,0.98,724,1.4409107192612347,-9.955984817435,171.04461444722767
2022-03-01,2022,3,March,51565,51168,51696,50843,500,2.05,853,1.6777137462384202,-8.111623928577792,174.5481010087333
2022-03-02,2022,3,March,51133,51684,51811,51020,220,-0.84,791,1.5503724029792239,-8.881444125666018,173.0857761830614
2022-03-03,2022,3,March,51569,51351,51725,51250,40,0.85,475,0.9268292682926829,-8.104495963789939,174.56164105341549
2022-03-04,2022,3,March,52274,51752,52448,51366,120,1.37,1082,2.106451738504069,-6.848192169930681,176.94807392864396
2022-03-07,2022,3,March,53461,52558,53938,52558,32759,2.27,1380,2.6256706876212945,-4.732968619135022,180.96608218807123
2022-03-08,2022,3,March,54146,53467,55428,53340,51930,1.28,2088,3.91451068616423,-3.5123046492150327,183.28481483988895
2022-03-09,2022,3,March,52724,54663,55000,52589,48040,-2.63,2411,4.584608948639449,-6.046296131297112,178.47132895538556
2022-03-10,2022,3,March,53183,52680,53439,52410,33010,0.87,1029,1.963365769891242,-5.22836217189087,180.02504908266198
2022-03-11,2022,3,March,52828,53001,53148,52227,34030,-0.67,921,1.763455683841691,-5.860969046812909,178.82337011712139
2022-03-14,2022,3,March,52238,52613,52750,52061,22340,-1.12,689,1.3234474942855496,-6.912343853021366,176.82621352650463
2022-03-15,2022,3,March,51522,51900,52009,51202,25680,-1.37,807,1.576110308191086,-8.188249550047223,174.40254552840025
2022-03-16,2022,3,March,51105,51400,51476,51000,16210,-0.81,476,0.9333333333333335,-8.931339879180996,172.99099587028635
2022-03-17,2022,3,March,51597,51400,51750,51318,14700,0.96,432,0.8418098912662224,-8.05460021027496,174.6564213661905
2022-03-18,2022,3,March,51383,51550,51670,51296,7070,-0.41,374,0.7291016843418591,-8.435946326425148,173.93202897569563
2022-03-21,2022,3,March,51546,51390,51722,51283,11700,0.32,439,0.8560341633679777,-8.145481761320099,174.48378579649312
2022-03-22,2022,3,March,51219,51595,51842,50980,16200,-0.63,862,1.6908591604550807,-8.728192882727159,173.37688714372757
2022-03-23,2022,3,March,51580,51238,51620,51103,11740,0.7,517,1.0116822887110346,-8.084894060623341,174.59887617629138
2022-03-24,2022,3,March,51841,51666,51922,51504,17160,0.51,418,0.8115874495184839,-7.61979435821587,175.48236409180151
2022-03-25,2022,3,March,51687,51924,51924,51542,10900,-0.3,382,0.7411431453959877,-7.894221002548248,174.96107237153882
2022-03-28,2022,3,March,51442,51602,51747,51257,13950,-0.47,490,0.9559669898745538,-8.330808845804302,174.1317446347573
2022-03-29,2022,3,March,50730,51292,51296,50340,17870,-1.38,956,1.8990862137465239,-9.599586578042304,171.72161668133506
2022-03-30,2022,3,March,51042,50930,51343,50735,5640,0.62,608,1.1983837587464277,-9.043605324589697,172.77774016654254
2022-03-31,2022,3,March,51633,51100,51788,50906,430,1.16,882,1.732605193886772,-7.990448527184276,174.77828176832983
2022-04-01,2022,4,April,51264,51531,51605,51200,200,-0.71,405,0.791015625,-8.648003278863802,173.52921264640173
2022-04-04,2022,4,April,51229,51209,51306,50950,190,-0.07,356,0.6987242394504416,-8.710372970757524,173.41073725543293
2022-04-05,2022,4,April,51619,51300,52200,51127,340,0.76,1073,2.098695405558707,-8.015396403941764,174.73089161194233
2022-04-06,2022,4,April,51433,51339,51645,51158,13160,-0.36,487,0.9519527737597246,-8.346846766576974,174.10127953422244
2022-04-07,2022,4,April,51681,51450,51760,51398,9940,0.48,362,0.7043075606054711,-7.904912949730028,174.9407623045156
2022-04-08,2022,4,April,51854,51622,51969,51515,12000,0.33,454,0.8812967096962049,-7.596628472655345,175.52636923701849
2022-04-11,2022,4,April,51985,51999,52521,51840,15750,0.25,681,1.3136574074074074,-7.3631876258531275,175.96980570035882
2022-04-12,2022,4,April,52656,52100,52764,52100,15370,1.29,664,1.2744721689059502,-6.167471532690628,178.24114819578904
2022-04-13,2022,4,April,52871,52619,52925,52580,9290,0.41,345,0.6561430201597566,-5.7843434253434785,178.96892559745447
2022-04-14,2022,4,April,52793,52805,52911,52400,7840,-0.15,511,0.9751908396946565,-5.923338738706631,178.7048947261526
2022-04-18,2022,4,April,53104,52950,53478,52950,13890,0.59,528,0.9971671388101983,-5.369139476450986,179.75763320018956
2022-04-19,2022,4,April,52603,53000,53259,52507,15290,-0.94,752,1.4321899937151237,-6.261917066129693,178.0617426037506
2022-04-20,2022,4,April,52499,52511,52545,52183,12710,-0.2,362,0.693712511737539,-6.447244150613896,177.70970144201476
2022-04-21,2022,4,April,52356,52498,52498,52101,12110,-0.27,397,0.7619815358630352,-6.702068891779675,177.225644844628
2022-04-22,2022,4,April,52250,52349,52630,52102,15490,-0.2,528,1.0133967985873862,-6.890959958657803,176.86683366055107
2022-04-25,2022,4,April,51462,52125,52125,51380,13730,-1.51,745,1.4499805371739978,-8.295169021865032,174.19944485816802
2022-04-26,2022,4,April,51655,51528,51800,51473,9140,0.38,327,0.6352845180968663,-7.951244720851079,174.85275201408163
2022-04-27,2022,4,April,51357,51693,51693,51223,9730,-0.58,470,0.9175565663861938,-8.482278097546198,173.84401868526166
2022-04-28,2022,4,April,51391,51224,51450,51000,9190,0.07,450,0.8823529411764706,-8.421690396849439,173.95910906505992
2022-04-29,2022,4,April,51809,51600,51987,51553,1990,0.81,434,0.841852074564041,-7.6768180765187015,175.37404373434433
2022-05-02,2022,5,May,50831,51201,51920,50575,690,-1.89,1345,2.6594167078596147,-9.419605467148992,172.06350280955925
2022-05-03,2022,5,May,51022,52300,52300,50660,80,0.38,1640,3.237268061587051,-9.079245148528967,172.71003994313182
2022-05-04,2022,5,May,50836,50882,50970,50804,30,-0.36,166,0.3267459255176758,-9.410695511164175,172.08042786541196
2022-05-05,2022,5,May,51653,51699,51900,51240,10,1.61,660,1.288056206088993,-7.954808703245006,174.8459819917406
2022-05-06,2022,5,May,51381,50953,51543,50953,14580,-0.53,590,1.157929856926972,-8.439510308819074,173.92525895335456
2022-05-09,2022,5,May,51026,51395,51416,50975,12930,-0.69,441,0.8651299656694459,-9.072117183741113,172.72357998781396
2022-05-10,2022,5,May,50662,51052,51150,50584,13110,-0.71,566,1.1189308872370711,-9.72076197943582,171.49143592173854
2022-05-11,2022,5,May,50862,50575,50920,50365,14930,0.39,555,1.1019557232204904,-9.364363740043125,172.1684381558459
2022-05-12,2022,5,May,50249,50877,51057,50200,14270,-1.21,857,1.7071713147410357,-10.45672434378174,170.09342630830682
2022-05-13,2022,5,May,49944,50300,50302,49747,12480,-0.61,555,1.1156451645325347,-11.000231658855606,169.06099790129306
2022-05-16,2022,5,May,50291,50095,50338,49660,12980,0.69,678,1.3652839307289568,-10.381880713509275,170.23559677746937
2022-05-17,2022,5,May,50237,50398,50550,50191,11210,-0.11,359,0.7152676774720568,-10.478108238145303,170.05280617426038
2022-05-18,2022,5,May,50235,50159,50395,49910,13460,0.0,485,0.971749148467241,-10.481672220539231,170.0460361519193
2022-05-19,2022,5,May,50579,50344,50780,50085,15310,0.68,695,1.3876410102825196,-9.86866724878379,171.21047999458398
2022-05-20,2022,5,May,50842,50551,50886,50514,11760,0.52,372,0.7364295046917687,-9.400003563982393,172.10073793243515
2022-05-23,2022,5,May,50934,50854,51165,50827,10010,0.18,338,0.6650008853562083,-9.236060373861752,172.41215896012457
2022-05-24,2022,5,May,51146,50875,51239,50875,9990,0.42,364,0.7154791154791155,-8.858278240105493,173.1297813282784
2022-05-25,2022,5,May,50815,51100,51143,50700,10610,-0.65,443,0.873767258382643,-9.448117326300407,172.00934263083067
2022-05-26,2022,5,May,50858,50800,50918,50615,7050,0.08,303,0.5986367677565939,-9.371491704830978,172.15489811116376
2022-05-27,2022,5,May,50961,50950,51108,50863,10050,0.2,245,0.4816860979493935,-9.187946611543738,172.50355426172905
2022-05-30,2022,5,May,50908,51097,51115,50835,3000,-0.1,280,0.5508016130618668,-9.282392144982804,172.3241486696906
2022-05-31,2022,5,May,50924,50880,51280,50755,340,0.03,525,1.034380849177421,-9.253880285831388,172.3783088484192
2022-06-01,2022,6,June,50504,50650,50849,50317,150,-0.82,532,1.057296738676789,-10.002316588556052,170.95660415679373
2022-06-02,2022,6,June,51078,50900,51296,50900,10,1.14,396,0.7779960707269156,-8.97945364149901,172.89960056868188
2022-06-03,2022,6,June,51287,52030,52030,51030,40,0.41,1000,1.9596315892612188,-8.607017481333642,173.60706790332407
2022-06-06,2022,6,June,50871,51087,51120,50820,7550,-0.81,300,0.5903187721369539,-9.348325819270453,172.19890325638073
2022-06-07,2022,6,June,50929,50822,51030,50680,9200,0.11,350,0.6906077348066298,-9.24497032984657,172.3952339042719
2022-06-08,2022,6,June,51036,50865,51103,50835,7540,0.21,268,0.5271958296449297,-9.054297271771478,172.75743009951933
2022-06-09,2022,6,June,50971,51047,51095,50805,8080,-0.13,290,0.5708099596496408,-9.170126699574103,172.53740437343444
2022-06-10,2022,6,June,51645,50893,51725,50460,23680,1.32,1265,2.5069361870788747,-7.9690646328207135,174.81890190237627
2022-06-13,2022,6,June,50682,51457,51633,50600,19290,-1.86,1033,2.041501976284585,-9.685122155496552,171.5591361451493
2022-06-14,2022,6,June,50251,50630,50680,50200,10820,-0.85,480,0.9561752988047808,-10.453160361387814,170.1001963306479
2022-06-15,2022,6,June,50433,50398,50830,50272,14220,0.36,558,1.1099618077657543,-10.12883796354046,170.7162683636856
2022-06-16,2022,6,June,50945,50775,51040,50317,16960,1.02,723,1.4368901166603731,-9.216458470695155,172.44939408300047
2022-06-17,2022,6,June,50824,50889,51130,50800,10680,-0.24,330,0.6496062992125984,-9.432079405527736,172.0398077313655
2022-06-20,2022,6,June,50748,50847,50933,50711,5740,-0.15,222,0.43777484175031056,-9.567510736496962,171.78254688240472
2022-06-21,2022,6,June,50775,50850,50945,50685,7270,0.05,260,0.5129722797671895,-9.519396974178948,171.8739421840092
2022-06-22,2022,6,June,50898,50738,51098,50541,14350,0.24,557,1.1020755426287567,-9.300212056952438,172.29029855798524
2022-06-23,2022,6,June,50608,50808,51007,50575,12730,-0.57,432,0.8541769649036085,-9.81698950407185,171.30864531852956
2022-06-24,2022,6,June,50614,50580,50715,50442,8270,0.01,273,0.5412156536219818,-9.806297556890069,171.32895538555277
2022-06-27,2022,6,June,50681,50753,50945,50608,7910,0.13,337,0.6659026240910528,-9.686904146693516,171.55575113397873
2022-06-28,2022,6,June,50824,50770,50930,50728,7010,0.28,202,0.39820217631288435,-9.432079405527736,172.0398077313655
2022-06-29,2022,6,June,50836,50790,51171,50740,2870,0.02,431,0.8494284588096177,-9.410695511164175,172.08042786541196
2022-06-30,2022,6,June,50719,50850,51038,50590,430,-0.23,448,0.8855505040521843,-9.619188481208903,171.68438155845917
2022-07-01,2022,7,July,52227,51520,53675,51188,150,2.97,2487,4.858560600140658,-6.9319457561879645,176.78897840362873
2022-07-04,2022,7,July,51808,52597,52597,51421,130,-0.8,1176,2.287003364384201,-7.678600067715665,175.3706587231738
2022-07-05,2022,7,July,52238,52766,52766,51999,20,0.83,767,1.475028365930114,-6.912343853021366,176.82621352650463
2022-07-06,2022,7,July,50581,51448,51595,50515,18620,-3.17,1080,2.1379788181728197,-9.865103266389864,171.21725001692505
2022-07-07,2022,7,July,50691,50741,50909,50607,9490,0.22,302,0.5967553895706128,-9.669084234723881,171.58960124568412
2022-07-08,2022,7,July,50832,50710,51030,50411,12500,0.28,619,1.2279066076848306,-9.41782347595203,172.06688782072982
2022-07-11,2022,7,July,50709,50790,50916,50675,7130,-0.24,241,0.4755796743956586,-9.637008393178538,171.65053144675377
2022-07-12,2022,7,July,50532,50755,50825,50512,10230,-0.35,313,0.6196547355083941,-9.952420835041075,171.05138446956875
2022-07-13,2022,7,July,50849,50550,50980,50200,16590,0.63,780,1.5537848605577689,-9.38752962560365,172.12443301062893
2022-07-14,2022,7,July,50323,50750,50786,50166,16020,-1.03,620,1.235896822549137,-10.324856995206444,170.34391713492653
2022-07-15,2022,7,July,50212,50305,50387,50051,11800,-0.22,336,0.6713152584363948,-10.522658018069391,169.96818089499695
2022-07-18,2022,7,July,50457,50210,50670,50210,11420,0.49,460,0.9161521609241188,-10.086070174813337,170.7975086317785
2022-07-19,2022,7,July,50395,50419,50540,50300,7050,-0.12,240,0.4771371769383698,-10.196553629025072,170.5876379392052
2022-07-20,2022,7,July,50309,50386,50530,50280,7830,-0.17,250,0.4972155926809865,-10.349804871963933,170.29652697853902
2022-07-21,2022,7,July,50427,50255,50527,49770,18510,0.23,757,1.5209965842877236,-10.13952991072224,170.69595829666238
2022-07-22,2022,7,July,50720,50420,50912,50380,11080,0.58,532,1.0559745930924969,-9.61740649001194,171.68776656962967
2022-07-25,2022,7,July,50567,50735,50826,50475,8690,-0.3,351,0.6953937592867756,-9.890051143147353,171.16985986053754
2022-07-26,2022,7,July,50612,50580,50735,50501,6640,0.09,234,0.4633571612443318,-9.809861539283995,171.3221853632117
2022-07-27,2022,7,July,50722,50589,50760,50525,6960,0.22,235,0.46511627906976744,-9.613842507618012,171.69453659197075
2022-07-28,2022,7,July,51274,50900,51345,50876,9830,1.09,469,0.9218492019812878,-8.630183366894167,173.56306275810712
2022-07-29,2022,7,July,51365,51443,51467,51166,5680,0.18,301,0.5882812805378571,-8.46802216797049,173.87109877462598
2022-08-01,2022,8,August,51260,51899,51899,51023,1350,-0.2,876,1.7168727828626305,-8.655131243651656,173.5156726017196
2022-08-02,2022,8,August,51274,51438,51527,51100,230,0.03,427,0.8356164383561644,-8.630183366894167,173.56306275810712
2022-08-03,2022,8,August,51216,51250,51375,51137,70,-0.11,238,0.4654164303733109,-8.73353885631805,173.36673211021596
2022-08-04,2022,8,August,51802,51713,51903,51713,10,1.14,190,0.3674124494807882,-7.689292014897446,175.35034865615054
2022-08-05,2022,8,August,51641,51935,51965,51525,60,-0.31,440,0.853954391072295,-7.976192597608568,174.80536185769412
2022-08-08,2022,8,August,52183,51902,52231,51734,8690,1.05,497,0.9606834963466966,-7.010353368854358,176.6400379121251
2022-08-09,2022,8,August,52383,52274,52479,52184,4660,0.38,295,0.5653073739077111,-6.653955129461661,177.31704014623247
2022-08-10,2022,8,August,52184,52350,52485,52105,10090,-0.38,380,0.7292966126091546,-7.008571377657394,176.64342292329565
2022-08-11,2022,8,August,52246,52065,52400,51903,9130,0.12,497,0.9575554399553012,-6.898087923445659,176.85329361586892
2022-08-12,2022,8,August,52456,52280,52480,52195,7620,0.4,285,0.5460293131526008,-6.523869772083326,177.56414596168167
2022-08-16,2022,8,August,51821,52225,52455,51765,11110,-1.21,690,1.3329469718922051,-7.65543418215514,175.41466386839076
2022-08-17,2022,8,August,51563,51821,51944,51507,9050,-0.5,437,0.848428368959559,-8.11518791097172,174.54133098639227
2022-08-18,2022,8,August,51642,51600,51851,51600,7360,0.15,251,0.4864341085271318,-7.974410606411604,174.80874686886466
2022-08-19,2022,8,August,51517,51697,51697,51453,5930,-0.24,244,0.47421919032903814,-8.19715950603204,174.38562047254754
2022-08-22,2022,8,August,51217,51451,51468,51060,8290,-0.58,408,0.7990599294947122,-8.731756865121087,173.3701171213865
2022-08-23,2022,8,August,51458,51232,51565,51130,7920,0.47,435,0.8507725405828281,-8.302296986652886,174.18590481348588
2022-08-24,2022,8,August,51480,51363,51581,51319,5220,0.04,262,0.5105321615775833,-8.26309318031969,174.2603750592377
2022-08-25,2022,8,August,51628,51499,51816,51499,10730,0.29,317,0.6155459329307366,-7.999358483169093,174.76135671247715
2022-08-26,2022,8,August,51242,51578,51638,51175,7330,-0.75,463,0.9047386419149976,-8.687207085196999,173.45474240064993
2022-08-29,2022,8,August,51181,51092,51317,50855,6300,-0.12,462,0.9084652443220922,-8.795908548211772,173.24825671924717
2022-08-30,2022,8,August,50701,51073,51141,50610,2380,-0.94,531,1.0491997628927088,-9.651264322754246,171.62345135738948
2022-08-31,2022,8,August,50520,50499,50702,50415,110,-0.36,287,0.5692750173559457,-9.973804729404637,171.0107643355223
2022-09-01,2022,9,September,50169,50280,50351,49990,150,-0.69,361,0.7221444288857771,-10.59928363953882,169.82262541466386
2022-09-02,2022,9,September,50313,50275,50390,50275,0,0.29,115,0.22874191944306316,-10.342676907176077,170.31006702322117
2022-09-05,2022,9,September,50604,50900,50900,50300,0,0.58,600,1.1928429423459244,-9.824117468859704,171.2951052738474
2022-09-06,2022,9,September,50354,50610,50774,50323,8520,-0.49,451,0.8962104802972796,-10.269615268100575,170.4488524812132
2022-09-07,2022,9,September,50570,50310,50596,50068,10290,0.43,528,1.0545657905248862,-9.884705169556462,171.18001489404915
2022-09-08,2022,9,September,50429,50546,50825,50281,11950,-0.28,544,1.0819196117817862,-10.135965928328314,170.70272831900346
2022-09-09,2022,9,September,50592,50545,50783,50435,11780,0.32,348,0.6899970258748884,-9.845501363223267,171.25448513980098
2022-09-12,2022,9,September,50696,50553,50844,50453,12830,0.21,391,0.7749786930410482,-9.660174278739063,171.60652630153677
2022-09-13,2022,9,September,50233,50678,50678,50090,19970,-0.91,588,1.1738870033938908,-10.485236202933157,170.03926612957824
2022-09-14,2022,9,September,50101,50174,50220,50075,11570,-0.26,145,0.28956565152271596,-10.720459040932338,169.59244465506737
2022-09-15,2022,9,September,49394,50020,50020,49258,21400,-1.41,762,1.5469568394981525,-11.980326817185523,167.19924175749782
2022-09-16,2022,9,September,49451,49213,49545,49008,16470,0.12,537,1.095739471106758,-11.878753318958605,167.39218739421838
2022-09-19,2022,9,September,49361,49390,49463,49125,8750,-0.18,338,0.6880407124681934,-12.039132526685318,167.0875363888701
2022-09-20,2022,9,September,49218,49470,49569,49157,8850,-0.29,412,0.8381308867506154,-12.293957267851097,166.60347979148332
2022-09-21,2022,9,September,49428,49202,49548,49155,15990,0.43,393,0.7995117485505034,-11.919739116488765,167.31433213729605
2022-09-22,2022,9,September,49955,49338,50140,49257,16900,1.07,883,1.7926386097407474,-10.980629755689007,169.09823302416896
2022-09-23,2022,9,September,49382,49952,50017,49251,13950,-1.15,766,1.5552983695762523,-12.001710711549086,167.15862162345135
2022-09-26,2022,9,September,49110,49200,49621,49050,13780,-0.55,571,1.164118246687054,-12.486412317123154,166.23789858506532
2022-09-27,2022,9,September,49160,49215,49365,49035,14680,0.1,330,0.672988681553992,-12.39731275727498,166.4071491435922
2022-09-28,2022,9,September,49726,49008,49773,48888,13390,1.15,885,1.8102601865488466,-11.388705739793645,168.32306546611605
2022-09-29,2022,9,September,49902,49709,49923,49542,560,0.35,381,0.7690444471357636,-11.075075289128073,168.91882743213054
2022-09-30,2022,9,September,50029,49920,50200,49910,100,0.25,290,0.5810458825886596,-10.848762407113709,169.34872385078873
2022-10-03,2022,10,October,50245,50120,50550,50088,10,0.43,462,0.9223766171538093,-10.463852308569596,170.07988626362467
2022-10-04,2022,10,October,51127,50801,51698,50800,10,1.76,898,1.7677165354330708,-8.892136072847801,173.06546611603818
2022-10-05,2022,10,October,51361,51263,51390,51115,6570,0.46,275,0.5380025432847501,-8.475150132758344,173.8575587299438
2022-10-06,2022,10,October,51711,51500,51799,51500,12580,0.68,299,0.5805825242718446,-7.851453213821123,175.0423126396317
2022-10-07,2022,10,October,51716,51678,51872,51421,14320,0.01,451,0.8770735691643492,-7.842543257836307,175.0592376954844
2022-10-10,2022,10,October,50871,51453,51453,50763,15000,-1.63,690,1.3592577270846875,-9.348325819270453,172.19890325638073
2022-10-11,2022,10,October,50874,50800,50980,50548,11160,0.01,432,0.8546332199097888,-9.342979845679562,172.20905828989234
2022-10-12,2022,10,October,50713,50563,50805,50550,7650,-0.32,255,0.5044510385756676,-9.629880428390685,171.66407149143592
2022-10-13,2022,10,October,50615,50696,50920,50200,16460,-0.19,720,1.4342629482071714,-9.804515565693105,171.3323403967233
2022-10-14,2022,10,October,50067,50551,50731,49982,14440,-1.08,749,1.4985394742107159,-10.781046741629098,169.4773542752691
2022-10-17,2022,10,October,50231,50169,50474,50105,8780,0.33,369,0.7364534477597046,-10.488800185327085,170.03249610723717
2022-10-18,2022,10,October,50192,50219,50293,50084,7200,-0.08,209,0.417298937784522,-10.55829784200866,169.9004806715862
2022-10-19,2022,10,October,49981,50063,50233,49856,9050,-0.42,377,0.7561777920410783,-10.934297984567957,169.18624331460293
2022-10-20,2022,10,October,49938,49875,50168,49856,10020,-0.09,312,0.6258023106546855,-11.010923606037386,169.04068783426985
2022-10-21,2022,10,October,50361,49901,50388,49616,17150,0.85,772,1.5559496936472106,-10.257141329721831,170.47254755940696
2022-10-24,2022,10,October,50319,50355,50449,50270,1110,-0.08,179,0.35607718321066245,-10.331984959994298,170.33037709024438
2022-10-25,2022,10,October,50353,50292,50525,50087,9110,0.07,438,0.8744784075708268,-10.271397259297538,170.44546747004264
2022-10-26,2022,10,October,50411,50500,50560,50361,4410,0.12,199,0.3951470383828756,-10.168041769873657,170.64179811793377
2022-10-27,2022,10,October,50450,50411,50550,50330,8990,0.08,220,0.43711504073117424,-10.09854411319208,170.77381355358472
2022-10-28,2022,10,October,49956,50458,50495,49824,10970,-0.98,671,1.3467405266538215,-10.978847764492043,169.10161803533953
2022-10-31,2022,10,October,50070,49964,50194,49920,6350,0.23,274,0.5488782051282051,-10.775700768038206,169.48750930878072
2022-11-01,2022,11,November,50250,50094,50450,50093,190,0.36,357,0.7126744255684426,-10.454942352584778,170.09681131947735
2022-11-02,2022,11,November,50414,50376,50740,50346,350,0.33,394,0.7825845151551266,-10.162695796282767,170.65195315144538
2022-11-03,2022,11,November,49876,50185,50217,49815,50,-1.07,402,0.806985847636254,-11.121407060249123,168.83081714169657
2022-11-04,2022,11,November,50615,50048,50650,50048,110,1.48,602,1.2028452685421995,-9.804515565693105,171.3323403967233
2022-11-07,2022,11,November,50901,50717,51029,50717,9680,0.57,312,0.6151783425675809,-9.294866083361548,172.30045359149685
2022-11-08,2022,11,November,51581,50752,51648,50615,15490,1.34,1033,2.0408969673021833,-8.083112069426376,174.60226118746192
2022-11-09,2022,11,November,51474,51568,51680,51315,11720,-0.21,365,0.7112929942511936,-8.27378512750147,174.24006499221449
2022-11-10,2022,11,November,52033,51469,52139,51469,15540,1.09,670,1.301754454137442,-7.27765204839888,176.1322862365446
2022-11-11,2022,11,November,52275,52033,52451,52002,13180,0.47,449,0.8634283296796277,-6.846410178733716,176.9514589398145
2022-11-14,2022,11,November,52601,52274,52672,52217,10440,0.62,455,0.8713637321178926,-6.26548104852362,178.05497258140952
2022-11-15,2022,11,November,52545,52615,52850,52501,15080,-0.11,349,0.6647492428715643,-6.365272555553575,177.86541195585946
2022-11-16,2022,11,November,52883,52711,52999,52701,11390,0.64,298,0.5654541659551052,-5.762959530979917,179.0095457315009
2022-11-17,2022,11,November,52698,52854,52854,52626,8270,-0.35,228,0.4332459240679512,-6.092627902418162,178.3833186649516
2022-11-18,2022,11,November,52501,52750,52844,52411,8100,-0.37,433,0.8261624468145999,-6.443680168219969,177.71647146435583
2022-11-21,2022,11,November,52201,52401,52515,52066,8750,-0.57,449,0.862366995736181,-6.978277527309015,176.7009681131948
2022-11-22,2022,11,November,52161,52248,52384,52129,8400,-0.08,255,0.4891710947840933,-7.049557175187554,176.5655676663733
2022-11-23,2022,11,November,52259,52000,52296,52000,9680,0.19,296,0.5692307692307693,-6.874922037885132,176.89729876108592
2022-11-24,2022,11,November,52494,52375,52549,52375,5960,0.45,174,0.3322195704057279,-6.456154106598714,177.69277638616208
2022-11-25,2022,11,November,52386,52550,52580,52274,5570,-0.21,306,0.5853770516891762,-6.64860915587077,177.32719517974408
2022-11-28,2022,11,November,52148,52280,52669,52111,9450,-0.45,558,1.0707911957168352,-7.07272306074808,176.5215625211563
2022-11-29,2022,11,November,52357,52237,52525,52210,3160,0.4,315,0.6033326948860371,-6.700286900582711,177.2290298557985
2022-11-30,2022,11,November,52434,52464,52634,52360,650,0.15,274,0.5233002291825821,-6.563073578416523,177.48967571592985
2022-12-01,2022,12,December,53339,52768,53593,52723,280,1.73,870,1.650133717732299,-4.9503715451645665,180.55311082526572
2022-12-02,2022,12,December,53346,53246,53544,53130,140,0.01,414,0.7792207792207793,-4.937897606785822,180.57680590345947
2022-12-05,2022,12,December,53300,53646,53735,53000,160,-0.09,735,1.3867924528301887,-5.019869201846143,180.4210953896148
2022-12-06,2022,12,December,53446,53500,53598,53256,6840,0.27,342,0.6421811626858945,-4.759698487089474,180.91530702051318
2022-12-07,2022,12,December,53665,53444,53715,53401,6290,0.41,314,0.5880039699631092,-4.36944241495447,181.65662446686076
2022-12-08,2022,12,December,53741,53646,53866,53614,5370,0.14,252,0.4700264856194278,-4.234011083985245,181.91388531582155
2022-12-09,2022,12,December,53950,53860,54085,53704,8680,0.39,381,0.7094443616862803,-3.861574923819876,182.62135265046376
2022-12-12,2022,12,December,53791,53802,53957,53721,5810,-0.29,236,0.4393067887790622,-4.144911524137071,182.0831358743484
2022-12-13,2022,12,December,54376,53875,54599,53810,11970,1.09,789,1.4662702099981417,-3.102446673913431,184.06336740911243
2022-12-14,2022,12,December,54340,54449,54529,54252,6180,-0.07,277,0.5105802551058025,-3.166598357004116,183.94150700697313
2022-12-15,2022,12,December,53795,54073,54131,53580,10790,-1.0,551,1.028368794326241,-4.1377835593492165,182.09667591903053
2022-12-16,2022,12,December,53957,53855,54065,53690,7310,0.3,375,0.6984540882845968,-3.8491009854411318,182.64504772865752
2022-12-19,2022,12,December,53945,54100,54222,53863,5440,-0.02,359,0.6665057646250673,-3.8704848798046942,182.60442759461105
2022-12-20,2022,12,December,54541,53955,54650,53955,9990,1.1,695,1.2881104624223891,-2.808418126414456,184.62189425225105
2022-12-21,2022,12,December,54684,54527,54849,54501,5820,0.26,348,0.6385203941212089,-2.5535933852486767,185.10595084963782
2022-12-22,2022,12,December,54066,54650,54733,54005,10850,-1.13,728,1.3480233311730396,-3.6548639449721114,183.01401394624602
2022-12-23,2022,12,December,54104,54089,54249,54000,5230,0.07,249,0.4611111111111111,-3.5871482794874994,183.14264437072643
2022-12-26,2022,12,December,54230,54070,54281,54050,2780,0.23,231,0.42738205365402404,-3.3626173886701,183.56915577821405
2022-12-27,2022,12,December,54546,54293,54880,54219,6980,0.58,661,1.2191298253379812,-2.799508170429638,184.6388193081037
2022-12-28,2022,12,December,54324,54451,54505,54124,5090,-0.41,381,0.7039391028009755,-3.195110216155532,183.88734682824452
2022-12-29,2022,12,December,54642,54308,54691,54235,8039,0.59,456,0.8407854706370425,-2.6284370155211434,184.96378038047524
2022-12-30,2022,12,December,54779,54634,54869,54516,2940,0.25,353,0.6475163254824272,-2.3843042215371457,185.42752691083882
2023-01-02,2023,1,January,55016,54900,55029,54898,550,0.43,131,0.23862435790010564,-1.961972307856799,186.22977455825605
2023-01-03,2023,1,January,55380,55419,55820,55264,1590,0.66,556,1.0060799073537927,-1.31332751216209,187.46191862433145
2023-01-04,2023,1,January,55688,55600,55821,55555,450,0.56,266,0.47880478804788046,-0.7644742234973358,188.5045020648568
2023-01-05,2023,1,January,55071,56107,56107,54997,740,-1.11,1110,2.0182919068312817,-1.8639627920238075,186.41595017263558
2023-01-06,2023,1,January,55628,55303,55700,55205,9170,1.01,495,0.8966579114210669,-0.8713936953151452,188.3014013946246
2023-01-09,2023,1,January,55792,55952,56077,55721,8180,0.29,356,0.6388973636510472,-0.5791471390131333,188.85654322659263
2023-01-10,2023,1,January,55642,55849,55879,55580,6970,-0.27,299,0.5379632961496942,-0.8464458185576564,188.3487915510121
2023-01-11,2023,1,January,55641,55655,55855,55472,7340,0.0,383,0.6904384193827517,-0.8482278097546198,188.34540653984158
2023-01-12,2023,1,January,55801,55700,55920,55550,8850,0.29,370,0.666066606660666,-0.5631092182404619,188.8870083271275
2023-01-13,2023,1,January,56224,55845,56253,55800,11810,0.76,453,0.8118279569892473,0.0,190.31886805226458
2023-01-16,2023,1,January,56414,56295,56460,56262,5510,0.34,198,0.35192492268316095,0.0,190.96202017466658
2023-01-17,2023,1,January,56306,56230,56430,56230,6770,-0.19,200,0.3556820202738752,-0.19144184067784592,190.5964389682486
2023-01-18,2023,1,January,56220,56289,56492,56073,9600,-0.15,419,0.7472402047331158,-0.3438862693657603,190.30532800758243
2023-01-19,2023,1,January,56443,56299,56470,56187,7670,0.4,283,0.5036752273657608,0.0,191.06018549861216
2023-01-20,2023,1,January,56569,56540,56768,56507,6480,0.22,261,0.4618896773851027,0.0,191.48669690609978
2023-01-23,2023,1,January,56705,56610,56799,56385,8710,0.24,414,0.7342378292098962,0.0,191.9470584252928
2023-01-24,2023,1,January,56881,56815,57000,56633,9070,0.31,367,0.6480320661098653,0.0,192.5428203913073
2023-01-25,2023,1,January,56865,56895,56929,56650,6580,-0.03,279,0.49249779346866723,-0.02812890068740001,192.4886602125787
2023-01-27,2023,1,January,56789,56730,56895,56500,10210,-0.13,395,0.6991150442477876,-0.16174117895255005,192.2313993636179
2023-01-30,2023,1,January,56754,56760,57001,56588,4850,-0.06,413,0.7298367144977734,-0.22327314920623761,192.11292397264913
2023-01-31,2023,1,January,56864,56700,56935,56460,1040,0.19,475,0.8413035777541622,-0.029886956980362513,192.48527520140817
2023-02-01,2023,2,February,57599,56879,58100,56800,640,1.29,1300,2.2887323943661975,0.0,194.97325841175274
2023-02-02,2023,2,February,57710,58299,58895,57700,210,0.19,1195,2.0710571923743504,0.0,195.34899465168235
2023-02-03,2023,2,February,57424,57962,57990,57202,90,-0.5,788,1.3775742106919338,-0.49558135505111767,194.3808814569088
2023-02-06,2023,2,February,56926,56690,57076,56665,10030,-0.87,411,0.7253154504544251,-1.3585167215387282,192.69514589398145
2023-02-07,2023,2,February,57175,57000,57269,56888,9070,0.44,381,0.6697370271410491,-0.9270490382949229,193.53801367544511
2023-02-08,2023,2,February,57128,57188,57303,56930,7560,-0.08,373,0.65519058492886,-1.008490729509617,193.37891815042988
2023-02-09,2023,2,February,56797,57117,57281,56690,9660,-0.58,591,1.0425119068618804,-1.5820481718939527,192.25847945298221
2023-02-10,2023,2,February,56711,56740,56800,56465,10530,-0.15,335,0.5932878774462056,-1.7310691387974353,191.967368492316
2023-02-13,2023,2,February,56486,56759,56839,56466,7870,-0.4,373,0.6605745050118655,-2.1209495754635244,191.20574097894522
2023-02-14,2023,2,February,56679,56560,56949,56367,16320,0.34,582,1.0325190270903188,-1.786518800901057,191.85904813485885
2023-02-15,2023,2,February,56151,56634,56634,56103,10490,-0.93,531,0.946473450617614,-2.7014382256108127,190.0717622368154
2023-02-16,2023,2,February,56229,56235,56280,55929,8920,0.14,351,0.6275813978436947,-2.566279674233235,190.33579310811726
2023-02-17,2023,2,February,56232,56348,56348,55737,9200,0.01,611,1.0962197463085563,-2.5610812684110207,190.34594814162887
2023-02-20,2023,2,February,56202,56194,56339,56181,3510,-0.05,158,0.2812338691016536,-2.613065326633166,190.24439780651278
2023-02-21,2023,2,February,56157,56181,56285,56000,6390,-0.08,285,0.5089285714285715,-2.6910414139663836,190.0920723038386
2023-02-22,2023,2,February,56060,56103,56350,55963,6300,-0.17,387,0.691528331218841,-2.859123202217986,189.76372622029655
2023-02-23,2023,2,February,55630,56000,56000,55566,6190,-0.77,434,0.781053162005543,-3.604228036735401,188.30817141696568
2023-02-24,2023,2,February,55535,55794,55794,55486,6660,-0.17,308,0.5550949789135998,-3.7688442211055273,187.98659535576468
2023-02-27,2023,2,February,55447,55503,55540,55341,2610,-0.16,199,0.3595887316817549,-3.921330791890487,187.68871437275743
2023-02-28,2023,2,February,55714,55549,55999,55325,380,0.48,674,1.2182557614098508,-3.4586726737133944,188.59251235529078
2023-03-01,2023,3,March,56047,55990,56144,55799,110,0.6,345,0.6182906503700784,-2.8816496274475827,189.71972107507955
2023-03-02,2023,3,March,55915,55935,56050,55100,170,-0.24,950,1.7241379310344827,-3.1103794836250214,189.27289960056868
2023-03-03,2023,3,March,55879,55999,56029,55710,60,-0.06,319,0.5726081493448214,-3.172760353491596,189.15103919842934
2023-03-06,2023,3,March,55752,55605,55986,55605,6390,-0.23,381,0.6851901807391422,-3.3928261999653437,188.72114277977116
2023-03-07,2023,3,March,55077,55655,55677,55050,7900,-1.21,627,1.1389645776566757,-4.562467509963611,186.4362602396588
2023-03-08,2023,3,March,54955,55010,55140,54888,7210,-0.22,252,0.4591167468299082,-4.773869346733668,186.0232888768533
2023-03-09,2023,3,March,55272,54987,55395,54819,9130,0.58,576,1.050730586110655,-4.224571131519667,187.09633741791347
2023-03-10,2023,3,March,56101,55257,56147,55253,13840,1.5,894,1.6180116916728504,-2.7880783226477215,189.90251167828853
2023-03-13,2023,3,March,57539,56216,57600,56216,18780,2.56,1384,2.461932545894407,-0.2963091318662277,194.77015774152056
2023-03-14,2023,3,March,57417,57001,57678,57000,11660,-0.21,678,1.1894736842105265,-0.507710968636285,194.35718637871503
2023-03-15,2023,3,March,58263,57420,58557,57015,20000,1.47,1542,2.7045514338332017,0.0,197.22090582898923
2023-03-16,2023,3,March,57942,58186,58430,57800,14100,-0.55,630,1.0899653979238755,-0.5509500025745327,196.1343172432469
2023-03-17,2023,3,March,59231,58250,59295,58066,16730,2.22,1229,2.1165570213205664,0.0,200.4975966420689
2023-03-20,2023,3,March,59424,59317,60320,59120,24580,0.33,1200,2.029769959404601,0.0,201.15090379798252
2023-03-21,2023,3,March,58520,59472,59632,58474,16820,-1.52,1158,1.9803673427506243,-1.5212708669897683,198.09085369981722
2023-03-22,2023,3,March,58684,58515,58772,58380,10090,0.28,392,0.671462829736211,-1.245288099084545,198.64599553178525
2023-03-23,2023,3,March,59436,58769,59490,58769,13200,1.28,721,1.2268372781568515,0.0,201.19152393202899
2023-03-24,2023,3,March,59226,59410,59892,59141,15160,-0.35,751,1.2698466376963529,-0.35332121946295175,200.48067158621623
2023-03-27,2023,3,March,58496,59257,59257,58401,12460,-1.23,856,1.4657283265697505,-1.5815330775960696,198.00961343172432
2023-03-28,2023,3,March,58986,58657,59051,58463,8910,0.84,588,1.005764329575971,-0.7571168988491823,199.6682689052874
2023-03-29,2023,3,March,58997,58899,59089,58665,8700,0.02,424,0.7227478053353789,-0.7386095968773134,199.7055040281633
2023-03-30,2023,3,March,59389,59044,59456,58891,2690,0.66,565,0.9593995686947071,-0.07907665387980349,201.03242840701375
2023-03-31,2023,3,March,59314,59312,59670,59247,890,-0.13,423,0.7139602005164818,-0.20526280368800054,200.77855256922348
2023-04-03,2023,4,April,59600,59750,59760,59031,290,0.48,729,1.23494435127306,0.0,201.74666576399702
2023-04-04,2023,4,April,60435,59558,60625,59558,160,1.4,1067,1.7915309446254073,0.0,204.5731500913953
2023-04-05,2023,4,April,60366,60599,60949,60100,350,-0.11,849,1.4126455906821962,-0.11417225117895259,204.33958432062823
2023-04-06,2023,4,April,60276,60500,60580,60075,10850,-0.15,505,0.8406158967956721,-0.26309257880367337,204.03493331527994
2023-04-10,2023,4,April,59867,60012,60200,59730,10300,-0.68,470,0.786874267537251,-0.9398527343426822,202.65046374653036
2023-04-11,2023,4,April,60281,59980,60350,59961,9790,0.69,389,0.6487550240989977,-0.25481922726896666,204.05185837113265
2023-04-12,2023,4,April,60404,60390,60822,60151,14070,0.2,671,1.1155259264185136,-0.0512947795151816,204.46821474510867
2023-04-13,2023,4,April,60987,60498,61142,60461,14930,0.97,681,1.1263459089330312,0.0,206.44167625753167
2023-04-14,2023,4,April,60145,60986,60986,59918,14070,-1.38,1068,1.7824359958610099,-1.380622099791759,203.5914968519396
2023-04-17,2023,4,April,60051,60050,60444,59764,13500,-0.16,680,1.1378087142761528,-1.5347533080820503,203.27330580190917
2023-04-18,2023,4,April,60331,60050,60499,60007,11380,0.47,492,0.8199043444931424,-1.075639070621608,204.22110892965947
2023-04-19,2023,4,April,60172,60323,60384,59627,17270,-0.26,757,1.2695590923574889,-1.3363503697509307,203.68289215354412
2023-04-20,2023,4,April,60389,59932,60549,59932,10300,0.36,617,1.029500100113462,-0.9805368357190876,204.4174395775506
2023-04-21,2023,4,April,59810,60311,60373,59565,17110,-0.96,808,1.356501301099639,-1.929919491039074,202.45751810980974
2023-04-24,2023,4,April,59928,59652,59978,59575,8500,0.2,403,0.6764582459085187,-1.7364356338236016,202.85694942793313
2023-04-25,2023,4,April,60123,59980,60195,59701,11510,0.33,494,0.8274568265188189,-1.4166953613065079,203.51702660618778
2023-04-26,2023,4,April,59849,60085,60300,59805,10020,-0.46,495,0.8276899924755455,-1.8659714365356552,202.5895335454607
2023-04-27,2023,4,April,59913,60100,60248,59605,9710,0.11,643,1.0787685596845902,-1.7610310394018398,202.80617426037506
2023-04-28,2023,4,April,60057,59888,60124,59741,7030,0.24,383,0.6411007515776436,-1.524915145850755,203.29361586893236
2023-05-01,2023,5,May,59979,60170,60449,59900,1490,-0.13,549,0.9165275459098498,-1.6528112548575926,203.0295849976305
2023-05-02,2023,5,May,60787,60050,60861,59900,710,1.35,961,1.6043405676126876,-0.32793874104317317,205.76467402342428
2023-05-03,2023,5,May,61073,60925,61146,60700,190,0.47,446,0.7347611202635914,0.0,206.73278721819784
2023-05-04,2023,5,May,61683,61374,61898,61150,180,1.0,748,1.2232215862632871,0.0,208.79764403222532
2023-05-05,2023,5,May,60799,61899,61899,60200,110,-1.43,1699,2.8222591362126246,-1.4331339266896876,205.8052941574707
2023-05-08,2023,5,May,60916,60750,61042,60750,9010,0.19,292,0.4806584362139918,-1.243454436392523,206.20134046442354
2023-05-09,2023,5,May,61359,60916,61390,60906,11890,0.73,484,0.794667192066463,-0.5252662808229172,207.70090041297138
2023-05-10,2023,5,May,61207,61265,61571,60957,16020,-0.25,614,1.0072674180159784,-0.7716874989867548,207.18637871504976
2023-05-11,2023,5,May,60886,61228,61450,60801,18620,-0.52,649,1.0674166543313433,-1.2920902031353858,206.09979012930745
2023-05-12,2023,5,May,60843,60849,61031,60532,14970,-0.07,499,0.824357364699663,-1.3618014688001556,205.95423464897436
2023-05-15,2023,5,May,60987,60740,61081,60740,7710,0.24,341,0.5614092854790912,-1.1283497884344147,206.44167625753167
2023-05-16,2023,5,May,60280,60938,60980,60200,14190,-1.16,780,1.2956810631229236,-2.2745326913412125,204.0484733599621
2023-05-17,2023,5,May,60189,60389,60420,60010,9460,-0.15,410,0.6832194634227629,-2.4220611837945625,203.74043734344323
2023-05-18,2023,5,May,59758,60148,60170,59621,12490,-0.72,549,0.9208164908337667,-3.1207950326670235,202.28149752894186
2023-05-19,2023,5,May,60389,59748,60492,59748,12690,1.06,744,1.2452299658565977,-2.0978227388421447,204.4174395775506
2023-05-22,2023,5,May,60271,60485,60510,60140,7430,-0.2,370,0.6152311273694713,-2.289123421364071,204.01800825942726
2023-05-23,2023,5,May,60220,60033,60271,59774,11250,-0.08,497,0.8314651855321712,-2.371804224826938,203.84537268972988
2023-05-24,2023,5,May,59918,60288,60395,59797,10440,-0.5,598,1.000050169740957,-2.861404276705089,202.82309931622774
2023-05-25,2023,5,May,59493,59752,60000,59411,11030,-0.71,589,0.991398899193752,-3.5504109722289767,201.38446956874958
2023-05-26,2023,5,May,59430,59570,59690,59301,9040,-0.11,389,0.655975447294312,-3.652546082388989,201.17121386500574
2023-05-29,2023,5,May,59358,59450,59599,59250,8790,-0.12,349,0.5890295358649789,-3.7692719225718596,200.92749306072707
2023-05-30,2023,5,May,59845,58900,59946,58900,3450,0.82,1046,1.7758913412563668,-2.9797513091127215,202.57599350077857
2023-05-31,2023,5,May,60252,59868,60368,59834,320,0.68,534,0.8924691646889727,-2.3199260736345506,203.95369304718707
2023-06-01,2023,6,June,60033,60100,60718,59696,350,-0.36,1022,1.7120075046904315,-2.6749671708574487,203.2123756008395
2023-06-02,2023,6,June,59656,60449,60449,59601,60,-0.63,848,1.4227949195483298,-3.286156639592756,201.9362263895471
2023-06-05,2023,6,June,59805,59588,60200,59200,40,0.25,1000,1.6891891891891893,-3.044598998103205,202.4405930539571
2023-06-06,2023,6,June,59902,59773,59998,59701,8000,0.16,297,0.4974791042026097,-2.8873433523012824,202.76893913749916
2023-06-07,2023,6,June,59511,59900,60025,59410,14680,-0.65,615,1.0351792627503786,-3.5212295121832597,201.44539976981926
2023-06-08,2023,6,June,59809,59550,59950,59410,14350,0.5,540,0.9089378892442349,-3.0381142292041567,202.45413309863923
2023-06-09,2023,6,June,59777,59805,60040,59676,7820,-0.05,364,0.6099604531134795,-3.0899923803965437,202.34581274118204
2023-06-12,2023,6,June,59595,59680,59850,59484,9120,-0.3,366,0.6152915069598548,-3.385049365303244,201.72974070814433
2023-06-13,2023,6,June,59222,59680,59800,59151,15370,-0.63,649,1.0971919325117074,-3.9897540651395036,200.46713154153412
2023-06-14,2023,6,June,59249,59294,59390,59105,11390,0.05,285,0.4821927078927333,-3.9459818750709275,200.5585268431386
2023-06-15,2023,6,June,59249,59100,59275,58600,16410,0.0,675,1.151877133105802,-3.9459818750709275,200.5585268431386
2023-06-16,2023,6,June,59249,59250,59427,59156,9350,0.0,271,0.45811075799580775,-3.9459818750709275,200.5585268431386
2023-06-19,2023,6,June,59043,59126,59260,59005,6090,-0.35,255,0.43216676552834504,-4.279947473371918,199.86121454200799
2023-06-20,2023,6,June,58721,59064,59238,58555,11770,-0.55,683,1.1664247288873708,-4.801971369745311,198.77124094509512
2023-06-21,2023,6,June,58630,58702,58762,58326,9890,-0.15,436,0.7475225456914584,-4.94949986219866,198.46320492857626
2023-06-22,2023,6,June,58144,58553,58644,58111,10480,-0.83,533,0.9172101667498408,-5.737399283433037,196.81808949969536
2023-06-23,2023,6,June,58188,58111,58594,58046,10120,0.08,548,0.9440788340281845,-5.6660668255435045,196.96702999119898
2023-06-26,2023,6,June,58256,58282,58495,58211,7600,0.12,284,0.487880297538266,-5.555825754259683,197.19721075079548
2023-06-27,2023,6,June,58015,58350,58391,57930,8400,-0.41,461,0.7957880200241672,-5.946533080427346,196.3814230586961
2023-06-28,2023,6,June,57796,58080,58080,57690,10090,-0.38,390,0.6760270410816432,-6.301574177650244,195.64010561234852
2023-06-29,2023,6,June,57578,57600,57811,57375,6460,-0.38,436,0.7599128540305011,-6.65499408264838,194.90217317717148
2023-06-30,2023,6,June,58020,57743,58059,57673,440,0.77,386,0.6692906559395211,-5.938427119303536,196.39834811454878
2023-07-03,2023,7,July,58119,57979,58205,57830,70,0.17,375,0.6484523603665917,-5.777929089052089,196.73346422043193
2023-07-04,2023,7,July,58194,58171,58239,58124,20,0.13,115,0.19785286628587162,-5.656339672194932,196.98734005822217
2023-07-05,2023,7,July,58308,58186,58450,58148,120,0.2,302,0.5193643805461925,-5.471523758572054,197.3732313316634
2023-07-06,2023,7,July,58385,58469,58637,58150,13960,0.13,487,0.8374892519346517,-5.3466919572653735,197.63387719179474
2023-07-07,2023,7,July,58747,58396,58898,58313,13140,0.62,585,1.003206832095759,-4.759820371901497,198.8592512355291
2023-07-10,2023,7,July,58635,58690,58720,58390,9830,-0.19,330,0.5651652680253468,-4.94139390107485,198.48012998442894
2023-07-11,2023,7,July,58737,58601,58840,58553,8870,0.17,287,0.4901542192543507,-4.776032294149117,198.82540112382372
2023-07-12,2023,7,July,59113,58790,59168,58688,13170,0.64,480,0.8178844056706652,-4.166464017638571,200.09816532394558
2023-07-13,2023,7,July,59185,59150,59325,59050,9300,0.12,275,0.46570702794242164,-4.0497381774557,200.34188612822425
2023-07-14,2023,7,July,59229,59207,59320,59083,7720,0.07,237,0.40113061286664525,-3.9784057195661693,200.49082661972784
2023-07-17,2023,7,July,59061,59095,59180,58861,8540,-0.28,319,0.541954774808447,-4.2507660133262,199.92214474307767
2023-07-18,2023,7,July,59633,59135,59767,59112,15280,0.97,655,1.1080660441196373,-3.3234440607622844,201.8583711326247
2023-07-19,2023,7,July,59683,59650,59739,59505,7000,0.08,234,0.39324426518779937,-3.24238444952418,202.02762169115158
2023-07-20,2023,7,July,59459,59750,59842,59338,9930,-0.38,504,0.8493713977552327,-3.6055315078708885,201.26937918895132
2023-07-21,2023,7,July,59221,59460,59500,59110,7400,-0.4,390,0.6597868380984605,-3.9913752573642656,200.46374653036355
2023-07-24,2023,7,July,59013,59188,59234,58967,8039,-0.35,267,0.45279563145488155,-4.328583240114781,199.7596642068919
2023-07-25,2023,7,July,59120,59057,59191,58870,8850,0.18,321,0.545269237302531,-4.155115672065237,200.1218604021393
2023-07-26,2023,7,July,59347,59199,59460,59097,9910,0.38,363,0.6142443778872024,-3.7871050370442423,200.89025793785117
2023-07-27,2023,7,July,58878,59455,59538,58711,13670,-0.79,827,1.4085946415492838,-4.547444190457663,199.30268769886942
2023-07-28,2023,7,July,59288,58989,59335,58910,10910,0.7,425,0.7214394839585808,-3.8827553783052053,200.6905422787895
2023-07-31,2023,7,July,59628,59064,59702,59064,4230,0.57,638,1.0801842069619396,-3.3315500218860947,201.84144607677203
2023-08-01,2023,8,August,59048,59528,59528,59029,780,-0.97,499,0.8453472022226363,-4.271841512248107,199.87813959786067
2023-08-02,2023,8,August,59117,59241,59399,59041,130,0.12,358,0.6063582933893397,-4.159979248739523,200.1117053686277
2023-08-03,2023,8,August,59078,59099,59860,58950,160,-0.07,910,1.5436810856658183,-4.223205745505244,199.97968993297678
2023-08-04,2023,8,August,59124,59074,59249,59037,20,0.08,212,0.3590968375764351,-4.148630903166189,200.13540044682148
2023-08-07,2023,8,August,59201,59325,59380,59135,8380,0.13,245,0.4143062484146445,-4.023799101859508,200.39604630695283
2023-08-08,2023,8,August,58997,59161,59215,58950,9730,-0.34,265,0.4495335029686175,-4.354522315710973,199.7055040281633
2023-08-09,2023,8,August,58719,59051,59097,58702,9960,-0.47,395,0.6728901911348847,-4.805213754194835,198.76447092275404
2023-08-10,2023,8,August,58605,58680,58879,58508,7820,-0.19,371,0.6341013194776782,-4.990029667817713,198.37857964931285
2023-08-11,2023,8,August,58629,58582,58741,58487,6650,0.04,254,0.434284541864004,-4.951121054423423,198.45981991740572
2023-08-14,2023,8,August,58663,58744,58744,58525,4960,0.06,219,0.3741990602306706,-4.896000518781512,198.57491029720399
2023-08-16,2023,8,August,58413,58598,58619,58401,5670,-0.43,218,0.3732812794301467,-5.3012985749720345,197.72865750456975
2023-08-17,2023,8,August,58027,58385,58390,58007,8380,-0.66,383,0.660265140414088,-5.927078773730201,196.42204319274254
2023-08-18,2023,8,August,58098,58169,58265,58055,4990,0.12,210,0.36172594953061754,-5.811974125772093,196.66237898585067
2023-08-21,2023,8,August,58164,58110,58320,57992,8850,0.11,328,0.5655952545178645,-5.704975438937795,196.8857897231061
2023-08-22,2023,8,August,58221,58164,58328,58073,6850,0.1,255,0.43910250891119795,-5.612567482126356,197.0787353598267
2023-08-23,2023,8,August,58430,58290,58456,58160,7780,0.36,296,0.5089408528198074,-5.273738307151079,197.7862026944689
2023-08-24,2023,8,August,58436,58448,58533,58261,7110,0.01,272,0.4668646264224781,-5.264011153802507,197.80651276149212
2023-08-25,2023,8,August,58273,58383,58520,58171,9060,-0.28,349,0.5999553041893727,-5.528265486438727,197.25475594069462
2023-08-28,2023,8,August,58497,58300,58600,58206,8810,0.38,394,0.6769061608768856,-5.165118428092018,198.01299844289485
2023-08-29,2023,8,August,58843,58620,58880,58430,11850,0.59,450,0.7701523190142051,-4.604185918324336,199.18421230790062
2023-08-30,2023,8,August,59117,58832,59164,58830,5370,0.47,334,0.5677375488696244,-4.159979248739523,200.1117053686277
2023-08-31,2023,8,August,59113,59138,59379,59001,200,-0.01,378,0.6406671073371638,-4.166464017638571,200.09816532394558
2023-09-01,2023,9,September,59106,59082,59507,59051,400,-0.01,456,0.7722138490457401,-4.177812363211906,200.0744702457518
2023-09-04,2023,9,September,59385,59125,59540,59101,90,0.47,439,0.7427962301822304,-3.725499732503283,201.0188883623316
2023-09-05,2023,9,September,59301,59550,59550,59150,30,-0.14,400,0.6762468300929839,-3.8616798793832987,200.7345474240065
2023-09-06,2023,9,September,59111,59208,59310,59021,6940,-0.32,289,0.4896562240558446,-4.169706402088096,200.09139530160448
2023-09-07,2023,9,September,59016,59124,59125,58981,4270,-0.16,144,0.24414642003357012,-4.323719663440494,199.76981924040348
2023-09-08,2023,9,September,58905,59117,59200,58872,5870,-0.19,328,0.5571409158853106,-4.503672000389086,199.3940830004739
2023-09-11,2023,9,September,58941,58932,59120,58902,4160,0.06,218,0.37010627822484804,-4.445309080297651,199.51594340261323
2023-09-12,2023,9,September,58642,58999,58999,58576,8320,-0.51,423,0.7221387599016662,-4.930045555501516,198.5038250626227
2023-09-13,2023,9,September,58610,58576,58726,58527,5100,-0.05,199,0.3400140106275736,-4.981923706693903,198.39550470516554
2023-09-14,2023,9,September,58608,58500,58635,58385,6590,0.0,250,0.42819217264708404,-4.985166091143427,198.38873468282446
2023-09-15,2023,9,September,58992,58690,59111,58677,8140,0.66,434,0.7396424493413092,-4.362628276834784,199.6885789723106
2023-09-18,2023,9,September,59212,59079,59225,59056,5050,0.37,169,0.28616905987537256,-4.005965987387125,200.43328142982872
2023-09-19,2023,9,September,59265,59250,59350,59231,2650,0.09,119,0.2009083081494488,-3.9200427994747336,200.61268702186717
2023-09-20,2023,9,September,59363,59167,59388,59100,6430,0.17,288,0.4873096446700508,-3.7611659614480484,200.94441811657978
2023-09-21,2023,9,September,58853,59300,59300,58726,9320,-0.86,574,0.9774205632939413,-4.587973996076715,199.21806241960599
2023-09-22,2023,9,September,58896,58800,58948,58721,5380,0.07,227,0.3865737981301408,-4.518262730411945,199.36361789993907
2023-09-25,2023,9,September,58707,58860,58948,58674,6480,-0.32,274,0.4669870811603095,-4.824668060891979,198.7238507887076
2023-09-26,2023,9,September,58478,58656,58700,58454,9340,-0.39,246,0.42084374037704864,-5.195921080362498,197.94868323065467
2023-09-27,2023,9,September,57759,58466,58478,57662,13130,-1.23,816,1.4151434220110297,-6.361558289966442,195.51486019903865
2023-09-28,2023,9,September,57146,57675,57788,56674,6960,-1.06,1114,1.9656279775558456,-7.355349123745603,193.43984835149956
2023-09-29,2023,9,September,57061,57445,57727,56802,340,-0.15,925,1.6284637864863913,-7.49315046285038,193.15212240200393
2023-10-03,2023,10,October,56385,56323,56490,56251,80,-1.18,239,0.4248813354429255,-8.589076406789554,190.86385485072103
2023-10-04,2023,10,October,56229,56280,56367,56205,140,-0.28,162,0.2882305844675741,-8.841982393852438,190.33579310811726
2023-10-05,2023,10,October,56112,55913,56336,55913,320,-0.21,423,0.7565324700874573,-9.031661884149605,189.93974680116443
2023-10-06,2023,10,October,56582,56486,56641,56160,11220,0.84,481,0.8564814814814815,-8.269701538511422,191.53070205131678
2023-10-09,2023,10,October,57268,56720,57300,56720,9880,1.21,580,1.0225669957686883,-7.157563672324628,193.85281971430507
2023-10-10,2023,10,October,57364,57320,57450,57230,7420,0.17,220,0.38441376900227153,-7.001929218747467,194.1777807866766
2023-10-11,2023,10,October,57636,57387,57742,57340,8000,0.47,402,0.7010812696198117,-6.560964933612179,195.0985038250626
2023-10-12,2023,10,October,57613,57721,57900,57575,8260,-0.04,325,0.5644811115935736,-6.598252354781707,195.02064856814027
2023-10-13,2023,10,October,58993,57665,59019,57634,23770,2.4,1385,2.4030953950792933,-4.361007084610023,199.69196398348114
2023-10-16,2023,10,October,58993,58880,58993,58600,7880,0.0,393,0.6706484641638225,-4.361007084610023,199.69196398348114
2023-10-17,2023,10,October,58922,58850,59100,58700,7160,-0.12,400,0.6814310051107325,-4.47611173256813,199.45162819037304
2023-10-18,2023,10,October,59680,59127,59846,59127,16040,1.29,719,1.2160265191875117,-3.247248026198466,202.01746665763997
2023-10-19,2023,10,October,59935,59600,59978,59481,12200,0.43,497,0.8355609354247575,-2.8338440088841335,202.88064450612686
2023-10-20,2023,10,October,60405,59978,60740,59935,17320,0.78,805,1.3431217151914574,-2.0718836632459507,204.4715997562792
2023-10-23,2023,10,October,60402,60100,60525,60100,10990,0.0,425,0.7071547420965058,-2.0767472399202376,204.4614447227676
2023-10-24,2023,10,October,60351,60400,60401,59958,7290,-0.08,443,0.7388505287034257,-2.159428043383104,204.28880915307022
2023-10-25,2023,10,October,60652,60282,60680,60180,14340,0.5,500,0.8308408109006314,-1.671449183729715,205.3076975154018
2023-10-26,2023,10,October,60735,60673,60880,60410,10480,0.14,470,0.7780168846217513,-1.5368902290744615,205.58865344255634
2023-10-27,2023,10,October,60952,60759,61056,60588,7890,0.36,468,0.7724301841948901,-1.1850915163010878,206.32320086656284
2023-10-30,2023,10,October,61077,60952,61280,60952,4350,0.21,328,0.5381283633022707,-0.9824424882058265,206.74632726287996
2023-10-31,2023,10,October,60879,61021,61688,60800,360,-0.32,888,1.4605263157894737,-1.3034385487087206,206.07609505111367
2023-11-01,2023,11,November,60757,60729,61478,60621,200,-0.2,857,1.4137015225746852,-1.5012240001296953,205.6631236883082
2023-11-02,2023,11,November,60805,60828,60845,60666,190,0.08,179,0.29505818745260937,-1.423406773341115,205.82560422449393
2023-11-03,2023,11,November,60829,60822,61590,60005,240,0.04,1585,2.6414465461211565,-1.384498159946825,205.9068444925868
2023-11-06,2023,11,November,60818,60851,60980,60750,7710,-0.02,230,0.3786008230452675,-1.402331274419208,205.8696093697109
2023-11-07,2023,11,November,60365,60746,60746,60200,11600,-0.74,546,0.9069767441860465,-2.1367313522364344,204.33619930945773
2023-11-08,2023,11,November,60043,60401,60460,59979,11790,-0.53,481,0.8019473482385502,-2.6587552486098276,203.24622571254486
2023-11-09,2023,11,November,60271,59959,60339,59801,11150,0.38,538,0.8996505075165967,-2.289123421364071,204.01800825942726
2023-11-10,2023,11,November,59697,60231,60247,59672,11820,-0.95,575,0.9636010189033383,-3.219687758377511,202.0750118475391
2023-11-12,2023,11,November,59785,59600,59800,59600,1090,0.15,200,0.33557046979865773,-3.077022842598447,202.37289283054633
2023-11-13,2023,11,November,59844,59791,59915,59521,8340,0.1,394,0.6619512440987215,-2.9813725013374834,202.572608489608
2023-11-14,2023,11,November,60083,59853,60344,59757,7860,0.4,587,0.982311695700922,-2.593907559619344,203.38162615936633
2023-11-15,2023,11,November,60120,59814,60400,59500,9310,0.06,900,1.5126050420168067,-2.5339234473031467,203.50687157267618
2023-11-16,2023,11,November,60654,60099,60800,60093,13330,0.89,707,1.1765097432313247,-1.6682067992801906,205.31446753774287
2023-11-17,2023,11,November,60678,60697,60957,60610,10030,0.04,347,0.5725127866688665,-1.6292981858859006,205.39570780583577
2023-11-20,2023,11,November,60657,60678,60745,60375,8930,-0.03,370,0.6128364389233955,-1.6633432226059044,205.32462257125448
2023-11-21,2023,11,November,61212,60738,61330,60738,14350,0.91,592,0.9746781257203069,-0.7635815378629445,207.20330377090247
2023-11-22,2023,11,November,61065,61058,61360,60977,8380,-0.24,383,0.6281056791905145,-1.0018967949029716,206.70570712883352
2023-11-23,2023,11,November,61093,60950,61223,60950,5060,0.05,273,0.4479081214109926,-0.9565034126096331,206.80048744160854
2023-11-24,2023,11,November,61352,61128,61388,61101,6850,0.42,287,0.469714079965958,-0.5366146263962518,207.6772053347776
2023-11-27,2023,11,November,61557,61399,61685,61399,4380,0.33,286,0.46580563201355074,-0.20427022032002334,208.37113262473767
2023-11-28,2023,11,November,62409,61601,62512,61450,10550,1.38,1062,1.7282343368592352,0.0,211.25516214203506
2023-11-29,2023,11,November,62470,62300,62676,62271,2620,0.1,405,0.6503830033241798,0.0,211.46164782343783
2023-11-30,2023,11,November,62639,62609,62750,62365,360,0.27,385,0.6173334402308988,0.0,212.03371471125854
2023-12-01,2023,12,December,62876,62634,62993,62409,210,0.38,584,0.9357624701565479,0.0,212.8359623586758
2023-12-04,2023,12,December,62302,64342,64344,62254,180,-0.91,2090,3.3572139942814916,-0.9129079457980787,210.89296594678763
2023-12-05,2023,12,December,62600,63303,63303,61941,80,0.48,1362,2.1988666634377876,-0.4389592213245117,211.90169927560763
2023-12-06,2023,12,December,62269,62169,62419,62055,10640,-0.53,364,0.586576424139876,-0.9653922005216617,210.7812605781599
2023-12-07,2023,12,December,62290,62205,62578,62088,9880,0.03,490,0.7892024223682514,-0.9319931293339271,210.8523458127412
2023-12-08,2023,12,December,61597,62385,62386,61525,15530,-1.11,861,1.399431125558716,-2.0341624785291685,208.50653307155915
2023-12-11,2023,12,December,60986,61595,61636,60957,13740,-0.99,679,1.1138999622684842,-3.0059164068961133,206.4382912463611
2023-12-12,2023,12,December,60984,60711,61400,60711,11020,0.0,689,1.1348849467147635,-3.009097270818754,206.43152122402003
2023-12-13,2023,12,December,60992,60946,61125,60758,9060,0.01,367,0.6040356825438625,-2.9963738151281887,206.45860131338432
2023-12-14,2023,12,December,62229,61350,62625,61350,18880,2.03,1275,2.078239608801956,-1.0290094789744895,210.64586013133842
2023-12-15,2023,12,December,61991,62232,62365,61880,8440,-0.38,485,0.7837750484809308,-1.4075322857688148,209.84022747275066
2023-12-18,2023,12,December,62057,62587,62587,61714,6480,0.11,873,1.4145898823605665,-1.3025637763216489,210.0636382100061
2023-12-19,2023,12,December,62211,61960,62377,61850,7840,0.25,527,0.8520614389652384,-1.057637254278262,210.58492993026877
2023-12-20,2023,12,December,62151,62238,62332,62053,7000,-0.1,279,0.44961565113693136,-1.1530631719575035,210.38182926003657
2023-12-21,2023,12,December,62257,62197,62417,62111,7000,0.17,306,0.49266635539598463,-0.9844773840575101,210.74064044411344
2023-12-22,2023,12,December,62657,62355,62948,62355,12200,0.64,593,0.951006334696496,-0.34830459952923215,212.09464491232822
2023-12-26,2023,12,December,62722,63127,63250,62616,5660,0.1,634,1.0125207614667178,-0.244926522043387,212.3146706384131
2023-12-27,2023,12,December,63292,62835,63317,62828,8280,0.91,489,0.7783154007767238,0.0,214.2441270056191
2023-12-28,2023,12,December,63119,63119,63471,62969,7810,-0.27,502,0.7972176785402342,-0.2733362826265563,213.65852007311625
2023-12-29,2023,12,December,62954,62993,63107,62783,6770,-0.26,324,0.5160632655336636,-0.5340327371547747,213.09999322997766
2024-01-01,2024,1,January,63001,63035,63188,62893,2410,0.07,295,0.46905060976579266,-0.4597737470770398,213.25908875499292
2024-01-02,2024,1,January,63039,63072,63338,62894,680,0.06,444,0.7059496931344803,-0.39973456360993487,213.3877191794733
2024-01-03,2024,1,January,62294,63057,63122,62223,1250,-1.18,899,1.4448033685293218,-1.5768185552676486,210.8658858574233
2024-01-04,2024,1,January,62444,62518,62555,62218,60,0.24,337,0.5416438972644573,-1.3398217784238136,211.37363753300383
2024-01-05,2024,1,January,62627,62465,62763,62250,80,0.29,513,0.8240963855421687,-1.0506857106743348,211.9930945772121
2024-01-08,2024,1,January,62140,62530,62536,61977,14950,-0.78,559,0.9019474966519838,-1.8201352461606521,210.34459413716067
2024-01-09,2024,1,January,62211,62211,62489,62152,9520,0.11,337,0.5422190758141331,-1.7079567717879038,210.58492993026877
2024-01-10,2024,1,January,62047,62240,62390,62010,8400,-0.26,380,0.612804386389292,-1.96707324780383,210.02978809830074
2024-01-11,2024,1,January,61830,62102,62462,61775,13130,-0.35,687,1.11210036422501,-2.3099285849712445,209.29524067429423
2024-01-12,2024,1,January,62372,62098,62669,62098,15330,0.88,571,0.9195143160810332,-1.4535802313088542,211.1299167287252
2024-01-15,2024,1,January,62567,62521,62644,62448,4990,0.31,196,0.3138611324622086,-1.145484421411869,211.78999390697987
2024-01-16,2024,1,January,62065,62500,62530,62013,11280,-0.8,517,0.8336961604824795,-1.9386336345825699,210.0907182993704
2024-01-17,2024,1,January,61561,62091,62115,61515,13550,-0.81,600,0.975371860521824,-2.7349428047778552,208.3846726694198
2024-01-18,2024,1,January,61791,61600,61830,61512,8140,0.37,318,0.5169722980881779,-2.3715477469506414,209.1632252386433
2024-01-19,2024,1,January,62021,61874,62246,61850,10620,0.37,396,0.6402586903799515,-2.008152689123428,209.94177780786677
2024-01-22,2024,1,January,61888,62021,62030,61755,3840,-0.21,275,0.4453080722208729,-2.218289831258295,209.49157132218534
2024-01-23,2024,1,January,62003,61917,62239,61873,8770,0.19,366,0.5915342718148465,-2.036592302344688,209.8808476067971
2024-01-24,2024,1,January,62072,62124,62294,61950,11110,0.11,344,0.5552865213882163,-1.9275737849965242,210.11441337756415
2024-01-25,2024,1,January,62036,62047,62195,61933,8610,-0.06,262,0.4230377989117272,-1.9844530114390444,209.99255297542481
2024-01-29,2024,1,January,62234,62196,62370,62125,10910,0.32,245,0.39436619718309857,-1.6716172660051825,210.66278518719113
2024-01-30,2024,1,January,62371,62280,62730,62254,3060,0.22,476,0.7646095030038231,-1.4551602098211465,211.12653171755466
2024-01-31,2024,1,January,62865,62580,62982,62063,340,0.79,919,1.4807534279683547,-0.6746508247487835,212.7987272357999
2024-02-01,2024,2,February,63079,62900,63400,62430,160,0.34,970,1.553740189011693,-0.3365354231182456,213.52311962629477
2024-02-02,2024,2,February,62639,63360,63640,62453,230,-0.7,1187,1.9006292732134566,-1.031725968526828,212.03371471125854
2024-02-05,2024,2,February,62542,63441,63441,62400,80,-0.15,1041,1.6682692307692308,-1.1849838842191747,211.70536862771647
2024-02-06,2024,2,February,62322,62081,62367,62015,7330,-0.35,352,0.5676046117874708,-1.5325791569234657,210.96066617019838
2024-02-07,2024,2,February,62305,62243,62462,62191,5660,-0.03,271,0.4357543696033188,-1.559438791632434,210.9031209802992
2024-02-08,2024,2,February,62219,62255,62329,62005,7530,-0.14,324,0.5225385049592776,-1.6953169436895659,210.61201001963306
2024-02-09,2024,2,February,62105,62249,62300,61966,6310,-0.18,334,0.539005260949553,-1.8754344940908805,210.22611874619187
2024-02-12,2024,2,February,61856,62079,62079,61735,9080,-0.4,344,0.557220377419616,-2.2688491436516465,209.38325096472818
2024-02-13,2024,2,February,61267,61965,62150,61153,14350,-0.95,997,1.6303370235311432,-3.199456487391771,207.38947938528196
2024-02-14,2024,2,February,61170,61115,61211,60922,8990,-0.16,289,0.4743770723219855,-3.352714403084118,207.0611333017399
2024-02-15,2024,2,February,61306,61163,61420,61042,7050,0.22,378,0.6192457652108385,-3.1378373254123746,207.52149482093293
2024-02-16,2024,2,February,61498,61331,61525,61135,7190,0.31,390,0.6379324445898422,-2.834481451052266,208.171416965676
2024-02-19,2024,2,February,61641,61588,61770,61512,5100,0.23,258,0.4194303550526727,-2.6085445237944764,208.65547356306274
2024-02-20,2024,2,February,61810,61623,61870,61554,6250,0.27,316,0.51337037398057,-2.3415281552170892,209.22754045088348
2024-02-21,2024,2,February,61744,61850,61899,61690,4510,-0.11,209,0.33879072783271197,-2.4458067370283767,209.00412971362806
2024-02-22,2024,2,February,61661,61800,61943,61622,6620,-0.13,321,0.5209178540131771,-2.5769449535486317,208.72317378647352
2024-02-23,2024,2,February,61910,61657,61936,61493,8910,0.4,443,0.7204072008196055,-2.1835303039878657,209.5660415679372
2024-02-26,2024,2,February,61766,61948,61948,61666,6150,-0.23,282,0.4573022411053092,-2.4110472097579474,209.0785999593799
2024-02-27,2024,2,February,61839,61888,61963,61744,11120,0.12,219,0.3546903342834931,-2.2957087783606145,209.32570577482906
2024-02-28,2024,2,February,61792,61726,61948,61516,6650,-0.08,432,0.7022563235580986,-2.3699677684383493,209.16661024981386
2024-02-29,2024,2,February,62293,61835,62335,61810,640,0.81,525,0.8493771234428085,-1.5783985337799407,210.8625008462528
2024-03-01,2024,3,March,63135,62314,63190,62200,150,1.35,990,1.5916398713826367,-0.24805662642988055,213.71268025184486
2024-03-04,2024,3,March,63605,63153,64135,62620,90,0.74,1515,2.4193548387096775,0.0,215.30363550199715
2024-03-05,2024,3,March,64193,64059,64541,64050,10,0.92,491,0.7665886026541765,0.0,217.29402207027283
2024-03-06,2024,3,March,65042,64659,65127,64559,13400,1.32,568,0.8798153626914915,0.0,220.16789655405864
2024-03-07,2024,3,March,65246,65150,65419,65055,13400,0.31,364,0.5595265544539236,0.0,220.85843883284815
2024-03-08,2024,3,March,65847,65375,66120,65315,16030,0.92,805,1.2324887085661793,0.0,222.8928305463408
2024-03-11,2024,3,March,65872,66000,66026,65750,8450,0.04,276,0.4197718631178707,0.0,222.9774558256042
2024-03-12,2024,3,March,65334,65852,65867,65260,15980,-0.82,607,0.9301256512411892,-0.8167354870051009,221.1563198158554
2024-03-13,2024,3,March,65717,65490,65842,65300,8630,0.59,542,0.8300153139356815,-0.2353048336167112,222.452779094171
2024-03-14,2024,3,March,65435,65620,65675,65280,8360,-0.43,395,0.6050857843137255,-0.6634078212290503,221.49820594407964
2024-03-15,2024,3,March,65367,65484,65695,65349,7770,-0.1,346,0.529464873219177,-0.7666383288802526,221.2680251844831
2024-03-18,2024,3,March,65429,65252,65548,65041,8910,0.09,507,0.779508310142833,-0.6725163954335681,221.47789587705637
2024-03-19,2024,3,March,65431,65452,65541,65222,8440,0.0,319,0.4890987703535617,-0.6694802040320622,221.48466589939747
2024-03-20,2024,3,March,65556,65455,65670,65400,7390,0.19,270,0.41284403669724773,-0.4797182414379403,221.9077922957146
2024-03-21,2024,3,March,65939,65456,66785,65390,19090,0.58,1395,2.13335372381098,0.0,223.2042515740302
2024-03-22,2024,3,March,65686,65733,66061,65600,11510,-0.38,461,0.7027439024390244,-0.3836879540181077,222.34784374788438
2024-03-25,2024,3,March,65862,66250,66350,65800,4180,0.27,550,0.8358662613981762,-0.11677459470116319,222.94360571389885
2024-03-26,2024,3,March,66027,65800,66280,65711,13050,0.25,569,0.8659128608604343,0.0,223.50213255703744
2024-03-27,2024,3,March,66295,66028,66380,65960,8910,0.41,420,0.6367495451788963,0.0,224.4093155507413
2024-03-28,2024,3,March,67592,66370,67870,66370,14140,1.96,1500,2.260057254783788,0.0,228.79967503892763
2024-04-01,2024,4,April,68263,68211,69387,68000,3020,0.99,1387,2.039705882352941,0.0,231.07101753435785
2024-04-02,2024,4,April,68802,68550,69014,68500,610,0.79,514,0.7503649635036497,0.0,232.89553855527726
2024-04-03,2024,4,April,69725,70379,70379,69000,420,1.34,1379,1.998550724637681,0.0,236.01990386568278
2024-04-04,2024,4,April,69612,69850,70200,69400,270,-0.16,800,1.1527377521613833,-0.16206525636428828,235.63739760341213
2024-04-05,2024,4,April,70701,69560,71499,69455,120,1.56,2044,2.9429126772730547,0.0,239.32367476812675
2024-04-08,2024,4,April,70607,70595,70776,70189,15270,-0.13,587,0.8363133824388438,-0.13295427221680034,239.0054837180963
2024-04-09,2024,4,April,71130,70700,71448,70673,21010,0.74,775,1.0965998330338318,0.0,240.77584456028706
2024-04-10,2024,4,April,71127,71181,71479,70702,23200,0.0,777,1.0989788124805522,-0.004217629692113032,240.76568952677545
2024-04-11,2024,4,April,71514,71209,71549,70983,8890,0.54,566,0.7973740191313413,0.0,242.07568884977323
2024-04-12,2024,4,April,71857,71774,73931,71721,41610,0.48,2210,3.081384810585463,0.0,243.23674768126736
2024-04-15,2024,4,April,72329,71963,72410,71303,24040,0.66,1107,1.5525293465913075,0.0,244.83447295376072
2024-04-16,2024,4,April,73109,72500,73335,72427,24810,1.08,908,1.2536761152608833,0.0,247.4747816667795
2024-04-17,2024,4,April,72695,73197,73379,72550,15890,-0.57,829,1.1426602343211578,-0.5662777496614644,246.07338704217722
2024-04-18,2024,4,April,73016,72666,73130,72639,13830,0.44,491,0.6759454287641625,-0.12720732057612605,247.15997562791955
2024-04-19,2024,4,April,73246,73171,73350,72821,18010,0.31,529,0.7264388019939303,0.0,247.93852819714303
2024-04-22,2024,4,April,71936,73001,73001,71808,20680,-1.79,1193,1.6613747771836007,-1.788493569614723,243.50416356373975
2024-04-23,2024,4,April,71590,71710,71770,71010,18480,-0.48,760,1.0702717927052527,-2.260874313955711,242.332949698734
2024-04-24,2024,4,April,71692,71750,71909,71394,10600,0.14,515,0.7213491329803625,-2.121617562733801,242.67822083812877
2024-04-25,2024,4,April,71725,71559,71987,71300,10770,0.05,687,0.9635343618513323,-2.0765639079267126,242.7899262067565
2024-04-26,2024,4,April,72107,71782,72402,71636,10510,0.53,766,1.0692947679937461,-1.555033721977992,244.08300047390154
2024-04-29,2024,4,April,72250,71953,72399,71805,4310,0.2,594,0.8272404428660957,-1.359801217813942,244.56705707128833
2024-04-30,2024,4,April,70969,72201,72201,70900,1990,-1.77,1301,1.834978843441467,-3.1087021816891025,240.2308577618306
2024-05-01,2024,5,May,71274,71130,71439,71005,210,0.43,434,0.611224561650588,-2.6922971902902546,241.26328616884436
2024-05-02,2024,5,May,71119,71871,71871,70800,380,-0.22,1071,1.5127118644067796,-2.903912841656882,240.73860943741116
2024-05-03,2024,5,May,70998,71009,71275,70586,210,-0.17,689,0.9761142436177145,-3.0691095759495397,240.32902308577619
2024-05-06,2024,5,May,71321,70690,71475,70690,16430,0.45,785,1.1104823878907908,-2.6281298637468256,241.42238169385962
2024-05-07,2024,5,May,71136,71339,71365,70967,9590,-0.26,398,0.560824044978652,-2.880703383119897,240.79615462731024
2024-05-08,2024,5,May,71129,71170,71290,70900,11770,-0.01,390,0.5500705218617772,-2.8902602189880677,240.77245954911652
2024-05-09,2024,5,May,71586,71002,71656,70910,18150,0.64,746,1.0520377943872514,-2.2663353630232366,242.31940965405187
2024-05-10,2024,5,May,72595,71690,72751,71690,21550,1.41,1061,1.4799832612637747,-0.8887857357398357,245.73488592512356
2024-05-13,2024,5,May,71819,72405,72405,71735,16920,-1.07,670,0.9339931693036871,-1.9482292548398548,243.10811725678695
2024-05-14,2024,5,May,72213,71950,72257,71810,11480,0.55,447,0.6224759782760061,-1.4103159216885564,244.44181165797846
2024-05-15,2024,5,May,73001,72270,73041,72200,21500,1.09,841,1.164819944598338,-0.33448925538595964,247.10920046036154
2024-05-16,2024,5,May,72896,72860,73194,72701,12280,-0.14,493,0.6781199708394658,-0.47784179340851374,246.75377428745514
2024-05-17,2024,5,May,73593,72798,73650,72760,16470,0.96,890,1.2231995601979109,0.0,249.11312707331933
2024-05-20,2024,5,May,74283,73929,74345,73542,12790,0.94,803,1.0918930679067744,0.0,251.44878478098977
2024-05-21,2024,5,May,73970,73911,74285,73623,13670,-0.42,662,0.8991755293861972,-0.42136154974893314,250.38927628461175
2024-05-22,2024,5,May,73027,73993,73993,72970,15630,-1.27,1023,1.4019460052076196,-1.6908310111330993,247.19721075079545
2024-05-23,2024,5,May,71632,72596,72726,71551,18390,-1.91,1175,1.6421852944053892,-3.568784244039686,242.47512016789656
2024-05-24,2024,5,May,71380,71773,71773,71280,11670,-0.35,493,0.691638608305275,-3.9080274086937794,241.6220973529213
2024-05-27,2024,5,May,72001,71847,72150,71552,11000,0.87,598,0.8357558139534883,-3.072035324367621,243.72418928982466
2024-05-28,2024,5,May,72145,71993,72390,71720,10070,0.2,670,0.9341885108756274,-2.878182087422425,244.21163089838197
2024-05-29,2024,5,May,71993,72149,72380,71850,9520,-0.21,530,0.7376478775226166,-3.0828049486423543,243.69710920046037
2024-05-30,2024,5,May,71852,71721,72111,71501,3440,-0.2,610,0.8531349211899134,-3.2726195764845256,243.21982262541465
2024-05-31,2024,5,May,71703,71846,72341,71612,300,-0.21,729,1.0179858124336705,-3.4732038286014295,242.71545596100466
2024-06-03,2024,6,June,71818,72880,72880,71240,270,0.16,1640,2.3020774845592364,-3.318390479652141,243.1047322456164
2024-06-04,2024,6,June,71782,72052,72300,71400,140,-0.05,900,1.2605042016806722,-3.3668537888884402,242.98287184347708
2024-06-05,2024,6,June,72485,71890,72599,71425,140,0.98,1174,1.6436821841092055,-2.420473055746268,245.36253469636452
2024-06-06,2024,6,June,72963,72540,73125,72516,13140,0.66,609,0.8398146615919245,-1.776988005330964,246.9805700358811
2024-06-07,2024,6,June,71308,73296,73333,71151,29730,-2.27,2182,3.066717263285126,-4.004954027166377,241.37837654864262
2024-06-10,2024,6,June,71303,71306,71380,70684,14550,-0.01,696,0.9846641389847773,-4.011685042338085,241.36145149278994
2024-06-11,2024,6,June,71346,71199,71550,70871,12030,0.06,679,0.9580787628225932,-3.9537983118613953,241.50700697312303
2024-06-12,2024,6,June,71796,71400,71990,71290,16900,0.63,700,0.9819048954972647,-3.348006946407657,243.0302619998646
2024-06-13,2024,6,June,71030,71622,71622,70875,18030,-1.07,747,1.053968253968254,-4.379198470713353,240.43734344323337
2024-06-14,2024,6,June,71691,71111,71743,71011,15740,0.93,732,1.0308262100237993,-3.489358265013529,242.67483582695823
2024-06-17,2024,6,June,71285,71463,71586,71170,7550,-0.57,416,0.5845159477307854,-4.035916696956235,241.30052129172026
2024-06-18,2024,6,June,71503,71482,71541,71032,13010,0.31,509,0.7165784435184143,-3.742444435469758,242.03845372689733
2024-06-19,2024,6,June,71519,71534,71639,71405,6310,0.02,234,0.32770814368741685,-3.720905186920291,242.0926139056259
2024-06-20,2024,6,June,72258,71570,72500,71570,17690,1.03,930,1.2994271342741373,-2.72606114454182,244.59413716065262
2024-06-21,2024,6,June,71429,72348,72542,71383,19530,-1.15,1159,1.6236358796912431,-3.8420634600110386,241.78796290027756
2024-06-24,2024,6,June,71512,71520,71597,71260,7670,0.12,337,0.47291608195341006,-3.7303286081606832,242.06891882743213
2024-06-25,2024,6,June,71201,71444,71593,71101,9040,-0.43,492,0.6919733899663858,-4.148997751840932,241.01618035339519
2024-06-26,2024,6,June,70919,71230,71240,70661,13460,-0.4,579,0.8194053296726624,-4.528627007525275,240.06160720330377
2024-06-27,2024,6,June,71303,70821,71395,70665,10720,0.54,730,1.0330432321517016,-4.011685042338085,241.36145149278994
2024-06-28,2024,6,June,71275,71199,71530,71150,9020,-0.04,380,0.534082923401265,-4.049378727299651,241.26667118001487
2024-07-01,2024,7,July,71329,71262,71560,71061,3460,0.08,499,0.7022135911400065,-3.9766837634452026,241.4494617832239
2024-07-02,2024,7,July,71357,71358,71575,71267,180,0.04,308,0.4321775856988508,-3.938990078483637,241.54424209599892
2024-07-03,2024,7,July,72160,71524,72250,71496,180,1.13,754,1.0546044533959942,-2.8579890419073006,244.26240606594
2024-07-04,2024,7,July,72151,72234,72244,72050,70,-0.01,194,0.26925746009715473,-2.8701048692163753,244.2319409654052
2024-07-05,2024,7,July,73255,72225,76479,72201,70,1.53,4278,5.925125690779906,-1.3838967193032052,247.9689932976779
2024-07-08,2024,7,July,72332,72900,73040,72127,14590,-1.26,913,1.2658227848101267,-2.6264421200005383,244.8446279872724
2024-07-09,2024,7,July,72385,72401,72606,72130,10680,0.07,476,0.659919589629835,-2.5550933591804315,245.0240335793108
2024-07-10,2024,7,July,72629,72491,72916,72466,11230,0.34,450,0.6209808737890873,-2.2266198188010717,245.84997630492182
2024-07-11,2024,7,July,73205,72671,73230,72671,16520,0.79,559,0.769220184117461,-1.4512068710202874,247.79974273915104
2024-07-12,2024,7,July,73159,73040,73180,72850,10750,-0.06,330,0.45298558682223744,-1.5131322106000027,247.64403222530635
2024-07-15,2024,7,July,73311,73093,73533,72923,14640,0.21,610,0.8364987726780302,-1.3085093493800735,248.15855392322797
2024-07-16,2024,7,July,74025,73519,74074,73367,16900,0.97,707,0.9636485068218681,-0.34732038286014294,250.57545189899128
2024-07-17,2024,7,July,73924,74236,74498,73860,12490,-0.14,638,0.8637963715136745,-0.48328688932864855,250.23356577076706
2024-07-18,2024,7,July,73965,74289,74319,73869,11900,0.06,450,0.609186532916379,-0.4280925649206413,250.37235122875904
2024-07-19,2024,7,July,72872,73700,73700,72811,17590,-1.48,889,1.220969359025422,-1.8994924814560534,246.67253401936225
2024-07-22,2024,7,July,72641,72999,73199,72470,11130,-0.32,729,1.0059334897198842,-2.2104653823889717,245.89059643896826
2024-07-23,2024,7,July,68648,72541,72740,68600,48270,-5.5,4140,6.034985422740525,-7.585854098515138,232.37424683501456
2024-07-24,2024,7,July,69028,69000,69349,68767,12010,0.55,582,0.8463361786903603,-7.074296945465315,233.66055107981856
2024-07-25,2024,7,July,67491,68028,68210,66960,14710,-2.23,1250,1.8667861409796895,-9.143411009248414,228.45778891070339
2024-07-26,2024,7,July,68173,67976,68340,67670,11300,1.01,670,0.9900990099009901,-8.225300539827417,230.76636652900953
2024-07-29,2024,7,July,68206,68391,68633,67980,11300,0.05,653,0.9605766401882907,-8.180875839694144,230.87807189763728
2024-07-30,2024,7,July,68617,68206,68711,68011,5730,0.6,700,1.029245269147638,-7.627586392579729,232.26931148872788
2024-07-31,2024,7,July,69083,68999,69226,68800,570,0.68,426,0.6191860465116279,-7.000255778576525,233.8467266941981
2024-08-01,2024,8,August,69412,68145,69849,68145,210,0.48,1704,2.5005502971604665,-6.5573549802781255,234.96039536930473
2024-08-02,2024,8,August,69381,69783,70313,69043,580,-0.04,1270,1.8394333965789438,-6.599087274342716,234.85546002301808
2024-08-05,2024,8,August,68641,69849,70000,67924,110,-1.07,2076,3.0563571049997056,-7.59527751975553,232.35055175682078
2024-08-06,2024,8,August,68742,69200,69578,68533,15710,0.15,1045,1.524812863875797,-7.4593110132870235,232.69243788504502
2024-08-07,2024,8,August,68752,68617,69044,68521,11560,0.01,523,0.7632696545584565,-7.445848982943608,232.7262879967504
2024-08-08,2024,8,August,69396,68949,69444,68608,14890,0.94,836,1.218516791044776,-6.578894228827592,234.90623519057613
2024-08-09,2024,8,August,69604,69633,69698,69212,11110,0.3,486,0.7021903716118592,-6.2988839976845306,235.6103175140478
2024-08-12,2024,8,August,70354,69504,70388,69436,15900,1.08,952,1.3710467192810647,-5.289231721928301,238.14907589195045
2024-08-13,2024,8,August,70356,70437,70549,70191,12810,0.0,358,0.5100368993175763,-5.286539315859618,238.15584591429152
2024-08-14,2024,8,August,69874,70247,70630,69718,18580,-0.69,912,1.3081270260191056,-5.935409178412288,236.52427053009274
2024-08-16,2024,8,August,70938,69979,71038,69953,27670,1.52,1085,1.5510414135205066,-4.503049149872783,240.12592241554395
2024-08-19,2024,8,August,71138,71037,71272,70803,15290,0.28,469,0.662401310678926,-4.233808543004456,240.80292464965135
2024-08-20,2024,8,August,71340,71049,71777,70995,20810,0.28,782,1.1014860201422636,-3.961875530067445,241.4866969060998
2024-08-21,2024,8,August,71407,71400,71658,71061,15960,0.09,597,0.8401232743699076,-3.8716799267665554,241.71349265452577
2024-08-22,2024,8,August,70796,71315,71427,70537,17530,-0.86,890,1.2617491529268328,-4.694209980749297,239.64525082932772
2024-08-23,2024,8,August,71295,70918,71465,70845,15500,0.7,620,0.8751499752981862,-4.022454666612819,241.33437140342565
2024-08-26,2024,8,August,71500,71417,71775,71252,14690,0.29,523,0.7340144838039634,-3.746483044572783,242.02829869338566
2024-08-27,2024,8,August,71551,71695,71696,71245,11520,0.07,451,0.6330268790792336,-3.677826689821359,242.2009342630831
2024-08-28,2024,8,August,71328,71490,71543,71062,11790,-0.31,481,0.6768737159100504,-3.9780299664795447,241.44607677205335
2024-08-29,2024,8,August,71666,71403,71718,71281,14010,0.47,437,0.6130665955864817,-3.52301334087207,242.59021054769482
2024-08-30,2024,8,August,71195,71463,71697,71129,7600,-0.66,568,0.7985491149882608,-4.157074970046983,240.99587028637194
2024-09-02,2024,9,September,71233,71126,71379,71026,1090,0.05,353,0.4970010981893955,-4.105919254742,241.12450071085237
2024-09-03,2024,9,September,70807,71194,71365,70575,420,-0.6,790,1.1193765497697485,-4.679401747371538,239.68248595220362
2024-09-04,2024,9,September,71053,71076,71105,70600,70,0.35,505,0.7152974504249292,-4.348235800923495,240.5151987001557
2024-09-05,2024,9,September,71890,71060,72510,71053,50,1.18,1457,2.0505819599453927,-3.221463861179543,243.34845304989506
2024-09-06,2024,9,September,71409,71932,72138,71230,27360,-0.67,908,1.274743787729889,-3.8689875206978717,241.7202626768668
2024-09-09,2024,9,September,71573,71537,71640,71109,12550,0.23,531,0.746740918871029,-3.6482102230658424,242.2754045088349
2024-09-10,2024,9,September,71821,71601,71901,71530,13030,0.35,371,0.5186634978330771,-3.314351870549116,243.114887279128
2024-09-11,2024,9,September,71878,71921,72147,71601,18960,0.08,546,0.7625591821343277,-3.2376182975916428,243.30783291584862
2024-09-12,2024,9,September,72681,71850,72723,71837,27820,1.12,886,1.233347717749906,-2.1566172610153065,246.0259968857897
2024-09-13,2024,9,September,73367,72725,73450,72725,17690,0.94,725,0.9969061533172912,-1.2331219794569417,248.34811454877803
2024-09-16,2024,9,September,73422,73415,73649,73306,12250,0.07,343,0.46790167244154635,-1.1590808125681515,248.53429016315752
2024-09-17,2024,9,September,73022,73389,73492,72907,16520,-0.54,585,0.802392088551168,-1.6975620263048072,247.18028569494282
2024-09-18,2024,9,September,73029,73162,73255,72910,10650,0.01,345,0.47318611987381703,-1.6881386050644158,247.20398077313655
2024-09-19,2024,9,September,73357,72949,73525,72750,19120,0.45,775,1.0652920962199313,-1.2465840098003582,248.31426443707267
2024-09-20,2024,9,September,73977,73450,74050,73364,20000,0.85,686,0.9350635188920996,-0.4119381285085416,250.4129713628055
2024-09-23,2024,9,September,74183,74171,74299,73929,12790,0.28,370,0.5004801904530022,-0.13462030343416392,251.11028366393612
2024-09-24,2024,9,September,74886,74273,74944,74217,15990,0.95,727,0.9795599390975114,0.0,253.4899465168235
2024-09-25,2024,9,September,75167,75000,75240,74838,10710,0.38,402,0.5371602661749378,0.0,254.44113465574438
2024-09-26,2024,9,September,75339,75199,75643,75075,15810,0.23,568,0.7565767565767566,0.0,255.0233565770767
2024-09-27,2024,9,September,74878,75329,75380,74742,7530,-0.61,638,0.853603061197185,-0.6119008747129641,253.46286642745923
2024-09-30,2024,9,September,74844,75169,75359,74620,1380,-0.05,739,0.9903511123023317,-0.657030223390276,253.34777604766097
2024-10-01,2024,10,October,75660,74867,75736,74850,640,1.09,886,1.1837007348029391,0.0,256.10994516281903
2024-10-03,2024,10,October,75827,76000,76250,75150,230,0.22,1100,1.4637391882900865,0.0,256.67524202829867
2024-10-04,2024,10,October,75759,75889,76109,75377,330,-0.09,732,0.9711185109516166,-0.08967781924644255,256.4450612687022
2024-10-07,2024,10,October,75657,75671,75930,75452,12880,-0.13,478,0.6335153475056989,-0.2241945481161064,256.09979012930745
2024-10-08,2024,10,October,74799,75523,75697,74481,23990,-1.13,1216,1.6326311408278622,-1.3557176203726904,253.1954505449868
2024-10-09,2024,10,October,74512,74895,74936,74420,12360,-0.38,516,0.6933619994625101,-1.7342107692510582,252.22395233904274
2024-10-10,2024,10,October,74834,74639,74950,74267,11930,0.43,683,0.9196547591797164,-1.3095599192899625,253.31392593595558
2024-10-11,2024,10,October,75738,75177,75827,75177,15840,1.21,650,0.8646261489551326,-0.11737243989607922,256.3739760341209
2024-10-14,2024,10,October,75553,75832,75928,75435,12870,-0.24,493,0.6535427851792934,-0.3613488599047832,255.7477489675716
2024-10-15,2024,10,October,75838,75639,75990,75275,14740,0.38,715,0.9498505479907007,0.0,256.7124771511746
2024-10-16,2024,10,October,76163,75900,76350,75867,15640,0.43,483,0.6366404365534423,0.0,257.8126057815991
2024-10-17,2024,10,October,76540,76198,76635,76121,17750,0.49,514,0.6752407351453606,0.0,259.0887549928915
2024-10-18,2024,10,October,77159,76666,77260,76666,16379,0.81,594,0.774789345994313,0.0,261.1840769074538
2024-10-21,2024,10,October,77508,77300,77947,77300,16329,0.45,647,0.8369987063389391,0.0,262.36544580597115
2024-10-22,2024,10,October,78241,77798,78300,77635,11660,0.95,665,0.8565724222322405,0.0,264.8466589939747
2024-10-23,2024,10,October,77482,78027,78497,77255,12950,-0.97,1242,1.6076629344379003,-0.9700796257716542,262.2774355155372
2024-10-24,2024,10,October,77872,76786,78072,76786,10090,0.5,1286,1.6747844659182665,-0.4716197390115157,263.59758987204657
2024-10-25,2024,10,October,78009,77702,78104,77411,4700,0.18,693,0.8952216093320071,-0.29651972750859523,264.0613364024101
2024-10-28,2024,10,October,78159,77765,78304,77746,410,0.19,558,0.7177218120546395,-0.10480438644700349,264.56908807799067
2024-10-29,2024,10,October,78865,78438,78926,78416,190,0.9,510,0.6503774739849011,0.0,266.95890596438966
2024-10-30,2024,10,October,79257,79119,79375,78888,130,0.5,487,0.617330899503093,0.0,268.28583034324015
2024-10-31,2024,10,October,78326,79264,79999,77803,90,-1.17,2196,2.822513270696503,-1.174659651513431,265.1343849434703
2024-11-01,2024,11,November,78829,78600,78887,78550,3200,0.64,337,0.4290260980267345,-0.5400153929621359,266.83704556225035
2024-11-04,2024,11,November,78401,78450,78642,78226,13380,-0.54,416,0.5317924986577353,-1.0800307859242717,265.3882607812606
2024-11-05,2024,11,November,78490,78246,78670,78157,12200,0.11,513,0.6563711503768057,-0.967737865425136,265.68952677543837
2024-11-06,2024,11,November,76689,78355,78570,76412,47170,-2.29,2158,2.8241637439145686,-3.2400923577728147,259.5931216573015
2024-11-07,2024,11,November,77386,76459,77427,76311,21890,0.91,1116,1.4624366080905769,-2.3606747668975614,261.95247444316567
2024-11-08,2024,11,November,77248,77455,77589,77031,16020,-0.18,558,0.7243836896833742,-2.5347918795816144,261.4853429016316
2024-11-11,2024,11,November,75382,77019,77019,75348,27620,-2.42,1671,2.2177098264054784,-4.889158055439898,255.16891205740978
2024-11-12,2024,11,November,74918,75502,75588,74644,26010,-0.62,944,1.2646696318525266,-5.474595303884831,253.59826687428065
2024-11-13,2024,11,November,74514,75097,75333,74363,18170,-0.54,970,1.3044121404461897,-5.984329459858436,252.23072236138378
2024-11-14,2024,11,November,74151,74000,74878,73334,25710,-0.49,1544,2.1054354051326807,-6.442333169309967,251.00196330647893
2024-11-15,2024,11,November,73965,74191,74300,73900,9820,-0.25,400,0.5412719891745602,-6.677012755971082,250.37235122875904
2024-11-18,2024,11,November,75039,74366,75165,74305,18510,1.45,860,1.1573918309669604,-5.32192740073432,254.00785322591565
2024-11-19,2024,11,November,75555,75255,75840,75255,21000,0.69,585,0.7773569862467611,-4.670880805480904,255.7545189899127
2024-11-20,2024,11,November,76008,75484,76135,75380,13820,0.6,755,1.001591934200053,-4.099322457322382,257.28792905016587
2024-11-21,2024,11,November,76689,76250,76749,76051,20720,0.9,698,0.9178051570656534,-3.2400923577728147,259.5931216573015
2024-11-22,2024,11,November,77579,77000,77637,76959,23290,1.16,678,0.880988578333918,-2.117163152781458,262.60578159907925
2024-11-25,2024,11,November,75377,77100,77100,75260,32159,-2.84,1840,2.444857826202498,-4.895466646479176,255.1519870015571
2024-11-26,2024,11,November,75293,75556,75693,74857,22000,-0.11,836,1.116796024419894,-5.001450975939034,254.86764606323203
2024-11-27,2024,11,November,75788,75578,76164,75578,15790,0.66,586,0.7753579083860384,-4.376900463050582,256.5432265926478
2024-11-28,2024,11,November,75761,75656,76091,75434,12130,-0.04,657,0.8709600445422488,-4.4109668546626795,256.4518312910433
2024-11-29,2024,11,November,76485,76605,76606,76022,5350,0.96,584,0.7681986793296678,-3.497482872175328,258.9025793785119
2024-12-02,2024,12,December,75815,76100,76189,75587,1760,-0.88,602,0.7964332491036819,-4.342834071438485,256.63462189425223
2024-12-03,2024,12,December,75934,76095,76164,75828,180,0.16,336,0.44310808672258273,-4.192689604703685,257.03743822354613
2024-12-04,2024,12,December,76036,76267,76373,75900,210,0.13,473,0.6231884057971014,-4.063994347502429,257.3827093629409
2024-12-05,2024,12,December,76353,76265,76449,76195,50,0.42,254,0.3333552070345823,-3.6640296756122486,258.4557579040011
2024-12-06,2024,12,December,76185,76141,76380,75894,14610,-0.22,486,0.6403668274171871,-3.8759983345319657,257.8870760273509
2024-12-09,2024,12,December,76999,76261,77273,76160,21650,1.07,1113,1.4613970588235294,-2.8489597133376234,260.6424751201679
2024-12-10,2024,12,December,77745,77135,77772,76920,20600,0.97,852,1.107644305772231,-1.9077179302774516,263.16769345338844
2024-12-11,2024,12,December,78287,77899,78360,77590,30920,0.7,770,0.9923959273102203,-1.223866661619794,265.00236950781937
2024-12-12,2024,12,December,77400,78050,78360,77130,25140,-1.13,1230,1.5947102294826914,-2.343010711987585,261.9998645995532
2024-12-13,2024,12,December,76592,77517,77520,76520,19860,-1.04,1000,1.3068478829064296,-3.3624790239347946,259.2647755737594
2024-12-16,2024,12,December,76486,76500,76859,76350,13730,-0.14,509,0.6666666666666667,-3.496221153967473,258.9059643896825
2024-12-17,2024,12,December,76314,76563,76585,75932,15200,-0.22,653,0.8599799820892376,-3.7132366857186114,258.32374246835013
2024-12-18,2024,12,December,76115,76265,76465,76011,11000,-0.26,454,0.5972819723461078,-3.9643186090818476,257.65012524541334
2024-12-19,2024,12,December,75191,75500,75931,75008,19350,-1.21,923,1.230535409556314,-5.13014623314029,254.52237492383728
2024-12-20,2024,12,December,75786,75200,76025,75070,16059,0.79,955,1.272145997069402,-4.3794238994662935,256.53645657030665
2024-12-23,2024,12,December,75506,75680,75964,75352,14200,-0.37,612,0.8121881303747743,-4.732704997665822,255.58865344255634
2024-12-24,2024,12,December,75562,75625,75688,75424,10820,0.07,264,0.35002121340687314,-4.662048778025916,255.77821406810642
2024-12-26,2024,12,December,76114,75868,76200,75760,9730,0.73,440,0.5807814149947201,-3.965580327289703,257.64674023424277
2024-12-27,2024,12,December,75783,76160,76445,75661,15260,-0.43,784,1.0362009489697466,-4.38320905408986,256.5263015367951
2024-12-30,2024,12,December,75517,75443,76450,75336,10260,-0.35,1114,1.4787087182754592,-4.718826097379411,255.62588856543223
2024-12-31,2024,12,December,76232,75680,76970,75572,1920,0.95,1398,1.8498914942042026,-3.8166975787627595,258.0461715523661
2025-01-01,2025,1,January,76214,76232,76302,76053,60,-0.02,249,0.32740325825411226,-3.839408506504157,257.98524135129645
2025-01-02,2025,1,January,76849,76849,76849,76849,0,0.83,0,0.0,-3.038217444515942,260.13472344458734
2025-01-03,2025,1,January,76813,77246,78600,76613,60,-0.05,1987,2.59355461866785,-3.083639299998738,260.01286304244803
2025-01-06,2025,1,January,77149,77309,77542,76545,27160,0.44,997,1.3025017963289567,-2.6597019821593046,261.15022679574844
2025-01-07,2025,1,January,77514,77189,77799,77100,21208,0.47,699,0.9066147859922179,-2.1991748362920625,262.38575587299437
2025-01-08,2025,1,January,77737,77450,78049,77361,21727,0.29,688,0.8893370044337587,-1.9178116759402957,263.14061336402415
2025-01-09,2025,1,January,78068,77849,78218,77765,14396,0.43,453,0.5825242718446602,-1.500182949140139,264.2610520614718
2025-01-10,2025,1,January,78398,78389,78728,78018,25071,0.42,710,0.910046399548822,-1.083815940547838,265.378105747749
2025-01-13,2025,1,January,78159,78203,78717,78090,17089,-0.3,627,0.8029197080291971,-1.3853665922252925,264.56908807799067
2025-01-14,2025,1,January,78151,78195,78415,77770,13273,-0.01,645,0.8293686511508294,-1.395460337888136,264.5420079886263
2025-01-15,2025,1,January,78658,78323,78706,78228,16143,0.65,478,0.6110344122309147,-0.7557692065054191,266.25820865208857
2025-01-16,2025,1,January,79160,78688,79190,78687,16603,0.64,503,0.6392415519717362,-0.12238666616197938,267.95748425969805
2025-01-17,2025,1,January,79003,79055,79149,78741,14402,-0.2,408,0.5181544557473234,-0.32047642479528626,267.4260375059238
2025-01-20,2025,1,January,78530,78890,79135,78430,17304,-0.6,705,0.8988907305877853,-0.9172691371109176,265.8249272222598
2025-01-21,2025,1,January,79179,78855,79300,78782,14484,0.83,518,0.6575105988677616,-0.09841402021272569,268.02179947193827
2025-01-22,2025,1,January,79535,79267,79587,79257,14648,0.45,330,0.41636700859230097,0.0,269.2268634486494
2025-01-23,2025,1,January,79594,79400,79619,79251,14044,0.07,368,0.4643474530289839,0.0,269.42657910771106
2025-01-24,2025,1,January,79944,79950,80221,79687,13556,0.44,534,0.6701218517449521,0.0,270.611333017399
2025-01-27,2025,1,January,79510,79944,80000,79431,18521,-0.54,569,0.7163450038398107,-0.5428800160112078,269.14223816938596
2025-01-28,2025,1,January,80163,79628,80199,79552,9023,0.82,647,0.813304505229284,0.0,271.35265046374656
2025-01-29,2025,1,January,80310,80247,80730,80195,11055,0.18,535,0.667123885529023,0.0,271.85024710581547
2025-01-30,2025,1,January,81539,80509,81800,80380,3833,1.53,1420,1.766608609106743,0.0,276.0104258344052
2025-01-31,2025,1,January,81836,81890,82094,81551,1125,0.36,543,0.6658410074677196,0.0,277.0157741520547
2025-02-01,2025,2,February,81663,81200,82730,81003,13528,-0.21,1727,2.1320198017357384,-0.211398406569236,276.4301672195518
2025-02-03,2025,2,February,82625,81243,83060,81202,25861,1.18,1858,2.288120982241817,0.0,279.68654796560827
2025-02-04,2025,2,February,83162,82661,83194,82309,21445,0.65,885,1.0752165619798564,0.0,281.5042989641866
2025-02-05,2025,2,February,83976,83324,84274,83276,29476,0.98,998,1.1984245160670541,0.0,284.25969805700356
2025-02-06,2025,2,February,83856,84043,84245,83371,26411,-0.14,874,1.0483261565772273,-0.14289797084881395,283.85349671653915
2025-02-07,2025,2,February,84378,84044,84690,83906,29656,0.62,784,0.9343789478702357,0.0,285.6204725475594
2025-02-10,2025,2,February,85308,84690,85427,84589,26703,1.1,838,0.9906725460757309,0.0,288.7685329361587
2025-02-11,2025,2,February,85113,85498,85875,84436,36373,-0.23,1439,1.7042493723056515,-0.22858348572232381,288.108455757904
2025-02-12,2025,2,February,85024,84631,85181,84180,28792,-0.1,1001,1.1891185554763601,-0.33291133305199977,287.8071897637262
2025-02-13,2025,2,February,85368,85350,85580,85181,18828,0.4,399,0.4684143177469154,0.0,288.9716336063909
2025-02-14,2025,2,February,84331,85500,85856,84285,35299,-1.21,1571,1.8639141009669573,-1.2147408865148532,285.4613770225442
2025-02-17,2025,2,February,84759,84791,84895,84346,15711,0.51,549,0.6508903801010125,-0.7133820635366882,286.9101618035339
2025-02-18,2025,2,February,85742,84967,85775,84966,19944,1.16,809,0.9521455641079961,0.0,290.2376277841717
2025-02-19,2025,2,February,85719,85730,86350,85610,25200,-0.03,740,0.8643850017521317,-0.026824660026591406,290.15977252724934
2025-02-20,2025,2,February,85830,86280,86339,85400,20977,0.13,939,1.0995316159250585,0.0,290.53550876717895
2025-02-21,2025,2,February,85795,85630,85850,85325,17775,-0.04,525,0.6152944623498389,-0.04077828265175347,290.4170333762101
2025-02-24,2025,2,February,86030,85847,86240,85730,22067,0.27,510,0.5948909366616121,0.0,291.2125110012863
2025-02-25,2025,2,February,85589,86177,86380,85130,23226,-0.51,1250,1.4683425349465524,-0.5126118795768918,289.7197210750795
2025-02-26,2025,2,February,85837,85941,85941,85300,10503,0.29,641,0.7514654161781946,-0.22434034639079392,290.5592038453727
2025-02-27,2025,2,February,85123,85736,85875,84780,5943,-0.83,1095,1.291578202406228,-1.0542833895152854,288.14230586960934
2025-02-28,2025,2,February,84269,84960,85000,84083,30763,-1.0,917,1.0905890608089626,-2.046960362664187,285.2515063299709
2025-03-03,2025,3,March,85355,84470,85399,84470,22181,1.29,929,1.0997987451166096,-0.7846100197605486,288.9276284611739
2025-03-04,2025,3,March,86007,85391,86286,85346,27305,0.76,940,1.1013990110842922,-0.026734859932581657,291.13465574436395
2025-03-05,2025,3,March,85848,86250,86250,85450,26706,-0.18,800,0.9362200117027502,-0.2115541090317331,290.5964389682486
2025-03-06,2025,3,March,86002,86089,86148,85400,24359,0.18,748,0.8758782201405153,-0.03254678600488201,291.1177306885113
2025-03-07,2025,3,March,85896,85799,86315,85703,26919,-0.12,612,0.7140940223796133,-0.15575961873764965,290.75891950443435
2025-03-10,2025,3,March,85460,85850,86110,85352,23266,-0.51,758,0.8880869809729122,-0.662559572242241,289.28305463408026
2025-03-11,2025,3,March,86113,85656,86171,85520,18913,0.76,651,0.7612254443405051,0.0,291.49346692844085
2025-03-12,2025,3,March,86661,86197,86700,85845,26010,0.64,855,0.9959811287786126,0.0,293.34845304989506
2025-03-13,2025,3,March,87694,86746,87796,86530,26749,1.19,1266,1.4630763896914365,0.0,296.84516958905965
2025-03-14,2025,3,March,87924,87909,88248,87627,12655,0.26,621,0.708685679071519,0.0,297.62372215828316
2025-03-17,2025,3,March,87976,87701,88125,87679,17635,0.06,446,0.5086736846907469,0.0,297.79974273915104
2025-03-18,2025,3,March,88660,88299,88775,88241,22231,0.78,534,0.6051608662639816,0.0,300.1150903797983
2025-03-19,2025,3,March,88564,88776,88968,88405,19141,-0.11,563,0.6368418075900684,-0.10827881795623731,299.7901293074267
2025-03-20,2025,3,March,88646,88850,89000,88320,18484,0.09,680,0.7699275362318841,-0.015790660951951273,300.0677002234107
2025-03-21,2025,3,March,87785,88450,88483,87355,26283,-0.97,1128,1.2912826970408104,-0.9869163094969546,297.15320560557853
2025-03-24,2025,3,March,87313,87879,87930,87191,17733,-0.54,739,0.8475645422119255,-1.5192871644484547,295.5554803330851
2025-03-25,2025,3,March,87566,86802,87949,86802,16920,0.29,1147,1.3213981244671782,-1.233927362959621,296.41188815923095
2025-03-26,2025,3,March,87506,87552,87844,87341,17163,-0.07,503,0.5759036420466905,-1.3016016241822694,296.2087874889987
2025-03-27,2025,3,March,88213,87666,88375,87665,19889,0.81,710,0.809901328922603,-0.5041732461087299,298.6019903865683
2025-03-28,2025,3,March,88759,88280,88850,88280,16479,0.62,570,0.6456728590847305,0.0,300.4502064856814
2025-03-31,2025,3,March,90138,88887,90298,88887,3264,1.55,1411,1.5874087324355641,0.0,305.1181368898517
2025-04-01,2025,4,April,90409,90360,90920,90011,28184,0.3,909,1.0098765706413662,0.0,306.03547491706723
2025-04-02,2025,4,April,90364,90710,90749,90128,24651,-0.05,621,0.6890200603586011,-0.049773805705184214,305.8831494143931
2025-04-03,2025,4,April,89763,90630,90937,88512,76839,-0.67,2425,2.739741503976862,-0.7145306330122001,303.8487577009004
2025-04-04,2025,4,April,87940,89237,90407,87773,74078,-2.03,2634,3.000922835040388,-2.730922806357774,297.6778823370117
2025-04-07,2025,4,April,86819,88001,88569,86651,53976,-1.27,1918,2.21347705162087,-3.9708436107024743,293.8832848148399
2025-04-08,2025,4,April,87449,87148,88145,87148,34767,0.73,997,1.144030844081333,-3.2740103308298956,296.01584185227813
2025-04-09,2025,4,April,89489,87650,90439,87650,67769,2.33,2789,3.181973759269823,-1.0175978055282107,302.9212646401733
2025-04-10,2025,4,April,91646,90439,91948,90240,34870,2.41,1708,1.8927304964539007,0.0,310.22273373502134
2025-04-11,2025,4,April,93280,91999,93484,91999,48636,1.78,1485,1.6141479798693465,0.0,315.7538419876785
2025-04-14,2025,4,April,92835,93549,93549,92334,24038,-0.48,1215,1.315874975631945,-0.4770583190394511,314.24751201678964
2025-04-15,2025,4,April,93071,92835,93165,92625,22481,0.25,540,0.5829959514170041,-0.2240566037735849,315.04637465303637
2025-04-16,2025,4,April,95163,93550,95268,93550,46672,2.25,1718,1.8364510956707645,0.0,322.12781802179944
2025-04-17,2025,4,April,94784,95345,95476,93856,49630,-0.4,1620,1.7260484145925674,-0.3982640311885922,320.844898788166
2025-04-21,2025,4,April,96800,95550,96900,94037,35929,2.13,2863,3.044546295607048,0.0,327.6690813079683
2025-04-22,2025,4,April,97057,96964,99704,96303,80406,0.27,3401,3.5315618412718193,0.0,328.5390291787963
2025-04-23,2025,4,April,94530,96000,96000,93896,68188,-2.6,2104,2.240777029905427,-2.603624674160545,319.98510595084963
2025-04-24,2025,4,April,95807,95200,95997,95050,42952,1.35,947,0.9963177275118359,-1.2879029848439578,324.3077652156252
2025-04-25,2025,4,April,95071,95977,96101,94268,36140,-0.77,1833,1.9444562311707048,-2.04622026232008,321.8163969941101
2025-04-28,2025,4,April,96159,94809,96262,94300,27164,1.14,1962,2.080593849416755,-0.9252295043118992,325.4992891476542
2025-04-29,2025,4,April,95559,95303,95856,95097,5766,-0.62,759,0.7981324331997854,-1.543422937036999,323.4682824453321
2025-04-30,2025,4,April,94718,95350,95373,93707,61401,-0.88,1666,1.7778821219332601,-2.4099240652400136,320.62148805091056
2025-05-01,2025,5,May,92382,94002,95155,91880,38519,-2.47,3275,3.5644318676534605,-4.816757163316401,312.7141019565364
2025-05-02,2025,5,May,92692,92948,93446,92425,52253,0.34,1021,1.104679469840411,-4.497357223075101,313.7634554194029
2025-05-05,2025,5,May,94667,93311,94842,92956,41560,2.13,1886,2.028916906923706,-2.462470507021647,320.4488524812132
2025-05-06,2025,5,May,97460,94978,97500,94978,49584,2.95,2522,2.6553517656720502,0.0,329.90318868052265
2025-05-07,2025,5,May,97065,96666,97375,96518,37216,-0.41,857,0.8879172796784021,-0.4052944797865791,328.5661092681606
2025-05-08,2025,5,May,96153,97200,97299,95364,71860,-0.94,1935,2.029067572668932,-1.3410630002052124,325.47897908063095
2025-05-09,2025,5,May,96490,96081,96733,95831,36158,0.35,902,0.9412403084596843,-0.9952801149189412,326.61972784510186
2025-05-12,2025,5,May,92948,95840,95840,92460,68480,-3.67,3380,3.655634869132598,-4.629591627334291,314.6300182790603
2025-05-13,2025,5,May,93659,93000,94163,92910,42601,0.76,1253,1.3486169411258206,-3.900061563718449,317.036761221312
2025-05-14,2025,5,May,92305,93439,93650,92076,50124,-1.45,1574,1.7094574047525957,-5.289349476708393,312.45345609640515
2025-05-15,2025,5,May,93155,91960,93417,90970,64255,0.92,2447,2.689897768495108,-4.417196798686641,315.3307155913614
2025-05-16,2025,5,May,92443,92889,93549,91668,61604,-0.76,1881,2.0519701531614083,-5.1477529242766265,312.9205876379392
2025-05-19,2025,5,May,93314,92871,93790,92871,39790,0.94,919,0.9895446371849125,-4.254052944797865,315.8689323674768
2025-05-20,2025,5,May,94761,93010,94800,92800,48431,1.55,2000,2.1551724137931036,-2.7693412682126004,320.76704353124364
2025-05-21,2025,5,May,95473,95000,95640,94922,37674,0.75,718,0.7564105265375782,-2.0387851426226145,323.1771714846659
2025-05-22,2025,5,May,95461,95900,96243,95120,47922,-0.01,1123,1.1806139613120268,-2.0510978863123333,323.13655135061947
2025-05-23,2025,5,May,96210,95529,96359,95440,36730,0.78,919,0.9629086336965633,-1.2825774676790478,325.6719247173516
2025-05-26,2025,5,May,95814,95867,95991,95390,23656,-0.41,601,0.6300450781004299,-1.6888980094397703,324.33146029381896
2025-05-27,2025,5,May,95055,95782,96004,94905,29463,-0.79,1099,1.1580001053685265,-2.467679047814488,321.76223681538147
2025-05-28,2025,5,May,95177,94941,95750,94940,19680,0.13,810,0.8531704234253213,-2.342499486969013,322.17520817818695
2025-05-29,2025,5,May,95295,94940,95600,94451,25080,0.12,1149,1.2165037956188924,-2.2214241740201106,322.57463949631034
2025-05-30,2025,5,May,94712,94820,95190,94418,7692,-0.61,772,0.8176407041030311,-2.8196183049456187,320.60117798388734
2025-06-02,2025,6,June,97393,95673,97478,95660,51925,2.83,1818,1.9004808697470208,-0.06874615226759696,329.6763929320967
2025-06-03,2025,6,June,97208,97250,97429,96760,29688,-0.19,669,0.6914014055394792,-0.25856761748409607,329.05016586554734
2025-06-04,2025,6,June,97973,97397,98052,97150,39705,0.79,902,0.9284611425630468,0.0,331.63969941100805
2025-06-05,2025,6,June,97415,97870,98658,97120,55501,-0.57,1538,1.5836079077429983,-0.5695446704704357,329.7508631778485
2025-06-06,2025,6,June,96645,97597,98076,96460,46210,-0.79,1616,1.6753058262492224,-1.3554754881446929,327.14440457653507
2025-06-09,2025,6,June,96703,96408,96827,95856,33278,0.06,971,1.0129778000333833,-1.2962755044757228,327.3407352244262
2025-06-10,2025,6,June,96442,96477,96950,95877,39304,-0.27,1073,1.1191422343210573,-1.562675430986088,326.4572473089161
2025-06-11,2025,6,June,96267,96668,97091,96190,41023,-0.18,901,0.9366878053851752,-1.741296071366601,325.8648703540722
2025-06-12,2025,6,June,97786,96789,98000,96789,58023,1.58,1211,1.2511752368554279,-0.19086891286374819,331.0067023221177
2025-06-13,2025,6,June,99555,98190,99890,98190,56997,1.81,1700,1.7313372033811998,0.0,336.99478708279736
2025-06-16,2025,6,June,98594,99818,99929,98251,43351,-0.97,1678,1.7078706578050096,-0.9652955652654313,333.74179134791143
2025-06-17,2025,6,June,98911,98440,99090,98260,38156,0.32,830,0.8446977406879707,-0.6468786098136708,334.8148398889717
2025-06-18,2025,6,June,99045,98905,99250,98617,34285,0.14,633,0.6418771611385461,-0.5122796444176586,335.2684313858236
2025-06-19,2025,6,June,98868,98800,99040,98254,33811,-0.18,786,0.7999674313513955,-0.6900708151273165,334.6692844086386
2025-06-20,2025,6,June,98574,98680,98680,98017,32491,-0.3,663,0.6764132752481712,-0.9853849630857315,333.6740911245007
2025-06-23,2025,6,June,98852,98573,99231,98350,37025,0.28,881,0.8957803762074226,-0.7061423333835568,334.61512422990995
2025-06-24,2025,6,June,96521,98111,98294,96265,46784,-2.36,2029,2.1077234716667532,-3.0475616493395608,326.7246631913885
2025-06-25,2025,6,June,96760,96926,96999,96483,25767,0.25,516,0.5348092410061877,-2.807493345386972,327.5336808611468
2025-06-26,2025,6,June,96452,97010,97079,96028,20511,-0.32,1051,1.0944724455367185,-3.1168700718195974,326.4910974206215
2025-06-27,2025,6,June,94908,95910,95910,94518,27196,-1.6,1392,1.4727353519964452,-4.667771583546783,321.26464017331256
2025-06-30,2025,6,June,95678,95100,95765,94778,9095,0.81,987,1.0413809111819199,-3.89432976746522,323.871098774626
2025-07-01,2025,7,July,97239,96298,97623,96298,46217,1.63,1325,1.3759371949573198,-2.326352267590779,329.155101211834
2025-07-02,2025,7,July,97351,97198,97459,96962,31271,0.12,497,0.5125719353973722,-2.213851639797097,329.5342224629341
2025-07-03,2025,7,July,96801,97499,97795,96465,46469,-0.56,1330,1.378738402529415,-2.7663100798553564,327.6724663191389
2025-07-04,2025,7,July,96967,96894,97100,96801,16898,0.17,299,0.30888110660013846,-2.5995680779468637,328.23437817344796
2025-07-07,2025,7,July,97231,96500,97289,96350,30663,0.27,939,0.9745718733783083,-2.3343880267188992,329.1280211224697
2025-07-08,2025,7,July,96485,97001,97228,96051,38763,-0.77,1177,1.2253906778690487,-3.083722565416102,326.6028027892492
2025-07-09,2025,7,July,96451,96600,96600,95836,32799,-0.04,764,0.7971952084811553,-3.117874541710612,326.487712409451
2025-07-10,2025,7,July,96678,96540,96944,96359,28271,0.24,585,0.6071046814516547,-2.8898598764502035,327.25610994516285
2025-07-11,2025,7,July,97759,96938,97993,96938,44005,1.12,1055,1.0883244960696528,-1.8040279242629704,330.9153070205132
2025-07-14,2025,7,July,97749,97799,98398,97501,30766,-0.01,897,0.9199905641993417,-1.8140726231731203,330.88145690880776
2025-07-15,2025,7,July,97214,97779,98045,97027,36738,-0.55,1018,1.0491924928112792,-2.3514640148661545,329.07047593257056
2025-07-16,2025,7,July,97758,97011,98239,96600,40993,0.56,1639,1.6966873706004142,-1.8050323941539852,330.9119220093427
2025-07-17,2025,7,July,97454,97482,97634,96838,33760,-0.31,796,0.8219913670253413,-2.1103912410225503,329.88287861349943
2025-07-18,2025,7,July,97965,96968,98100,96967,26856,0.52,1133,1.1684387472026567,-1.5971071267138766,331.61261932164376
2025-07-21,2025,7,July,99217,97965,99348,97965,39403,1.28,1383,1.4117286786097076,-0.3395108231630757,335.85065330715594
2025-07-22,2025,7,July,100168,99350,100238,98960,41357,0.96,1278,1.2914308811641069,0.0,339.0697989303365
2025-07-23,2025,7,July,99304,100157,100421,99123,39711,-0.86,1298,1.3094841762254976,-0.862550914463701,336.1451492789926
2025-07-24,2025,7,July,98668,99010,99011,98235,30887,-0.64,776,0.7899424848577391,-1.497484226499481,333.99228217453117
2025-07-25,2025,7,July,97842,98490,98590,97682,30927,-0.84,908,0.9295468970741796,-2.3220988738918615,331.1962629476677
2025-07-28,2025,7,July,97505,97905,98100,97255,19205,-0.34,845,0.868849930594828,-2.6585336634454118,330.0555141831968
2025-07-29,2025,7,July,98125,97577,98244,97523,19819,0.64,721,0.7393127774986413,-2.0395735164922932,332.1542211089297
2025-07-30,2025,7,July,98003,98455,98750,97706,7875,-0.12,1044,1.0685116574212432,-2.161368900247584,331.74124974612414
2025-07-31,2025,7,July,98358,98571,98848,98164,31223,0.36,684,0.6967931217146816,-1.8069642999760402,332.94292871166476
2025-08-01,2025,8,August,99240,98300,99463,97900,49842,0.9,1563,1.5965270684371808,-0.9264435747943455,335.9285085640783
2025-08-04,2025,8,August,100607,99423,100725,99366,45987,1.38,1359,1.3676710343578287,0.0,340.55581883420217
2025-08-05,2025,8,August,100765,100649,100990,99970,44304,0.16,1020,1.0203060918275484,0.0,341.090650599147
2025-08-06,2025,8,August,100687,100602,100800,100155,36400,-0.08,645,0.6440017972143177,-0.07740783009973701,340.8266197278451
2025-08-07,2025,8,August,100835,100711,101519,100380,54311,0.15,1139,1.13468818489739,0.0,341.32760138108455
2025-08-08,2025,8,August,101212,101200,101584,100885,44871,0.37,699,0.6928681171631065,0.0,342.60375059237697
2025-08-11,2025,8,August,99785,100810,100810,99630,44871,-1.41,1180,1.1843822141925122,-1.409911868157926,337.7733396520208
2025-08-12,2025,8,August,99620,99848,99848,99225,36544,-0.17,623,0.6278659611992946,-1.572936015492234,337.2148128088823
2025-08-13,2025,8,August,99656,99528,100000,99528,26569,0.04,472,0.474238405272888,-1.537367110619294,337.3366732110216
2025-08-14,2025,8,August,99362,99543,99932,99208,30352,-0.3,724,0.7297798564631885,-1.8278465004149707,336.3414799268837
2025-08-18,2025,8,August,99020,99539,99588,98951,19836,-0.34,637,0.6437529686410446,-2.1657510967079,335.18380610656016
2025-08-19,2025,8,August,98359,99061,99400,98274,25645,-0.67,1126,1.14577609540672,-2.8188357111804923,332.94631372283527
2025-08-20,2025,8,August,98903,98393,99035,98145,23007,0.55,890,0.9068215395588161,-2.281350037544955,334.78775979960733
2025-08-21,2025,8,August,99035,98913,99185,98541,24372,0.13,644,0.6535350767700754,-2.150930719677509,335.2345812741182
2025-08-22,2025,8,August,99857,98986,99975,98760,32483,0.83,1215,1.2302551640340218,-1.338774058412046,338.0170604562995
2025-08-25,2025,8,August,100118,99510,100275,99510,20910,0.26,765,0.7687669580946638,-1.0808994980832312,338.90054837180963
2025-08-26,2025,8,August,100531,100199,100650,100199,22638,0.41,451,0.45010429245800854,-0.672845117179781,340.29855798524136
2025-08-27,2025,8,August,100967,100416,101048,100400,15905,0.43,648,0.6454183266932271,-0.24206615816306365,341.7744228555954
2025-08-28,2025,8,August,101481,100813,101520,100813,17097,0.51,707,0.7012984436531003,0.0,343.5143185972514
2025-08-29,2025,8,August,103164,101390,103422,101390,25604,1.66,2032,2.004142420357037,0.0,349.2112923972649
2025-09-01,2025,9,September,103904,103975,104948,102900,7715,0.72,2048,1.9902818270165208,0.0,351.7162006634622
2025-09-02,2025,9,September,105695,104799,105788,104457,51598,1.72,1331,1.274208525996343,0.0,357.7787556698937
2025-09-03,2025,9,September,107080,105694,107136,105694,44257,1.31,1442,1.3643158552046473,0.0,362.46699614108724
2025-09-04,2025,9,September,106310,106501,106720,105500,44391,-0.72,1220,1.1563981042654028,-0.7190885319387375,359.8605375397739
2025-09-05,2025,9,September,107605,106661,107682,106410,50562,1.22,1272,1.1953763744009023,0.0,364.2441270056191
2025-09-08,2025,9,September,108393,107391,108599,107010,44715,0.73,1589,1.484907952527801,0.0,366.91151580800215
2025-09-09,2025,9,September,108907,108600,109749,108500,62124,0.47,1249,1.151152073732719,0.0,368.6514115496581
2025-09-10,2025,9,September,108884,108674,109250,108594,32594,-0.02,656,0.6040849402361088,-0.021118936340180153,368.57355629273576
2025-09-11,2025,9,September,108870,108601,109050,108455,38282,-0.01,595,0.5486146327970126,-0.033973941068985464,368.52616613634825
2025-09-12,2025,9,September,109237,109222,109570,109050,30033,0.34,520,0.4768454837230628,0.0,369.7684652359353
2025-09-15,2025,9,September,110045,109210,110196,108800,39771,0.74,1396,1.2830882352941175,0.0,372.50355426172905
2025-09-16,2025,9,September,110040,110001,110550,109850,38451,-0.0,700,0.6372325898953117,-0.00454359580171748,372.4866292058764
2025-09-17,2025,9,September,109692,109820,109875,109063,38342,-0.32,812,0.7445238073407113,-0.32077786360125404,371.30864531852956
2025-09-18,2025,9,September,108951,109199,109694,108589,53408,-0.68,1105,1.0175984676164251,-0.9941387614157844,368.8003520411618
2025-09-19,2025,9,September,109715,109279,109786,108990,34441,0.7,796,0.7303422332324067,-0.2998773229133536,371.38650057545186
2025-09-22,2025,9,September,112070,109811,112140,109811,52835,2.15,2329,2.120916848038903,0.0,379.3582018820662
2025-09-23,2025,9,September,113715,112098,114090,111909,66088,1.47,2181,1.9489049138139023,0.0,384.92654525759934
2025-09-24,2025,9,September,112475,113490,114150,112374,38769,-1.09,1776,1.5804367558331998,-1.0904454117750517,380.7291314061336
2025-09-25,2025,9,September,112606,112673,113247,112100,35111,0.12,1147,1.023193577163247,-0.9752451303697842,381.17256786947394
2025-09-26,2025,9,September,113664,112643,113900,112500,10439,0.94,1400,1.2444444444444445,-0.04484896451655455,384.75390968790197
2025-09-29,2025,9,September,115734,114499,115948,114499,53384,1.82,1449,1.265513235923458,0.0,391.7608828109133
2025-09-30,2025,9,September,116573,115878,117242,114841,88813,0.72,2401,2.0907167300876868,0.0,394.6009071829937
2025-10-01,2025,10,October,116968,116999,117700,116306,61451,0.34,1394,1.198562412945162,0.0,395.93798659535577
2025-10-03,2025,10,October,117370,116433,117620,115900,51023,0.34,1720,1.4840379637618637,0.0,397.2987610859116
2025-10-06,2025,10,October,119524,117979,119793,117979,66826,1.84,1814,1.5375617694674475,0.0,404.59007514724806
2025-10-07,2025,10,October,120354,119759,120495,119160,76339,0.69,1335,1.120342396777442,0.0,407.3996344187936
2025-10-08,2025,10,October,122542,120759,122723,120759,76521,1.82,1964,1.62637981434096,0.0,414.80603885992826
2025-10-09,2025,10,October,119869,122280,123108,119500,108115,-2.18,3608,3.019246861924686,-2.1812929444598583,405.75790400108326
2025-10-10,2025,10,October,120727,119869,121669,119300,102118,0.72,2369,1.9857502095557418,-1.4811248388307683,408.6622435854038
2025-10-13,2025,10,October,123964,121700,124149,121700,70600,2.68,2449,2.012325390304026,0.0,419.6195247444317
2025-10-14,2025,10,October,125753,124348,126472,123673,102840,1.44,2799,2.2632264115853906,0.0,425.67530972852217
2025-10-15,2025,10,October,126641,125999,127150,125765,73228,0.71,1385,1.101260287043295,0.0,428.68119964795886
2025-10-16,2025,10,October,128735,127199,128989,126955,78786,1.65,2034,1.6021424914339728,0.0,435.769413039063
2025-10-17,2025,10,October,125951,129999,131698,124873,149474,-2.16,6825,5.465553001849879,-2.162582048393988,426.34554194028846
2025-10-20,2025,10,October,129493,126573,129629,125524,93876,2.81,4105,3.270290940377936,0.0,438.33525150633
2025-10-21,2025,10,October,127365,128067,128067,126091,11229,-1.64,1976,1.5671221578066636,-1.6433320720038922,431.13194773542756
2025-10-22,2025,10,October,121069,126100,126100,119753,69875,-4.94,6347,5.30007598974556,-6.505370946692099,409.81991740572744
2025-10-23,2025,10,October,123305,121360,123770,121360,53574,1.85,2410,1.9858272907053394,-4.778636683063949,417.38880238304785
2025-10-24,2025,10,October,122549,122956,123258,120672,63689,-0.61,2586,2.1429992044550517,-5.362452024433753,414.82973393812205
2025-10-27,2025,10,October,120002,121759,121899,119270,69968,-2.08,2629,2.2042424750565943,-7.329353710239163,406.2081104867646
2025-10-28,2025,10,October,118699,118900,119500,116606,55062,-1.09,2894,2.4818619968097697,-8.33558570733553,401.7974409315551
2025-10-29,2025,10,October,119424,117031,120730,117031,61325,0.61,3699,3.160701010843281,-7.77570988393195,404.2515740301943
2025-10-30,2025,10,October,120251,117566,120499,117376,35582,0.69,3123,2.660680207197383,-7.137065323994348,407.0509782682283
2025-10-31,2025,10,October,121209,121298,122294,120600,69402,0.8,1694,1.4046434494195688,-6.39725699458658,410.2938189696026
2025-11-03,2025,11,November,121415,121489,122100,121125,63899,0.17,975,0.804953560371517,-6.2381750364884585,410.99113127073326
2025-11-04,2025,11,November,119830,121126,121136,119215,73605,-1.31,1921,1.6113744075829384,-7.462179422825945,405.6258885654323
2025-11-05,2025,11,November,120494,120290,120688,119730,25685,0.55,958,0.8001336340098555,-6.949410392839768,407.8735359826687
2025-11-06,2025,11,November,120587,120547,121527,120132,53890,0.08,1395,1.1612226550794127,-6.877591838941101,408.1883420215287
2025-11-07,2025,11,November,121056,120751,121570,120523,55453,0.39,1047,0.8687138554466782,-6.515410099387611,409.7759122605105
2025-11-10,2025,11,November,123897,121799,124100,121799,64150,2.35,2301,1.8891780720695572,-4.321469114160611,419.3927289960057
2025-11-11,2025,11,November,123897,124299,125287,123401,58528,0.0,1886,1.528350661664006,-4.321469114160611,419.3927289960057
2025-11-12,2025,11,November,126363,124154,126590,123620,76031,1.99,2970,2.402523863452516,-2.417119072073394,427.7401665425496
2025-11-13,2025,11,November,126668,126541,127824,126150,80023,0.24,1674,1.3269916765755052,-2.18158510498637,428.7725949495633
2025-11-14,2025,11,November,123454,127010,127096,121767,107420,-2.54,5329,4.37639097620866,-4.663572548323076,417.89316904745783
2025-11-17,2025,11,November,122789,123189,123580,121961,66588,-0.54,1619,1.327473536622363,-5.1771138208242915,415.6421366190508
2025-11-18,2025,11,November,122591,122101,122945,120700,75507,-0.16,2245,1.8599834299917148,-5.330017838802097,414.9719044072845
2025-11-19,2025,11,November,122904,122734,124280,122202,72005,0.26,2078,1.7004631675422661,-5.088305931594758,416.03141290366256
2025-11-20,2025,11,November,122578,122904,123579,121901,70110,-0.27,1678,1.3765268537583777,-5.34005699149761,414.9278992620675
2025-11-21,2025,11,November,123849,122361,124195,121500,76478,1.04,2695,2.2181069958847734,-4.358536754882503,419.23024845981996
2025-11-24,2025,11,November,123614,122600,123783,122257,44401,-0.19,1526,1.2481902876726896,-4.5400137459167675,418.43477083474374
2025-11-25,2025,11,November,124916,124000,125162,124000,55048,1.05,1162,0.9370967741935484,-3.534553991335439,422.8420553787828
2025-11-26,2025,11,November,125674,125302,125800,124961,44486,0.61,839,0.6714094797576844,-2.949194164935556,425.40789384604966
2025-11-27,2025,11,November,125465,125360,125719,125087,26081,-0.17,632,0.5052483471503834,-3.110592850578796,424.7004265114075
2025-11-28,2025,11,November,126943,125899,127099,125625,50902,1.18,1474,1.1733333333333333,-1.9692184133505284,429.703473021461
2025-12-01,2025,12,December,128034,127279,128943,127279,25841,0.86,1664,1.3073641370532452,-1.126701829442518,433.3965202085166
2025-12-02,2025,12,December,128666,129325,129600,127912,60448,0.49,1688,1.319657264369254,-0.6386445599376028,435.53584726829604
2025-12-03,2025,12,December,129305,128999,130155,128999,55815,0.5,1156,0.8961309777595174,-0.14518159282741153,437.69886940626907
2025-12-04,2025,12,December,128894,129251,129389,128224,43318,-0.32,1165,0.9085662590466683,-0.46257326650861436,436.30762981517836
2025-12-05,2025,12,December,129206,128785,130200,128513,51597,0.24,1687,1.312707663816112,-0.2216336018163144,437.36375330038595
2025-12-08,2025,12,December,128736,128900,129542,128301,34061,-0.36,1241,0.96725668545062,-0.5845875838848432,435.7727980502336
2025-12-09,2025,12,December,128853,128893,129200,127833,41833,0.09,1367,1.0693639357599367,-0.4942352096252307,436.16884435718634
2025-12-10,2025,12,December,128500,129160,129163,128259,26343,-0.27,904,0.7048238330253628,-0.766836817434147,434.9739354139869
2025-12-11,2025,12,December,130905,128999,130988,128795,55011,1.87,2193,1.7027058503823906,0.0,443.114887279128
2025-12-12,2025,12,December,131645,130905,133282,130400,98046,0.57,2882,2.210122699386503,0.0,445.6197955453253
2025-12-15,2025,12,December,132491,131500,133633,131500,59083,0.64,2133,1.6220532319391634,0.0,448.4835149955995
2025-12-16,2025,12,December,132627,132350,133399,131663,51610,0.1,1736,1.318517730873518,0.0,448.9438765147925
2025-12-17,2025,12,December,133115,132600,133490,132060,54875,0.37,1430,1.0828411328184158,0.0,450.5957619660145
2025-12-18,2025,12,December,132684,133117,133629,132090,50581,-0.32,1539,1.1651146945264592,-0.32378019006122527,449.1368221515131
2025-12-19,2025,12,December,132427,132252,132575,131803,41184,-0.19,772,0.5857226315030766,-0.5168463358749953,448.2668742806851
2025-12-22,2025,12,December,134638,132600,134688,132600,52738,1.67,2088,1.574660633484163,0.0,455.75113397874213
2025-12-23,2025,12,December,135799,134900,136888,134698,54815,0.86,2190,1.625859329759907,0.0,459.6811319477355
2025-12-24,2025,12,December,136104,136309,136500,135281,38763,0.22,1219,0.9010873662968192,0.0,460.7135603547492
2025-12-26,2025,12,December,137789,136300,138300,136300,46771,1.24,2000,1.467351430667645,0.0,466.4173041771038
2025-12-29,2025,12,December,132595,137628,138269,131695,90640,-3.77,6574,4.991837199589962,-3.7695316752425807,448.83555615733536
2025-12-30,2025,12,December,133974,133185,134880,132853,36733,1.04,2027,1.525746501772636,-2.768726095697044,453.50348656150567
2025-12-31,2025,12,December,135454,136526,136527,134866,59050,1.1,1661,1.231592840300743,-1.6946200349810217,458.5133030939002
2026-01-01,2026,1,January,135771,135687,135850,135001,14622,0.23,849,0.6288842304871816,-1.464558128733063,459.58635163496035
2026-01-02,2026,1,January,135793,136143,137037,135525,51877,0.02,1512,1.115661317100166,-1.4485916872899869,459.66082188071226
