Date,Actual,Predicted
2014-01-28,29835.0,28004.41546069084
2014-01-29,29499.0,27453.482042714124
2014-01-30,29482.0,27700.407752625353
2014-01-31,29789.0,27438.60964619478
2014-02-03,29534.0,27475.78836126711
2014-02-04,29719.0,26846.94857533981
2014-02-05,29231.0,27253.755037679795
2014-02-06,29310.0,26814.508629914315
2014-02-07,29471.0,26772.51471228648
2014-02-10,29670.0,26947.753358008995
2014-02-11,29698.0,26869.43444319331
2014-02-12,29726.0,26891.84309849048
2014-02-13,29932.0,26843.30499335589
2014-02-14,30664.0,26973.156678757387
2014-02-17,30766.0,27190.39664429956
2014-02-18,30712.0,27315.733448045412
2014-02-19,30608.0,26917.416914698097
2014-02-20,30677.0,27474.288273099668
2014-02-21,30927.0,27190.535112552698
2014-02-24,30972.0,27575.4211811485
2014-02-25,30810.0,27552.940669130097
2014-02-26,30839.0,26979.62324656859
2014-02-27,30634.0,27217.281930367717
2014-02-28,32051.0,27216.616993142463
2014-03-03,31126.0,29695.230495779833
2014-03-04,32351.0,30709.63460364635
2014-03-05,30416.0,30149.697278794392
2014-03-06,30307.0,30334.671605241347
2014-03-07,30327.0,30230.879116568296
2014-03-10,30421.0,30676.126976329848
2014-03-11,30627.0,30296.22146439928
2014-03-12,30697.0,30349.387448913236
2014-03-13,30719.0,29739.97910371715
2014-03-14,30557.0,29743.76117421653
2014-03-17,30389.0,29838.782261561108
2014-03-18,30169.0,29573.05465490081
2014-03-19,29924.0,29170.125861348955
2014-03-20,29850.0,28935.365007960103
2014-03-21,29182.0,28446.27713261049
2014-03-24,28971.0,28285.535290948075
2014-03-25,28595.0,28160.593163920017
2014-03-26,28521.0,28032.41617258619
2014-03-27,28434.0,28154.051202929648
2014-03-28,28470.0,28277.989551606042
2014-03-31,28116.0,28169.165874612398
2014-04-01,28404.0,27863.01781214396
2014-04-02,28460.0,27982.228261544627
2014-04-03,28519.0,26946.355583726523
2014-04-04,28549.0,27123.273334116013
2014-04-05,28574.0,27664.447205483473
2014-04-07,28754.0,26810.80267056233
2014-04-08,28710.0,26618.81426652548
2014-04-09,29094.0,26481.23092495899
2014-04-10,29085.0,26731.706546326175
2014-04-11,29350.0,26499.410845738992
2014-04-14,29342.0,26262.672189201512
2014-04-15,29290.0,26671.02590586917
2014-04-16,29293.0,26851.202104320528
2014-04-17,29339.0,26521.057064122433
2014-04-19,29548.0,27484.795534729117
2014-04-21,29423.0,27088.12912278895
2014-04-22,29752.0,26503.878539736295
2014-04-23,29741.0,27344.027098438793
2014-04-25,29695.0,26284.29915777565
2014-04-27,29824.0,27797.506019073182
2014-04-28,29713.0,26273.875490733197
2014-04-29,31014.0,25623.218047310827
2014-04-30,30380.0,28038.64706107553
2014-05-01,30182.0,28197.57929149742
2014-05-02,29967.0,28707.84502678676
2014-05-05,29109.0,28269.78472919107
2014-05-06,28747.0,28757.41078920744
2014-05-07,28734.0,28564.563439208017
2014-05-08,28741.0,28539.82538575857
2014-05-09,28860.0,28757.51621203902
2014-05-12,28673.0,28795.376063834712
2014-05-13,28911.0,28631.470674523818
2014-05-14,28624.0,27681.74102120195
2014-05-15,28322.0,27820.580603108647
2014-05-16,28336.0,27874.123451214964
2014-05-19,28424.0,28015.070968138487
2014-05-20,27501.0,27992.279673608373
2014-05-21,27386.0,27713.883479583394
2014-05-22,27528.0,27782.400286272
2014-05-23,27586.0,28020.66760971593
2014-05-26,27087.0,27780.035529032517
2014-05-27,26987.0,27733.987817267818
2014-05-28,26984.0,26876.031734214797
2014-05-29,27151.0,26555.384970858264
2014-05-30,26626.0,26443.906224627794
2014-06-02,26732.0,26367.81471418233
2014-06-03,26708.0,27086.317816117513
2014-06-04,26771.0,26752.474018540936
2014-06-05,26400.0,26861.92543500696
2014-06-06,26545.0,26680.461532011337
2014-06-09,26712.0,26292.387644551705
2014-06-10,26736.0,26670.049717408918
2014-06-11,27014.0,26448.374868331794
2014-06-12,27235.0,26607.34358998184
2014-06-13,27395.0,26066.328733545994
2014-06-16,27418.0,26831.874673674105
2014-06-17,27353.0,26672.638599043054
2014-06-18,28160.0,26938.828489153515
2014-06-19,28154.0,26675.024283332525
2014-06-20,28111.0,26817.038332243235
2014-06-23,28167.0,26507.84745987016
2014-06-24,28221.0,26628.101063394963
2014-06-25,28126.0,26629.45186914546
2014-06-26,28063.0,26999.048550669115
2014-06-27,28076.0,26729.40742475418
2014-06-30,27975.0,26840.871122958502
2014-07-01,27788.0,26975.909544669288
2014-07-02,27802.0,26758.046639463548
2014-07-03,27913.0,26951.024181389945
2014-07-04,27564.0,26555.06143360941
2014-07-07,27594.0,26434.23258718453
2014-07-08,27667.0,26535.335615581054
2014-07-09,28565.0,26603.720730444024
2014-07-10,28441.0,27443.27343141689
2014-07-11,28413.0,27421.42665549539
2014-07-12,28413.0,27235.01035500994
2014-07-13,27860.0,27688.434099959894
2014-07-14,27752.0,27023.897341894088
2014-07-15,27767.0,27488.34678579121
2014-07-16,28237.0,27215.810635532496
2014-07-17,28028.0,27294.063910673216
2014-07-18,28030.0,27248.64531359596
2014-07-20,28120.0,27233.968503644683
2014-07-21,27939.0,26651.22867137114
2014-07-22,27915.0,26319.451693848125
2014-07-23,27651.0,27220.59725039415
2014-07-24,27973.0,26307.97440293758
2014-07-25,27960.0,27232.946816493597
2014-07-27,27909.0,27035.82156872293
2014-07-28,27855.0,26803.682725045855
2014-07-29,27936.0,25996.948818319106
2014-07-30,27788.0,26676.516600980955
2014-07-31,28037.0,26170.17546914569
2014-08-01,27952.0,26941.618173284623
2014-08-04,28392.0,26423.74220348864
2014-08-05,28559.0,26631.064505136375
2014-08-06,28695.0,26987.992696003454
2014-08-07,28515.0,26597.459835001366
2014-08-08,28510.0,27150.45131906986
2014-08-10,28554.0,28183.499888118597
2014-08-11,28641.0,26938.464875714493
2014-08-12,28567.0,26598.816578789207
2014-08-13,28489.0,26796.09695758465
2014-08-14,28167.0,26358.96847171281
2014-08-18,28124.0,26718.079373999743
2014-08-19,28079.0,26091.977117456296
2014-08-20,27599.0,26063.278785615952
2014-08-21,27634.0,25542.23277499006
2014-08-22,27632.0,25447.610363828106
2014-08-25,27720.0,25368.982736546077
2014-08-26,27599.0,25445.695354657797
2014-08-27,27884.0,25599.949072908228
2014-08-28,27794.0,26052.030213216327
2014-08-29,27679.0,25579.474144590564
2014-09-01,27340.0,25182.16875439935
2014-09-02,27355.0,25305.67614823183
2014-09-03,27282.0,25455.456311540755
2014-09-04,27225.0,25145.233607320453
2014-09-05,27207.0,25340.002362715022
2014-09-08,27272.0,25558.659441137133
2014-09-09,27194.0,25477.882024390696
2014-09-10,26996.0,25652.676472761636
2014-09-11,26909.0,25789.8864998305
2014-09-12,26900.0,26154.514192345836
2014-09-13,27006.0,26216.298511586767
2014-09-15,26954.0,25912.220373178505
2014-09-16,26907.0,26083.2755076285
2014-09-17,26659.0,26204.23446139454
2014-09-18,26497.0,25683.344149380813
2014-09-19,26605.0,26017.51960164642
2014-09-22,26682.0,25720.799643495153
2014-09-23,26552.0,25684.84716796503
2014-09-24,26919.0,25507.858398077526
2014-09-25,26694.0,26474.657104243975
2014-09-26,26693.0,25995.076551177688
2014-09-27,26819.0,26567.386022361887
2014-09-29,26805.0,27013.761329399244
2014-09-30,26790.0,26357.297218794443
2014-10-01,26439.0,27177.476124615412
2014-10-03,26424.0,25797.17198733006
2014-10-05,26637.0,26815.541043497407
2014-10-06,26673.0,26353.49021014558
2014-10-07,26633.0,25805.341554168488
2014-10-08,26847.0,26587.529665126258
2014-10-09,26855.0,26265.67954164572
2014-10-10,26855.0,26847.875977786174
2014-10-13,27128.0,26756.123534199003
2014-10-14,27328.0,26785.904335360163
2014-10-16,27151.0,26870.900114979406
2014-10-17,27302.0,26704.646041326363
2014-10-20,27394.0,26724.266963037364
2014-10-21,27333.0,26672.37639008161
2014-10-22,26940.0,26535.009123059765
2014-10-23,26963.0,26276.276980413208
2014-10-24,27008.0,26316.413852569338
2014-10-27,26909.0,26466.472463082922
2014-10-28,26864.0,25870.639182922136
2014-10-29,26376.0,25879.81081620871
2014-10-30,25924.0,25964.748185642486
2014-10-31,25868.0,26160.685575384443
2014-11-03,25810.0,25901.89019611087
2014-11-04,25348.0,25789.58419332795
2014-11-05,25467.0,26004.908313445576
2014-11-06,25926.0,25944.214363250434
2014-11-07,25719.0,26360.825094723594
2014-11-10,25793.0,26376.19733452251
2014-11-11,25794.0,26514.171844025113
2014-11-12,25827.0,26503.760988910497
2014-11-13,26458.0,26621.638408113733
2014-11-14,26411.0,27118.342270222834
2014-11-16,26319.0,27375.520122439575
2014-11-17,26587.0,27427.424195559863
2014-11-18,26710.0,27050.32254915849
2014-11-19,26459.0,29415.926877783742
2014-11-20,26390.0,27613.351018776975
2014-11-21,26473.0,28548.351740011105
2014-11-24,26338.0,28127.92173812893
2014-11-25,26397.0,27680.181532112914
2014-11-26,26237.0,27662.99035260408
2014-11-27,25853.0,26971.565226389685
2014-11-28,26546.0,27230.831157989716
2014-12-01,26224.0,27233.670123043485
2014-12-02,26496.0,26977.253298530195
2014-12-03,26488.0,27403.372631110673
2014-12-04,26279.0,26799.329974467535
2014-12-05,26228.0,26808.900298124645
2014-12-08,27023.0,26459.15876862794
2014-12-09,27054.0,27493.63464958311
2014-12-10,27142.0,27720.42014206676
2014-12-11,27088.0,26609.55502466794
2014-12-12,27173.0,26845.344766276277
2014-12-15,27044.0,26532.879771687396
2014-12-16,26802.0,26917.97910176229
2014-12-17,26659.0,27278.515381622175
2014-12-18,26859.0,27247.324895067166
2014-12-19,26458.0,27499.514445960885
2014-12-22,26468.0,27466.762631386453
2014-12-23,26433.0,27240.79931062531
2014-12-24,26894.0,27455.430805892203
2014-12-26,26598.0,27626.727542692923
2014-12-29,26908.0,27395.410076448148
2014-12-30,26594.0,26850.69688328572
2014-12-31,26586.0,26295.6666254538
2015-01-01,26700.0,26340.841689010856
2015-01-02,26847.0,26494.11687036598
2015-01-05,27385.0,26589.080654879646
2015-01-06,27159.0,26887.38823945099
2015-01-07,26808.0,26862.217716346633
2015-01-08,26806.0,27559.913510261857
2015-01-09,27032.0,27011.195177649945
2015-01-12,27071.0,27281.621240735032
2015-01-13,27210.0,27245.534900742743
2015-01-14,27493.0,27399.045062442772
2015-01-15,27673.0,28419.329195295817
2015-01-16,27627.0,29159.210817208917
2015-01-17,27718.0,29180.709841309723
2015-01-19,28098.0,28949.354510148634
2015-01-20,27992.0,28968.01760808599
2015-01-21,28055.0,30047.012868581245
2015-01-22,27884.0,29115.94156160377
2015-01-23,27887.0,29333.994421623138
2015-01-25,27934.0,28472.914230991948
2015-01-27,27795.0,29725.15533968802
2015-01-28,27470.0,27752.1872525494
2015-01-29,27911.0,29037.074538926398
2015-01-30,28071.0,27661.328991809736
2015-02-02,27687.0,27786.88285013341
2015-02-03,27814.0,27895.973899710385
2015-02-04,27683.0,27304.21956315254
2015-02-05,26968.0,27209.600243388573
2015-02-06,27119.0,27022.963875425077
2015-02-09,27016.0,27595.77895427978
2015-02-10,26817.0,26657.277852825453
2015-02-11,26635.0,26730.95862801245
2015-02-12,26694.0,26702.563342975376
2015-02-13,26742.0,26341.18818653066
2015-02-16,26241.0,26100.57438522213
2015-02-17,26181.0,26206.223799969503
2015-02-18,26294.0,26359.403201779263
2015-02-19,26317.0,26531.85526147657
2015-02-20,26319.0,26609.26805749208
2015-02-21,26178.0,26881.37106384857
2015-02-23,26077.0,27007.304759560153
2015-02-24,26142.0,26550.13909531591
2015-02-25,26239.0,27327.09807280452
2015-02-26,26206.0,26509.481411877056
2015-02-27,26480.0,27124.40466426314
2015-02-28,26541.0,27135.541350776326
2015-03-02,26453.0,26881.179247318032
2015-03-03,26539.0,27031.119817945073
2015-03-04,26473.0,26635.426377539836
2015-03-05,26058.0,26610.871200904112
2015-03-06,26062.0,26353.65619572302
2015-03-09,25960.0,25877.62352468373
2015-03-10,25716.0,26333.892630023623
2015-03-11,25690.0,26135.10577244735
2015-03-12,25909.0,26463.9584099629
2015-03-13,25922.0,26156.085565110032
2015-03-14,25797.0,26494.25414273238
2015-03-16,25635.0,26526.161415848186
2015-03-17,25653.0,26037.868534114285
2015-03-18,25970.0,26893.49340802022
2015-03-19,26195.0,26886.992915264564
2015-03-20,26208.0,28102.693495891235
2015-03-23,26350.0,26848.696772370346
2015-03-24,26491.0,27193.443894349868
2015-03-25,26805.0,27303.825438907665
2015-03-26,26564.0,27223.527294772168
2015-03-27,26239.0,27463.586867903243
2015-03-30,26061.0,26964.935447462118
2015-03-31,26510.0,26760.118479323697
2015-04-01,26548.0,27038.376732019322
2015-04-02,26941.0,26850.234779656126
2015-04-06,26829.0,26713.62717728763
2015-04-07,26682.0,26821.347063679794
2015-04-08,26452.0,26462.824703446302
2015-04-09,26703.0,26593.055704201346
2015-04-10,26616.0,26569.060147479973
2015-04-13,26454.0,26152.12701099058
2015-04-14,26644.0,26190.82654198652
2015-04-15,26533.0,26317.86206267308
2015-04-16,26702.0,26811.747912072464
2015-04-17,26719.0,26946.821310922674
2015-04-20,26803.0,27055.2097361303
2015-04-21,26489.0,27036.403650030807
2015-04-22,26777.0,27020.429771969295
2015-04-23,26574.0,27227.545281024868
2015-04-24,26944.0,27172.99478314624
2015-04-27,27036.0,27172.11261846809
2015-04-28,27096.0,27368.826748705244
2015-04-29,26593.0,27008.96278776463
2015-04-30,26483.0,26559.21137686076
2015-05-01,26747.0,26669.673436006917
2015-05-04,26852.0,26771.76232390881
2015-05-05,26928.0,27104.69671300372
2015-05-06,26951.0,27143.60931980765
2015-05-07,26903.0,27117.69932863504
2015-05-08,26853.0,27216.54003178866
2015-05-11,27180.0,27516.32775978195
2015-05-12,27539.0,27516.8626144471
2015-05-13,27444.0,27266.288066076075
2015-05-14,27473.0,27615.500259670425
2015-05-15,27629.0,27495.794796789687
2015-05-18,27309.0,27794.37404746407
2015-05-19,27299.0,27544.41407726298
2015-05-20,27130.0,27440.539138779815
2015-05-21,27105.0,27293.004376647594
2015-05-22,27180.0,27379.89338144539
2015-05-25,26917.0,27335.52659275476
2015-05-26,26900.0,26898.628577342515
2015-05-27,26899.0,26924.273492841916
2015-05-28,26866.0,26413.92001321779
2015-05-29,26690.0,26154.37690408374
2015-06-01,26856.0,26043.99518294978
2015-06-02,26806.0,26167.297341293393
2015-06-03,26564.0,26280.970733697264
2015-06-04,26439.0,25851.92341786392
2015-06-05,26693.0,25917.341549845634
2015-06-08,26754.0,25791.151594466966
2015-06-09,26850.0,25844.120444484954
2015-06-10,26772.0,26254.366897982953
2015-06-11,26773.0,26169.926124371435
2015-06-12,26915.0,26194.002636707322
2015-06-15,26831.0,26302.785675901403
2015-06-16,26763.0,26165.855245480507
2015-06-17,27031.0,26121.02407194467
2015-06-18,26959.0,26523.523992191735
2015-06-19,26589.0,26436.907771759306
2015-06-22,26478.0,26249.80067158298
2015-06-23,26418.0,25801.576653173066
2015-06-24,26365.0,25757.633286322107
2015-06-25,26399.0,25769.690280026156
2015-06-26,26508.0,25734.644119558106
2015-06-29,26301.0,26196.678058382437
2015-06-30,26182.0,25631.39468176198
2015-07-01,26024.0,25802.012450009366
2015-07-02,26393.0,25857.50947752844
2015-07-03,26335.0,26119.03715816775
2015-07-06,26032.0,25887.729581180603
2015-07-07,26222.0,25955.65443423335
2015-07-08,26071.0,26680.21409326941
2015-07-09,26071.0,26284.231616721434
2015-07-10,26033.0,26314.90115001856
2015-07-13,25934.0,26081.248573191944
2015-07-14,25852.0,25834.459876672878
2015-07-15,25774.0,26211.65433115062
2015-07-16,25505.0,25987.83615830445
2015-07-17,25042.0,25939.395779427705
2015-07-20,24908.0,26187.600888328223
2015-07-21,24688.0,25963.462135186597
2015-07-22,24742.0,26024.02395766031
2015-07-23,24729.0,26046.564567524518
2015-07-24,24910.0,26046.03521022295
2015-07-27,24768.0,26241.943563921785
2015-07-28,24729.0,26622.488172097834
2015-07-29,24739.0,26514.16504213135
2015-07-30,24789.0,27471.191453919502
2015-07-31,24696.0,27220.496056458895
2015-08-03,24638.0,26844.24950591768
2015-08-04,24545.0,26411.107155392932
2015-08-05,24692.0,26448.751867349067
2015-08-06,24796.0,26875.04197570624
2015-08-07,25026.0,27072.73401174174
2015-08-10,25323.0,27373.418136415145
2015-08-11,25898.0,27765.976180286005
2015-08-12,25763.0,27620.885500767396
2015-08-13,25636.0,27237.470028369455
2015-08-14,25924.0,27131.720711277536
2015-08-17,25890.0,26782.024593233222
2015-08-18,26084.0,27153.87658156445
2015-08-19,26723.0,26965.99237009555
2015-08-20,27090.0,27679.04525640825
2015-08-21,27290.0,28096.06020088683
2015-08-24,26595.0,28545.48648080131
2015-08-25,26341.0,27801.06721746613
2015-08-26,26197.0,27726.96079378459
2015-08-27,26490.0,27541.571693201327
2015-08-28,26540.0,27471.196573844423
2015-08-31,26623.0,27674.594550968333
2015-09-01,26417.0,27771.589554978094
2015-09-02,26196.0,28164.103845989834
2015-09-03,26256.0,27445.665275544732
2015-09-04,26506.0,27633.507535233133
2015-09-07,26436.0,27466.07084175972
2015-09-08,26069.0,27433.47298452985
2015-09-09,26179.0,27144.257210659525
2015-09-10,25981.0,27392.985577966814
2015-09-11,26078.0,27339.351985712725
2015-09-14,25982.0,26723.034824469432
2015-09-15,26285.0,26690.926525233706
2015-09-16,26176.0,27223.599212407593
2015-09-17,26476.0,27103.6425309798
2015-09-18,26345.0,27425.79730200325
2015-09-21,26242.0,27990.89531022555
2015-09-22,26476.0,27227.69557976793
2015-09-23,26965.0,28367.008115305267
2015-09-24,26744.0,27604.37700942905
2015-09-25,26508.0,27343.89764671831
2015-09-28,26253.0,27456.075053192108
2015-09-29,25803.0,27228.87870652498
2015-09-30,25782.0,27429.23355121113
2015-10-01,26094.0,27427.450728798798
2015-10-05,26512.0,27291.491044809234
2015-10-06,26449.0,27704.040435317624
2015-10-07,26351.0,27317.84907142853
2015-10-08,26515.0,28417.403001345523
2015-10-09,26678.0,27134.0644630245
2015-10-12,26872.0,27772.41839223434
2015-10-13,27088.0,27417.72263708535
2015-10-14,27142.0,27814.817086690146
2015-10-15,27029.0,28180.442313519266
2015-10-16,26882.0,28153.3133914687
2015-10-19,26993.0,28236.861333969093
2015-10-20,26821.0,28337.28426183401
2015-10-21,26737.0,27792.006085268946
2015-10-22,26676.0,27684.66924220879
2015-10-23,26689.0,27559.76531971702
2015-10-26,26790.0,27437.321912757146
2015-10-27,26930.0,27473.502205564073
2015-10-28,26470.0,27296.607987457213
2015-10-29,26355.0,26987.097575330827
2015-10-30,26228.0,27047.919756420266
2015-11-02,25863.0,26056.77407282191
2015-11-03,25646.0,26214.029181612346
2015-11-04,25791.0,26275.79688574401
2015-11-05,25538.0,25919.58835628598
2015-11-06,25699.0,26175.742759039775
2015-11-09,25604.0,26273.565764618124
2015-11-10,25490.0,26553.836407441722
2015-11-11,25341.0,25782.88183677449
2015-11-12,25388.0,26252.114679048795
2015-11-13,25360.0,25740.676038585716
2015-11-16,25038.0,26192.13111762483
2015-11-17,25108.0,26026.61089619488
2015-11-18,25308.0,26690.565247005856
2015-11-19,25252.0,26441.582289980197
2015-11-20,25180.0,26419.94424311751
2015-11-23,25305.0,26510.985555920663
2015-11-24,25230.0,26608.222040014527
2015-11-25,25288.0,26638.938282366693
2015-11-26,25071.0,26778.925231248773
2015-11-27,25114.0,26565.315753463357
2015-11-30,25018.0,26566.21366532778
2015-12-01,24895.0,26584.892693794038
2015-12-02,25043.0,26392.84966132491
2015-12-03,25631.0,26957.87663916572
2015-12-04,25443.0,26871.291619063402
2015-12-07,25424.0,26766.707269631883
2015-12-08,25499.0,26736.05164248077
2015-12-09,25328.0,26732.219692078237
2015-12-10,25581.0,27012.26225523021
2015-12-11,25256.0,27386.395559836907
2015-12-14,25173.0,27170.401664530076
2015-12-15,25372.0,26881.12988842114
2015-12-16,24766.0,27377.74027451842
2015-12-17,25011.0,26941.015564674897
2015-12-18,25302.0,26917.87662848704
2015-12-21,25176.0,27237.71332784887
2015-12-22,25004.0,27231.241716283053
2015-12-23,25147.0,27102.764646907694
2015-12-24,25077.0,27329.444660273588
2015-12-28,25106.0,27079.004876284587
2015-12-29,25017.0,27020.01995210704
2015-12-30,24952.0,27099.729651267528
2015-12-31,24943.0,26995.458699451363
2016-01-01,25423.0,27103.027926019935
2016-01-04,25430.0,27568.839789035268
2016-01-05,25756.0,27139.079583530558
2016-01-06,26106.0,27756.326355446003
2016-01-07,25989.0,27748.96423985466
2016-01-08,25877.0,28899.380479560994
2016-01-11,25689.0,27730.084727024703
2016-01-12,25750.0,27892.56769177794
2016-01-13,25652.0,27617.657494991043
2016-01-14,26126.0,27680.26754237681
2016-01-15,26070.0,28214.467046384092
2016-01-18,26064.0,27836.588839426775
2016-01-19,26563.0,28115.234442024317
2016-01-20,26190.0,28617.07944101042
2016-01-21,26168.0,28699.615591730257
2016-01-22,26391.0,27876.425729069975
2016-01-25,26736.0,28056.139890879338
2016-01-27,26701.0,28324.948654699496
2016-01-28,26709.0,28302.626369660997
2016-01-29,26973.0,28476.721798679435
2016-02-01,27008.0,28329.891971625926
2016-02-02,27285.0,28404.118320099635
2016-02-03,27656.0,28690.417597124902
2016-02-04,27568.0,29173.929632288633
2016-02-05,28367.0,28970.512551701573
2016-02-08,28325.0,29052.132437594177
2016-02-09,28211.0,29082.524239881
2016-02-10,29706.0,29456.858977450887
2016-02-11,29287.0,30529.596058082152
2016-02-12,28595.0,30217.986002660593
2016-02-15,28800.0,29513.289515356675
2016-02-16,28781.0,29347.82979619046
2016-02-17,29210.0,29730.58240004577
2016-02-18,29432.0,29634.75614493041
2016-02-19,28916.0,30104.399928233044
2016-02-22,29234.0,29831.06201865753
2016-02-23,29523.0,30228.754288056
2016-02-24,29735.0,29887.718424806753
2016-02-25,29290.0,29756.958450018003
2016-02-26,29437.0,29756.30577982752
2016-02-29,29097.0,29850.6618491792
2016-03-01,29219.0,29674.286244233117
2016-03-02,29381.0,30609.384653813322
2016-03-03,29519.0,30815.809635140813
2016-03-04,29597.0,31051.595436758784
2016-03-07,29819.0,31170.221293146322
2016-03-08,29597.0,30939.40116492681
2016-03-09,29928.0,31601.938612036283
2016-03-10,29504.0,30515.241465616054
2016-03-11,29204.0,31980.50372291918
2016-03-14,29050.0,30767.413451290988
2016-03-15,28970.0,31404.275508801187
2016-03-16,29357.0,31259.89603351325
2016-03-17,29135.0,31736.88446851675
2016-03-18,28937.0,31948.19749020584
2016-03-21,29047.0,30631.039027886007
2016-03-22,28568.0,31096.408620825645
2016-03-23,28560.0,30828.449070458122
2016-03-24,28400.0,30650.967274424693
2016-03-28,28616.0,29116.044364603575
2016-03-29,28301.0,29109.13504548028
2016-03-30,28441.0,29454.87626105517
2016-03-31,28056.0,28744.50682283789
2016-04-01,28086.0,28765.787648840105
2016-04-04,28562.0,28178.560689491413
2016-04-05,28571.0,29271.422393395766
2016-04-06,28972.0,28348.295998686797
2016-04-07,29047.0,29333.743902391605
2016-04-08,29254.0,29573.68547277103
2016-04-11,29250.0,28928.51253689577
2016-04-12,29128.0,29119.511973796205
2016-04-13,28731.0,28488.08486819997
2016-04-14,28918.0,28312.1076088654
2016-04-15,28935.0,28235.87165153616
2016-04-18,29255.0,28396.793659949923
2016-04-19,29249.0,28884.898823872358
2016-04-20,29287.0,29052.485977384094
2016-04-21,28941.0,29187.561260827024
2016-04-22,29183.0,29333.418630811982
2016-04-25,29158.0,29178.55964847238
2016-04-26,29319.0,29097.856803073722
2016-04-27,29627.0,28619.407583622007
2016-04-28,30138.0,29318.332320659098
2016-04-29,30213.0,29088.15944128708
2016-05-02,30154.0,29121.50610765043
2016-05-03,29934.0,29524.51068207667
2016-05-04,29868.0,29233.079829298407
2016-05-05,30366.0,28813.966164203823
2016-05-06,29805.0,29929.764248410298
2016-05-09,29785.0,29701.926781108617
2016-05-10,29933.0,29777.78949646662
2016-05-11,29904.0,28544.19936499118
2016-05-12,30023.0,29577.57358798716
2016-05-13,29963.0,29416.176356238368
2016-05-16,30045.0,29497.71302815157
2016-05-17,30049.0,29805.39181295023
2016-05-18,29800.0,29983.628783717948
2016-05-19,29693.0,30142.55111050107
2016-05-20,29682.0,30344.27180958246
2016-05-23,29306.0,29064.759583903622
2016-05-24,28945.0,28998.430613682227
2016-05-25,28729.0,28989.177473292286
2016-05-26,28590.0,29076.93825701881
2016-05-27,28590.0,28781.033620830272
2016-05-30,28610.0,28642.366939958105
2016-05-31,28626.0,28425.93903366518
2016-06-01,28554.0,28936.52794417403
2016-06-02,29216.0,29231.85438485397
2016-06-03,29329.0,29109.369117244823
2016-06-06,29239.0,29464.2679573186
2016-06-07,29491.0,28894.47555186449
2016-06-08,29757.0,29286.802420058644
2016-06-09,29851.0,28818.066969776202
2016-06-10,30181.0,28916.459020380044
2016-06-13,30357.0,28963.90668602796
2016-06-14,30262.0,28966.548867713333
2016-06-15,30392.0,28831.55348910811
2016-06-16,30373.0,29468.339996623854
2016-06-17,30478.0,29990.209638593285
2016-06-20,30072.0,29562.67159108849
2016-06-21,29898.0,29861.943722626238
2016-06-22,29686.0,29348.99284288308
2016-06-23,31131.0,29908.13638429531
2016-06-24,31218.0,31194.87436742902
2016-06-27,30999.0,31141.837322652253
2016-06-28,30986.0,30274.48867383885
2016-06-29,30851.0,30305.736665620483
2016-06-30,31077.0,30293.406904500793
2016-07-01,31396.0,30367.4270637511
2016-07-04,30841.0,31530.780675011138
2016-07-05,32018.0,31334.633020752284
2016-07-06,31817.0,32134.725251024945
2016-07-07,31657.0,31133.040157758656
2016-07-08,31524.0,31156.987328262883
2016-07-11,31001.0,30267.693208751785
2016-07-12,31225.0,31007.169829948303
2016-07-13,30895.0,30586.46859126933
2016-07-14,30922.0,30525.960930992915
2016-07-15,30950.0,30323.55956993474
2016-07-18,31021.0,30287.167838462647
2016-07-19,30666.0,29892.30113802364
2016-07-20,30940.0,30029.49931617065
2016-07-21,30794.0,29952.062503889436
2016-07-22,30814.0,29647.288819152745
2016-07-25,30822.0,29682.31165941554
2016-07-26,30878.0,30239.004552554892
2016-07-27,30795.0,29907.69715378745
2016-07-28,31099.0,29880.682868043976
2016-07-29,31011.0,29624.103059962003
2016-08-01,31282.0,29285.140285365476
2016-08-02,31199.0,29274.58579388817
2016-08-03,31317.0,29013.159161487267
2016-08-04,30779.0,28977.26692541405
2016-08-05,30998.0,29538.84228973926
2016-08-08,31133.0,29185.74239966108
2016-08-09,31219.0,28704.184004008042
2016-08-10,31171.0,28990.17233519539
2016-08-11,31080.0,28692.12158486984
2016-08-12,31349.0,28829.82773202008
2016-08-16,31314.0,28647.428265638948
2016-08-17,31411.0,28399.85498044699
2016-08-18,31365.0,28599.34023209887
2016-08-19,31395.0,28426.8477626052
2016-08-22,31373.0,28683.98129032824
2016-08-23,31049.0,28517.98956635966
2016-08-24,30945.0,28162.815518347626
2016-08-25,31023.0,28037.770286564537
2016-08-26,31077.0,28124.72119222594
2016-08-29,30840.0,28369.242802767338
2016-08-30,30746.0,27713.679085057152
2016-08-31,30710.0,27402.297925602452
2016-09-01,30900.0,27466.66214282449
2016-09-02,31025.0,28487.108770244988
2016-09-05,31401.0,28271.385681312848
2016-09-06,31336.0,28383.424521667395
2016-09-07,31239.0,28132.421561158953
2016-09-08,31261.0,28340.64409037872
2016-09-09,31087.0,28652.285537530115
2016-09-12,31141.0,28203.87433937899
2016-09-13,31100.0,27822.522799094797
2016-09-14,30950.0,28004.44078043804
2016-09-15,30851.0,27883.828994793086
2016-09-16,30936.0,28000.347988634883
2016-09-19,30892.0,28193.067773275146
2016-09-20,31207.0,28154.50344434932
2016-09-21,31335.0,28516.22340049429
2016-09-22,31288.0,28562.73639835662
2016-09-23,31351.0,28395.89077562669
2016-09-26,31003.0,28561.85246435046
2016-09-27,30963.0,28206.501397805332
2016-09-28,31224.0,28220.660555762297
2016-09-29,30814.0,28530.006805561956
2016-09-30,30749.0,27657.530459264377
2016-10-03,30068.0,27483.18006605975
2016-10-04,30004.0,27489.83673968222
2016-10-05,29615.0,27756.6312931337
2016-10-06,29591.0,28760.88707869229
2016-10-07,29662.0,28362.76294789028
2016-10-10,29712.0,28491.334333718984
2016-10-11,29662.0,28439.24142305006
2016-10-12,29697.0,28791.462496758748
2016-10-13,29638.0,28166.26679336253
2016-10-14,29675.0,28420.72532588395
2016-10-17,29773.0,28256.465594267465
2016-10-18,29883.0,28679.68855747046
2016-10-19,29891.0,28280.19861439619
2016-10-20,29936.0,28145.40113784609
2016-10-21,29820.0,28337.55034007338
2016-10-24,30034.0,28143.038448713854
2016-10-25,29913.0,28270.724274740274
2016-10-26,30054.0,28024.90137641043
2016-10-27,30131.0,27980.87198121429
2016-10-28,30151.0,28192.399675631812
2016-10-30,30057.0,29341.898853003968
2016-10-31,30329.0,28248.96658117254
2016-11-01,30759.0,27938.58699955726
2016-11-02,30674.0,28162.605840752673
2016-11-03,30689.0,28693.03508117241
2016-11-04,30118.0,28451.28354205827
2016-11-07,29899.0,28271.282246955943
2016-11-08,29961.0,28202.43498514159
2016-11-09,29986.0,29283.12737972506
2016-11-10,29461.0,29190.0520905144
2016-11-11,29676.0,29015.714488836693
2016-11-14,29391.0,28620.271653190146
2016-11-15,29463.0,28562.778760562484
2016-11-16,29185.0,28465.67869203741
2016-11-17,29005.0,28496.803058320293
2016-11-18,29197.0,28370.287177960687
2016-11-21,29182.0,28756.701037909894
2016-11-22,28885.0,28262.421884162075
2016-11-23,28816.0,28166.44422462863
2016-11-24,28671.0,28036.10834022326
2016-11-25,28793.0,28082.937738204186
2016-11-28,28853.0,28167.707116483034
2016-11-29,28428.0,27987.76343517323
2016-11-30,28062.0,28029.095362015163
2016-12-01,28445.0,28212.941790381898
2016-12-02,28236.0,28019.41041734125
2016-12-05,27944.0,28141.866423091695
2016-12-06,28043.0,27975.81394626917
2016-12-07,27896.0,28027.05274833151
2016-12-08,27701.0,28134.25158424501
2016-12-09,27843.0,28044.249157166716
2016-12-12,27710.0,28171.884419352118
2016-12-13,27746.0,27372.368404061315
2016-12-14,27130.0,27430.76044749173
2016-12-15,27308.0,28243.597431625934
2016-12-16,27392.0,28006.991658361705
2016-12-19,27262.0,27905.837840752436
2016-12-20,27103.0,27749.11614052396
2016-12-21,27152.0,28158.544439207366
2016-12-22,27186.0,28286.403936682924
2016-12-23,27241.0,27934.784535014376
2016-12-26,27431.0,28161.591678185607
2016-12-27,27539.0,28559.183426297743
2016-12-28,27810.0,28476.93627155107
2016-12-29,27700.0,29068.600012002065
2016-12-30,27828.0,28737.691168255496
2017-01-02,28102.0,28804.070353760046
2017-01-03,28085.0,28700.472471950656
2017-01-04,28890.0,28463.18080912454
2017-01-05,27960.0,28736.08014526138
2017-01-06,28124.0,28873.827147695094
2017-01-09,28210.0,28642.190414703116
2017-01-10,28353.0,28799.003311108172
2017-01-11,28463.0,29003.234548482316
2017-01-12,28440.0,28506.966292579607
2017-01-13,28601.0,28464.053596180456
2017-01-16,28797.0,28671.101674636557
2017-01-17,28852.0,28819.748609827697
2017-01-18,28588.0,28887.375035375226
2017-01-19,28685.0,28762.697506777073
2017-01-20,28876.0,29348.976797377647
2017-01-23,28815.0,29253.15838098597
2017-01-24,28472.0,28864.051894103817
2017-01-25,28449.0,28779.592454875426
2017-01-27,28642.0,28637.06055396772
2017-01-30,29172.0,28795.893605951496
2017-01-31,28981.0,28726.929803252737
2017-02-01,29064.0,28612.012128792278
2017-02-02,29166.0,29039.84064840354
2017-02-03,29202.0,28843.21661163139
2017-02-06,29348.0,28333.921733763622
2017-02-07,29371.0,28501.512894972395
2017-02-08,29115.0,28691.241445525462
2017-02-09,29195.0,28756.235242528866
2017-02-10,29057.0,28818.484622226137
2017-02-13,29027.0,28543.041966538774
2017-02-14,29138.0,28188.151573713974
2017-02-15,29377.0,28542.018312979642
2017-02-16,29359.0,28579.40769511205
2017-02-17,29324.0,29042.418602854905
2017-02-20,29314.0,28500.846589972207
2017-02-21,29223.0,28678.74193063489
2017-02-22,29440.0,28658.80241372414
2017-02-23,29613.0,28727.21847321287
2017-02-24,29732.0,28686.035620422233
2017-02-27,29592.0,28570.102772750586
2017-02-28,29529.0,28489.544682603984
2017-03-01,29204.0,28431.140798655666
2017-03-02,29442.0,28387.21354214201
2017-03-03,28979.0,28419.485569761604
2017-03-06,28791.0,27988.062001765993
2017-03-07,28660.0,27681.542676645386
2017-03-08,28491.0,27849.534655118186
2017-03-09,28417.0,27776.345280977857
2017-03-10,28291.0,27889.70931789825
2017-03-13,28100.0,27513.611467557963
2017-03-14,28019.0,27641.331904100552
2017-03-15,28436.0,27853.7474428882
2017-03-16,28528.0,27855.44913116684
2017-03-17,28518.0,28009.992099010728
2017-03-20,28853.0,28367.964492750572
2017-03-21,28886.0,29275.585124891735
2017-03-22,28816.0,29274.646214803513
2017-03-23,28809.0,29008.329972085015
2017-03-24,28839.0,28856.398914789163
2017-03-27,28872.0,28772.494779417546
2017-03-28,28762.0,28873.60252890454
2017-03-29,28559.0,28671.68688968087
2017-03-30,28612.0,28565.132668239756
2017-03-31,28720.0,28497.881931373195
2017-04-03,28960.0,28631.10988113542
2017-04-04,28617.0,28608.938776091047
2017-04-05,28697.0,28699.06877032256
2017-04-06,28650.0,28518.729657523676
2017-04-07,28699.0,28652.218590320128
2017-04-10,29149.0,28647.88703514097
2017-04-11,29189.0,28854.209066484294
2017-04-12,29358.0,28735.552185628207
2017-04-13,29392.0,28598.71982036729
2017-04-17,29518.0,28814.720920803233
2017-04-18,29313.0,29001.66215385958
2017-04-19,29308.0,29041.64278835267
2017-04-20,29432.0,29010.760370391436
2017-04-21,29128.0,29033.412772718544
2017-04-24,28827.0,28886.36579694561
2017-04-25,28757.0,28780.583909868896
2017-04-26,28784.0,28437.516412628425
2017-04-27,28872.0,28485.36120638201
2017-04-28,28654.0,28648.909003659257
2017-05-01,28571.0,28243.33780959652
2017-05-02,28571.0,28122.732328171438
2017-05-03,28060.0,28122.08893609844
2017-05-04,28184.0,28183.199187355498
2017-05-05,28119.0,28260.061921031585
2017-05-08,27981.0,28225.452274965326
2017-05-09,28007.0,28139.27135968046
2017-05-10,28022.0,28202.301947382115
2017-05-11,28019.0,28202.826293763846
2017-05-12,28008.0,28316.3394284943
2017-05-15,28109.0,27977.046931270266
2017-05-16,28614.0,28049.967612330907
2017-05-17,28710.0,29064.19956923471
2017-05-18,28634.0,29633.502895051843
2017-05-19,28783.0,29577.265764703952
2017-05-22,28808.0,29359.333619277604
2017-05-23,28719.0,29715.512544514557
2017-05-24,28638.0,29425.75251510898
2017-05-25,28847.0,29780.854021827396
2017-05-26,28874.0,29583.222029695735
2017-05-29,28704.0,29456.072753199744
2017-05-30,28905.0,29796.336599881186
2017-05-31,28749.0,28864.680081552244
2017-06-01,28949.0,28975.75970935083
2017-06-02,29111.0,29215.04383014567
2017-06-05,29481.0,29077.62106620232
2017-06-06,29376.0,29057.51538528552
2017-06-07,29049.0,28887.22122448183
2017-06-08,28938.0,29176.43718045206
2017-06-09,28917.0,29029.826596705632
2017-06-12,28862.0,28816.504625661513
2017-06-13,28946.0,28695.43791261908
2017-06-14,28686.0,28607.88437253581
2017-06-15,28616.0,28815.680187604507
2017-06-16,28473.0,28355.92437285279
2017-06-19,28475.0,28328.72846947997
2017-06-20,28495.0,28347.26978179449
2017-06-21,28557.0,28398.58124208631
2017-06-22,28648.0,28400.32081043239
2017-06-23,28426.0,28875.924422800723
2017-06-26,28483.0,28300.705127782854
2017-06-27,28485.0,28512.922038981655
2017-06-28,28527.0,28256.33313330013
2017-06-29,28295.0,28292.28383151066
2017-06-30,27952.0,28162.03360959651
2017-07-03,28043.0,28075.73902900097
2017-07-04,28051.0,28120.61182158444
2017-07-05,28143.0,28120.124167170365
2017-07-06,27812.0,28367.696482496744
2017-07-07,27840.0,28289.791169356857
2017-07-10,27871.0,28633.28647674199
2017-07-11,27889.0,28859.1279803626
2017-07-12,27868.0,28599.080324716182
2017-07-13,28022.0,28504.900318183853
2017-07-14,28147.0,29152.684724293285
2017-07-17,28280.0,29476.00031766017
2017-07-18,28270.0,29270.49700375097
2017-07-19,28345.0,29494.107366916603
2017-07-20,28541.0,29492.301616734378
2017-07-21,28530.0,29574.250859053605
2017-07-24,28490.0,29319.84506694132
2017-07-25,28396.0,29281.029109520638
2017-07-26,28477.0,29291.842499628077
2017-07-27,28596.0,29330.770339363487
2017-07-28,28588.0,29308.431870687233
2017-07-31,28514.0,29100.419054213056
2017-08-01,28486.0,29204.54928051407
2017-08-02,28447.0,29117.967313373887
2017-08-03,28373.0,28952.609403226823
2017-08-04,28419.0,28889.70432518844
2017-08-07,28357.0,28749.24517637089
2017-08-08,28800.0,28862.309943447213
2017-08-09,29130.0,29288.70373239425
2017-08-10,29158.0,29375.51504388515
2017-08-11,29042.0,29432.916941923722
2017-08-14,28878.0,29037.136270772942
2017-08-16,29093.0,29118.8243768029
2017-08-17,29109.0,29278.42516996578
2017-08-18,29224.0,29466.80263314468
2017-08-21,29061.0,29555.837913880143
2017-08-22,29090.0,29171.19434672468
2017-08-23,29021.0,29178.705174989635
2017-08-24,29086.0,29257.149100904775
2017-08-25,29425.0,29427.480837648254
2017-08-28,29588.0,29623.31481114415
2017-08-29,29540.0,29600.44928207592
2017-08-30,29756.0,29547.738451961726
2017-08-31,29788.0,29730.795843789594
2017-09-01,30174.0,29718.71990973065
2017-09-04,30226.0,29913.636477454726
2017-09-05,30088.0,29825.65965222955
2017-09-06,30287.0,29653.59788689363
2017-09-07,30271.0,29798.81101208295
2017-09-08,29942.0,29993.042915839535
2017-09-11,29953.0,30096.771525122436
2017-09-12,29896.0,30264.938198300642
2017-09-13,30020.0,29597.79021966008
2017-09-14,29869.0,29831.568894506705
2017-09-15,29561.0,29706.79980510386
2017-09-18,29628.0,29505.06485433706
2017-09-19,29780.0,29777.521241523966
2017-09-20,29584.0,29714.967186697006
2017-09-21,29608.0,29572.138992047254
2017-09-22,30065.0,29469.81349330892
2017-09-25,29885.0,29792.375015214082
2017-09-26,29673.0,29910.87167415834
2017-09-27,29624.0,29621.483946128934
2017-09-28,29549.0,29248.37026980644
2017-09-29,29400.0,29014.628716675797
2017-10-03,29331.0,29036.299462579245
2017-10-04,29412.0,29368.369736723234
2017-10-05,29510.0,29190.169251202577
2017-10-06,29670.0,29484.21207178453
2017-10-09,29768.0,29582.644560697645
2017-10-10,29659.0,29678.143897280126
2017-10-11,29756.0,29572.57986163253
2017-10-12,29800.0,29602.05768127848
2017-10-13,29808.0,29644.41220353437
2017-10-16,29565.0,29495.915157553885
2017-10-17,29536.0,29271.901134915384
2017-10-18,29654.0,29126.655062784546
2017-10-19,29541.0,29601.958600836057
2017-10-20,29499.0,29113.51398312283
2017-10-23,29498.0,29180.212872524844
2017-10-24,29362.0,29121.645909788916
2017-10-25,29236.0,28970.080494925278
2017-10-26,29272.0,28657.85264132209
2017-10-27,29349.0,28837.21014900715
2017-10-30,29040.0,28948.73530693123
2017-10-31,29120.0,28504.868594742693
2017-11-01,29242.0,28543.104198096407
2017-11-02,29191.0,28950.08929316676
2017-11-03,29363.0,28907.94200116038
2017-11-06,29457.0,29392.462850470605
2017-11-07,29562.0,29301.38285482325
2017-11-08,29670.0,29512.969729415694
2017-11-09,29508.0,29463.463060976766
2017-11-10,29619.0,29744.21494226368
2017-11-13,29620.0,29440.26325139657
2017-11-14,29528.0,29451.2045378249
2017-11-15,29491.0,29365.16071653346
2017-11-16,29658.0,29374.50279576485
2017-11-17,29339.0,29771.184895111892
2017-11-20,29334.0,29758.217937249883
2017-11-21,29504.0,29678.87138669171
2017-11-22,29420.0,29788.982247342596
2017-11-23,29375.0,29656.86910660983
2017-11-24,29460.0,29619.662872180063
2017-11-27,29381.0,29807.275284741027
2017-11-28,29215.0,29498.19096401633
2017-11-29,28992.0,29107.323574034835
2017-11-30,29217.0,28826.545466813775
2017-12-01,29059.0,29398.460792433678
2017-12-04,28893.0,28874.029300646846
2017-12-05,28972.0,29068.756889653654
2017-12-06,28670.0,28893.76426474663
2017-12-07,28588.0,28774.861388672856
2017-12-08,28429.0,28964.786157674855
2017-12-11,28318.0,28934.74306261281
2017-12-12,28377.0,29009.467742643566
2017-12-13,28500.0,28684.867468258366
2017-12-14,28441.0,28746.98487375033
2017-12-15,28663.0,28882.3695176694
2017-12-18,28555.0,28994.01434669282
2017-12-19,28617.0,28925.954186525887
2017-12-20,28596.0,29301.055103100225
2017-12-21,28757.0,29399.304151011158
2017-12-22,28924.0,29646.360487819227
2017-12-26,29092.0,29719.416384831286
2017-12-27,29171.0,29459.786340341067
2017-12-28,29372.0,29749.524362193206
2017-12-29,29324.0,29764.01263588947
2018-01-01,29392.0,29875.094819969305
2018-01-02,29481.0,29870.789994348957
2018-01-03,29472.0,29973.70808249984
2018-01-04,29465.0,29926.159145808848
2018-01-05,29270.0,29913.54879322053
2018-01-08,29173.0,29861.406107914463
2018-01-09,29343.0,29676.134009290894
2018-01-10,29404.0,29966.885672842458
2018-01-11,29553.0,29843.008487577914
2018-01-12,29763.0,30037.052734084682
2018-01-15,29830.0,29747.93891231835
2018-01-16,29761.0,29847.822763445893
2018-01-17,29644.0,29825.037012916062
2018-01-18,29743.0,29796.66626957743
2018-01-19,29806.0,29938.929999277574
2018-01-22,29876.0,29756.6650986886
2018-01-23,30244.0,29847.91578943595
2018-01-24,30367.0,30267.105855807436
2018-01-25,30074.0,30403.450535824108
2018-01-29,30052.0,30460.594143826474
2018-01-30,30064.0,30464.53258094737
2018-01-31,30512.0,29990.40691681611
2018-02-01,30399.0,30354.59303768616
2018-02-02,30286.0,30477.456467210606
2018-02-05,30182.0,30395.758667347014
2018-02-06,29976.0,30350.232736791488
2018-02-07,30103.0,30194.2349572593
2018-02-08,29999.0,30496.423579247417
2018-02-09,30133.0,30352.02631408273
2018-02-12,30195.0,30357.390713912384
2018-02-13,30605.0,30209.197491608025
2018-02-14,30549.0,30413.908975340502
2018-02-15,30785.0,30527.433715174284
2018-02-16,30715.0,30559.379002134898
2018-02-19,30524.0,30643.613770798896
2018-02-20,30459.0,31131.41516861784
2018-02-21,30564.0,30591.644195768517
2018-02-22,30492.0,30337.613780174415
2018-02-23,30518.0,30265.95128208941
2018-02-26,30306.0,30405.326425028707
2018-02-27,30423.0,30154.207400568284
2018-02-28,30181.0,30173.845903235677
2018-03-01,30473.0,30024.28041383577
2018-03-02,30429.0,30368.495336840868
2018-03-05,30568.0,30428.60061528984
2018-03-06,30461.0,30541.06957610236
2018-03-07,30436.0,30480.727817489096
2018-03-08,30408.0,30369.630612029796
2018-03-09,30340.0,30631.919260718176
2018-03-12,30387.0,30585.4056665434
2018-03-13,30413.0,30310.93537038405
2018-03-14,30314.0,30100.931431662193
2018-03-15,30251.0,30054.1553883151
2018-03-16,30432.0,30391.079788724404
2018-03-19,30284.0,30426.33063203574
2018-03-20,30464.0,30401.326321916764
2018-03-21,30506.0,30597.58456664572
2018-03-22,30901.0,30680.425254249636
2018-03-23,30889.0,30985.47944433302
2018-03-26,30717.0,31110.371211892663
2018-03-27,30518.0,30736.92874404584
2018-03-28,30426.0,30774.260129975326
2018-03-29,30961.0,30645.291415785723
2018-04-02,30625.0,31278.25278211422
2018-04-03,30886.0,30517.402557830465
2018-04-04,30505.0,30128.032592690175
2018-04-05,30605.0,30343.42268694998
2018-04-06,30675.0,30876.41994273167
2018-04-09,30798.0,30791.40112543908
2018-04-10,31244.0,30943.146335875907
2018-04-11,30897.0,31189.81635023275
2018-04-12,31005.0,31370.87449456434
2018-04-13,31167.0,31170.584872102478
2018-04-16,31257.0,30764.354463741613
2018-04-17,31410.0,31527.21285526232
2018-04-18,31479.0,31885.625307204184
2018-04-19,31314.0,31702.1694985717
2018-04-20,31164.0,31380.52361899995
2018-04-23,31262.0,31265.05357941044
2018-04-24,31301.0,31283.051076765965
2018-04-25,31158.0,31193.80884097393
2018-04-26,31129.0,31092.090409658158
2018-04-27,30947.0,31062.905936428637
2018-04-30,30874.0,30517.850521927026
2018-05-01,30926.0,30595.790813862972
2018-05-02,31003.0,30937.9273302392
2018-05-03,31068.0,30485.842387377525
2018-05-04,31247.0,30434.503654633074
2018-05-07,31200.0,30762.915514217115
2018-05-08,31303.0,31020.484218991754
2018-05-09,31352.0,30901.998382166355
2018-05-10,31500.0,30879.00700525825
2018-05-11,31496.0,30889.098609848555
2018-05-14,31186.0,30702.515928611738
2018-05-15,31007.0,30738.4629753257
2018-05-16,30986.0,30715.267969057444
2018-05-17,31093.0,30650.494548710853
2018-05-18,31114.0,30739.112474401572
2018-05-21,31111.0,30772.73783827686
2018-05-22,31186.0,30827.321341322022
2018-05-23,31461.0,30861.214272503214
2018-05-24,31194.0,31151.18401712393
2018-05-25,30971.0,30976.751262090274
2018-05-28,31184.0,30875.754694497675
2018-05-29,31030.0,31059.694153835873
2018-05-30,30882.0,30900.632804594436
2018-05-31,30568.0,30437.060247236124
2018-06-01,30708.0,30517.59959679251
2018-06-04,30699.0,30484.505915510796
2018-06-05,30755.0,30520.649099665203
2018-06-06,31055.0,30393.732164015622
2018-06-07,31076.0,31018.718017943545
2018-06-08,31035.0,31335.8404939716
2018-06-11,30952.0,31203.018065560093
2018-06-12,30952.0,31065.168203427213
2018-06-13,31145.0,30745.439126748875
2018-06-14,30804.0,31010.22547692517
2018-06-15,30773.0,31133.632858497545
2018-06-18,30702.0,30822.111073036584
2018-06-19,30605.0,30749.011414081888
2018-06-20,30451.0,30486.56591815917
2018-06-21,30498.0,30355.864078226277
2018-06-22,30540.0,30199.888791957645
2018-06-25,30480.0,30422.580978356968
2018-06-26,30606.0,30247.893793972355
2018-06-27,30431.0,30824.434096050307
2018-06-28,30363.0,30209.28112888211
2018-06-29,30153.0,30081.71474604158
2018-07-02,30469.0,30267.189467524186
2018-07-03,30510.0,30958.571641729137
2018-07-04,30541.0,31095.013283478456
2018-07-05,30582.0,30989.947245877865
2018-07-06,30638.0,30912.78119681239
2018-07-09,30551.0,31127.649440314843
2018-07-10,30344.0,31245.815302444866
2018-07-11,30175.0,30948.620052417482
2018-07-12,30131.0,30530.81811855341
2018-07-13,30103.0,30216.660400978486
2018-07-16,29757.0,29996.595981647733
2018-07-17,29799.0,30310.505844755753
2018-07-18,29913.0,30210.296098308714
2018-07-19,29957.0,30294.3858229602
2018-07-20,29914.0,30392.383538756698
2018-07-23,29912.0,30419.873989592277
2018-07-24,29959.0,30379.16635975332
2018-07-25,29836.0,30712.976226425013
2018-07-26,29805.0,30326.016342688792
2018-07-27,29755.0,30439.01333569112
2018-07-30,29638.0,30441.040194725298
2018-07-31,29462.0,30135.867120464984
2018-08-01,29520.0,30303.455342543442
2018-08-02,29800.0,30301.883782649966
2018-08-03,29563.0,31239.286785970377
2018-08-06,29534.0,30593.25918999138
2018-08-07,29544.0,30478.710495561474
2018-08-08,29605.0,30815.371672597987
2018-08-09,29706.0,30979.612755267124
2018-08-10,29665.0,31360.529793785903
2018-08-13,29664.0,31182.93900266694
2018-08-14,29275.0,30971.35485385097
2018-08-16,29275.0,30670.27221612865
2018-08-17,29435.0,30463.830157415945
2018-08-20,29542.0,31037.875642874988
2018-08-21,29627.0,31170.211336705168
2018-08-22,29576.0,31352.534606371082
2018-08-23,29882.0,31310.522730631666
2018-08-24,29973.0,31509.594065498586
2018-08-27,29981.0,31379.608938608973
2018-08-28,30144.0,31368.417326995383
2018-08-29,30131.0,31510.626206740137
2018-08-30,30116.0,31412.111728056374
2018-08-31,30327.0,31423.24784613335
2018-09-03,30221.0,31616.16873544981
2018-09-04,30310.0,31595.73100449032
2018-09-05,30565.0,31649.94887564338
2018-09-06,30509.0,31782.52966403282
2018-09-07,30725.0,31609.53035507149
2018-09-10,30732.0,31758.03229920783
2018-09-11,30664.0,31711.926411247274
2018-09-12,30470.0,32350.802496958455
2018-09-13,30453.0,31773.78595686314
2018-09-14,30778.0,31786.745467480792
2018-09-17,30811.0,32338.23066267252
2018-09-18,30649.0,32124.59347672595
2018-09-19,30623.0,32733.983903822114
2018-09-20,30609.0,32417.38216903718
2018-09-21,30862.0,32836.063344040354
2018-09-24,30838.0,32801.52853256346
2018-09-25,30608.0,32772.64680770356
2018-09-26,30356.0,32020.411642234416
2018-09-27,30479.0,32141.69592393054
2018-09-28,30614.0,31941.60198566607
2018-10-01,31025.0,32050.551909336733
2018-10-03,31136.0,32671.934307010077
2018-10-04,31233.0,32141.375618359445
2018-10-05,31096.0,32221.85035909435
2018-10-08,31161.0,32267.533422322056
2018-10-09,31247.0,32008.76391795973
2018-10-10,31793.0,32097.99187865684
2018-10-11,31670.0,32116.000015411195
2018-10-12,31877.0,31983.917293175033
2018-10-15,31701.0,31878.661263934617
2018-10-16,31702.0,32051.74266358766
2018-10-17,31885.0,32420.810906473587
2018-10-18,31737.0,32540.505802429067
2018-10-19,31729.0,32253.823397953754
2018-10-22,31871.0,32313.12593775199
2018-10-23,31723.0,32478.660980919143
2018-10-24,31683.0,32285.64314862861
2018-10-25,31764.0,32031.81502716279
2018-10-26,31730.0,32300.159667005206
2018-10-29,31725.0,32333.09979493731
2018-10-30,31631.0,32454.84579430264
2018-10-31,31783.0,32134.031097736366
2018-11-01,31737.0,32333.00371916377
2018-11-02,31783.0,32267.578510892286
2018-11-05,31657.0,32164.56050274253
2018-11-06,31602.0,32105.561676126286
2018-11-07,31408.0,31913.742089880314
2018-11-08,31023.0,31382.449696771622
2018-11-09,31014.0,31476.428582064862
2018-11-12,30778.0,31146.119373807785
2018-11-13,30838.0,30890.365633595113
2018-11-14,30831.0,31149.218157926814
2018-11-15,31017.0,31004.339072481773
2018-11-16,30888.0,31092.971207345967
2018-11-19,30830.0,31442.15697414885
2018-11-20,30839.0,31228.322787080946
2018-11-21,30613.0,31430.267572569337
2018-11-22,30513.0,31342.71550567616
2018-11-23,30574.0,31430.56929123175
2018-11-26,30423.0,31510.28968649813
2018-11-27,30457.0,31393.260394037756
2018-11-28,30253.0,31589.791416933473
2018-11-29,30186.0,31415.88316882362
2018-11-30,30787.0,31320.624189344246
2018-12-03,30964.0,32333.717940486855
2018-12-04,30926.0,32132.427898397204
2018-12-05,31005.0,32036.30262700334
2018-12-06,31440.0,32242.227730091086
2018-12-07,31895.0,32389.70869538685
2018-12-10,31812.0,32777.331255090714
2018-12-11,31626.0,32241.670438468194
2018-12-12,31414.0,32694.82306764635
2018-12-13,31437.0,32695.23814531743
2018-12-14,31501.0,32617.880764383703
2018-12-17,31075.0,32458.902183939095
2018-12-18,31139.0,32845.24649256986
2018-12-19,31219.0,32872.38487860193
2018-12-20,31126.0,32916.72929428409
2018-12-21,31375.0,33306.297606863394
2018-12-24,31463.0,33249.00197647313
2018-12-26,31611.0,33412.86602048445
2018-12-27,31506.0,33495.95735267853
2018-12-28,31489.0,33416.02193129592
2018-12-31,31560.0,33447.1671319778
2019-01-01,31934.0,33223.33394094287
2019-01-02,31939.0,33040.52294151548
2019-01-03,31679.0,32926.02048000505
2019-01-04,31652.0,32643.371000302508
2019-01-07,31736.0,32899.25807734237
2019-01-08,31993.0,33101.17449609668
2019-01-09,31878.0,33250.81955142437
2019-01-10,31924.0,33269.71669363987
2019-01-11,32130.0,33155.51627365648
2019-01-14,32169.0,33341.20436463967
2019-01-15,32272.0,33520.67537367157
2019-01-16,32253.0,33511.48242103885
2019-01-17,32089.0,33729.89246867484
2019-01-18,32039.0,33803.93015321569
2019-01-21,32154.0,33836.289254181116
2019-01-22,32135.0,33735.59838489965
2019-01-23,32016.0,33592.251383938456
2019-01-24,32339.0,33332.357196359924
2019-01-25,32536.0,33796.94817154354
2019-01-28,32891.0,33821.64094444993
2019-01-29,32903.0,34028.56720592496
2019-01-30,33100.0,34027.73745895144
2019-01-31,33405.0,33705.4816000055
2019-02-01,33455.0,33730.21182555986
2019-02-04,33381.0,33835.34858161858
2019-02-05,33222.0,34147.420744735944
2019-02-06,33056.0,33503.15556854994
2019-02-07,33125.0,33375.887984056346
2019-02-08,32931.0,32994.79632543773
2019-02-11,32747.0,33159.09823330189
2019-02-12,32909.0,32969.6971761684
2019-02-13,32970.0,32715.526153568404
2019-02-14,33263.0,32686.204716006763
2019-02-15,33463.0,33451.778661750664
2019-02-18,33753.0,33512.73025578581
2019-02-19,33719.0,33671.68679126643
2019-02-20,33302.0,33777.71154953471
2019-02-21,33369.0,33722.66537515823
2019-02-22,33159.0,33833.49086309207
2019-02-25,33228.0,33324.47047403594
2019-02-26,33171.0,33408.31786088558
2019-02-27,32902.0,33335.29159996341
2019-02-28,32533.0,32706.108374100553
2019-03-01,32505.0,32832.680885494745
2019-03-04,32015.0,32939.022661859955
2019-03-05,31954.0,32487.004399107496
2019-03-06,31946.0,33206.11951623469
2019-03-07,32174.0,32842.903646453466
2019-03-08,31915.0,33562.63039082133
2019-03-11,32015.0,33328.69227998197
2019-03-12,32225.0,33480.04731233793
2019-03-13,31832.0,33060.608161023156
2019-03-14,31853.0,33682.16586220537
2019-03-15,31685.0,33099.63346374542
2019-03-18,31985.0,33003.37042155855
2019-03-19,31740.0,33388.1536905341
2019-03-20,31842.0,33413.27718440951
2019-03-21,32155.0,33128.58592575345
2019-03-22,32223.0,34660.5242261546
2019-03-25,32113.0,34208.973533173295
2019-03-26,32019.0,34488.68460991033
2019-03-27,31624.0,34500.557968036395
2019-03-28,31703.0,34422.120729312366
2019-03-29,31570.0,33713.19767735916
2019-04-01,31535.0,33478.05701021207
2019-04-02,31450.0,33845.65099257888
2019-04-03,31503.0,34039.21752521393
2019-04-04,31566.0,33967.49429072064
2019-04-05,32076.0,34087.772530461756
2019-04-08,32098.0,34453.78723099091
2019-04-09,32174.0,33934.812127314486
2019-04-10,31663.0,33584.85495171429
2019-04-11,31760.0,33732.915168889835
2019-04-12,31760.0,33852.498344492284
2019-04-15,31474.0,33411.25036282954
2019-04-16,31410.0,32999.82851688016
2019-04-17,31403.0,32896.81277995723
2019-04-18,31531.0,32686.168882122405
2019-04-22,31525.0,33656.09583951069
2019-04-23,31759.0,33584.52261796536
2019-04-24,31843.0,34311.566590238195
2019-04-25,31868.0,34716.53079392546
2019-04-26,31625.0,34166.5761172252
2019-04-30,31563.0,33958.25323558063
2019-05-01,31203.0,34011.78908488729
2019-05-02,31341.0,33369.777635117185
2019-05-03,31578.0,33400.08899802924
2019-05-06,31739.0,34028.945040155144
2019-05-07,31697.0,34061.1034156293
2019-05-08,31926.0,35035.73637310642
2019-05-09,31917.0,35136.33807907453
2019-05-10,32499.0,35536.958270076946
2019-05-13,32248.0,34576.39270226553
2019-05-14,32261.0,34628.705790595675
2019-05-15,31985.0,34279.851375709964
2019-05-16,31809.0,34870.2183858583
2019-05-17,31566.0,34898.06872460491
2019-05-20,31442.0,34514.687468805576
2019-05-21,31452.0,33897.81035399142
2019-05-22,31696.0,33521.990629350206
2019-05-23,31554.0,34249.480063860465
2019-05-24,31630.0,34273.72072534049
2019-05-27,31569.0,33925.18545643333
2019-05-28,31760.0,34505.551508519064
2019-05-29,31831.0,34670.69995318551
2019-05-30,32131.0,34960.96756024269
2019-05-31,32405.0,34767.36754811528
2019-06-03,32465.0,34904.27311960041
2019-06-04,32607.0,34900.892334693424
2019-06-05,32734.0,35096.11324638099
2019-06-06,32867.0,34655.698832985676
2019-06-07,32611.0,34607.584958758125
2019-06-10,32576.0,34972.91200308809
2019-06-11,32685.0,34736.12464418945
2019-06-12,32884.0,34673.21106728518
2019-06-13,32984.0,34584.700369872146
2019-06-14,32961.0,35401.481372050126
2019-06-17,32939.0,35145.8118657001
2019-06-18,32976.0,35405.33104876015
2019-06-19,33838.0,35614.9045884636
2019-06-20,33960.0,34878.525726121305
2019-06-21,34214.0,35384.846802757405
2019-06-24,34300.0,35786.10315525402
2019-06-25,34135.0,36629.542724348205
2019-06-26,33931.0,37206.701622337714
2019-06-27,33947.0,35988.72541438441
2019-06-28,33348.0,36441.809886465206
2019-07-01,33779.0,36158.97672350495
2019-07-02,34077.0,37133.88582883427
2019-07-03,34023.0,37218.05237928097
2019-07-04,34370.0,36329.16889256188
2019-07-05,34535.0,36914.01069782087
2019-07-08,34533.0,36895.176128785184
2019-07-09,34765.0,36311.080424936794
2019-07-10,34612.0,37232.107971236655
2019-07-11,34812.0,37472.50825357288
2019-07-12,34792.0,37281.20098736322
2019-07-15,34738.0,37372.87232534423
2019-07-16,35039.0,37740.282540217384
2019-07-17,35117.0,38291.68398211222
2019-07-18,35033.0,37978.151554686825
2019-07-19,35143.0,38701.75107229569
2019-07-22,35030.0,38600.89525648499
2019-07-23,35036.0,38862.8643001166
2019-07-24,34850.0,37735.88029360782
2019-07-25,34815.0,37414.101844200304
2019-07-26,34788.0,37028.83598773373
2019-07-29,34737.0,36761.242669964704
2019-07-30,34714.0,36547.711677971296
2019-07-31,35134.0,36572.81302637884
2019-08-01,35705.0,36297.75747236104
2019-08-02,36711.0,36807.30694879064
2019-08-05,37182.0,37276.21360883057
2019-08-06,37899.0,38244.36754182383
2019-08-07,37311.0,37967.53027474749
2019-08-08,37558.0,38488.77974085525
2019-08-09,37812.0,38228.59331254379
2019-08-12,37268.0,37405.98404433776
2019-08-13,37688.0,38026.60126090789
2019-08-14,37487.0,38656.836758752026
2019-08-16,37484.0,38585.64001805588
2019-08-19,37640.0,38516.37167035908
2019-08-20,37598.0,38555.66069627107
2019-08-21,37779.0,38149.24363348438
2019-08-22,38357.0,38012.76874207567
2019-08-23,38415.0,38048.97874804152
2019-08-26,38644.0,38854.54343998946
2019-08-27,38772.0,39300.65536791669
2019-08-28,38426.0,38784.09587565881
2019-08-29,38300.0,38350.08053181473
2019-08-30,38708.0,38418.523450965986
2019-09-02,39314.0,38953.48806056138
2019-09-03,39337.0,39796.95569602416
2019-09-04,38504.0,38509.67213917062
2019-09-05,38551.0,38365.50740804214
2019-09-06,38459.0,39386.922115037894
2019-09-09,38248.0,39096.02279844274
2019-09-10,37965.0,38887.57128047913
2019-09-11,37747.0,37563.118961226246
2019-09-12,37517.0,40011.746627862914
2019-09-13,38161.0,38593.08311761584
2019-09-16,37995.0,39392.158662884176
2019-09-17,37837.0,38411.950386509336
2019-09-18,37672.0,38687.78571628113
2019-09-19,37669.0,38496.074484728124
2019-09-20,37905.0,38335.38936801038
2019-09-23,38091.0,38573.543769409625
2019-09-24,37571.0,38933.64904989051
2019-09-25,37773.0,38165.138978842995
2019-09-26,37706.0,38479.62948700936
2019-09-27,36873.0,38291.39492768688
2019-09-30,37377.0,37577.98851061851
2019-10-01,38012.0,37912.0423060291
2019-10-03,38002.0,39104.413018563464
2019-10-04,37978.0,39067.912650026294
2019-10-07,38242.0,39238.40081871006
2019-10-08,38384.0,38005.45186678442
2019-10-09,38120.0,38404.459280298026
2019-10-10,37839.0,37398.564078356634
2019-10-11,38250.0,37627.0665113136
2019-10-14,38067.0,37239.41371900633
2019-10-15,38248.0,37056.769619525745
2019-10-16,38216.0,38779.99336764632
2019-10-17,38121.0,39018.25485469109
2019-10-18,37969.0,38347.58890997521
2019-10-21,38025.0,38234.63664621415
2019-10-22,38124.0,38147.34905596018
2019-10-23,38452.0,38248.72124132861
2019-10-24,38362.0,38129.89011103284
2019-10-25,38280.0,38279.20882994415
2019-10-27,38103.0,38107.95751879913
2019-10-28,38110.0,37315.21143875609
2019-10-29,38369.0,36531.62286421053
2019-10-30,38842.0,37061.14177068342
2019-10-31,38652.0,36944.20024169964
2019-11-01,38734.0,37266.375238915425
2019-11-04,38458.0,36362.68043945454
2019-11-05,38239.0,36210.823309170075
2019-11-06,37595.0,36188.65743316299
2019-11-07,37705.0,36326.25446457475
2019-11-08,37688.0,37434.1366988061
2019-11-11,37740.0,37065.17890524981
2019-11-12,38107.0,36906.49041954134
2019-11-13,38269.0,37444.62546167476
2019-11-14,38002.0,37725.283407495255
2019-11-15,38228.0,37608.29164794807
2019-11-18,38206.0,38613.427628105615
2019-11-19,38155.0,39066.76131215864
2019-11-20,37971.0,38846.037693033635
2019-11-21,37927.0,39021.31535765822
2019-11-22,37782.0,38363.64996180138
2019-11-25,37775.0,38166.903830954216
2019-11-26,37578.0,38083.391417628394
2019-11-27,37780.0,37501.916598970834
2019-11-28,37961.0,37892.22131550859
2019-11-29,37915.0,37902.64679881445
2019-12-02,38267.0,37433.288465665224
2019-12-03,38188.0,38231.773868904434
2019-12-04,38095.0,37377.8409401058
2019-12-05,37748.0,37023.30033415568
2019-12-06,37638.0,36864.031543963334
2019-12-09,37604.0,35906.70868228237
2019-12-10,37693.0,35695.11688308861
2019-12-11,37559.0,36238.61513626025
2019-12-12,37776.0,36548.95310864421
2019-12-13,37873.0,37422.29312830917
2019-12-16,37961.0,36940.42587756988
2019-12-17,37932.0,37232.0251657922
2019-12-18,38110.0,37524.50022700165
2019-12-19,38002.0,37665.53607902641
2019-12-20,38231.0,37849.45913811679
2019-12-23,38624.0,37463.24283510303
2019-12-24,38767.0,37701.74421715428
2019-12-26,38978.0,37632.9654282488
2019-12-27,38823.0,37874.27291719113
2019-12-30,38999.0,37250.84214428181
2019-12-31,38938.0,37200.113727840646
2020-01-01,39220.0,37360.05220458023
2020-01-02,39925.0,38017.48597529337
2020-01-03,40448.0,38504.069573191155
2020-01-06,40635.0,39116.47783186327
2020-01-07,40078.0,39469.41371520524
2020-01-08,39806.0,39322.625060366736
2020-01-09,39849.0,39552.77373364362
2020-01-10,39541.0,39463.98950871814
2020-01-13,39443.0,40162.13591781201
2020-01-14,39598.0,39719.52719678836
2020-01-15,39676.0,39407.228875995235
2020-01-16,39920.0,39377.319802971906
2020-01-17,39927.0,40489.26656566833
2020-01-20,39892.0,40058.44997678281
2020-01-21,39893.0,39898.34270831469
2020-01-22,40255.0,39723.30771865985
2020-01-23,40322.0,39325.693997453134
2020-01-24,40557.0,39565.38029146941
2020-01-27,40200.0,39251.55209141398
2020-01-28,40321.0,39794.836652854014
2020-01-29,40897.0,39483.02074373567
2020-01-30,41012.0,39688.74087789024
2020-01-31,41099.0,40045.711412253746
2020-02-01,40633.0,39604.08902207403
2020-02-03,40056.0,39045.237764025966
2020-02-04,40213.0,39166.2870978456
2020-02-05,40287.0,38213.43896715193
2020-02-06,40563.0,38876.46382138523
2020-02-07,40607.0,37710.4711700654
2020-02-10,40353.0,38012.349572309424
2020-02-11,40427.0,37840.47248116919
2020-02-12,40580.0,38994.745821295735
2020-02-13,40879.0,38056.13558596005
2020-02-14,40686.0,38359.163478306415
2020-02-17,41311.0,38297.81203629938
2020-02-18,41463.0,39354.72753722289
2020-02-19,41886.0,39516.60867453354
2020-02-20,42511.0,39690.64558810511
2020-02-21,43456.0,40668.560961961964
2020-02-24,42675.0,41359.768708213334
2020-02-25,42349.0,41272.3631701659
2020-02-26,42193.0,40757.766788055305
2020-02-27,41763.0,41232.47009718178
2020-02-28,42017.0,39987.74038689356
2020-03-02,43100.0,41734.25950218182
2020-03-03,43235.0,42286.31358755402
2020-03-04,43874.0,43004.93892799117
2020-03-05,44098.0,42944.69822135772
2020-03-06,44308.0,45016.484175527796
2020-03-09,43694.0,45068.15029023922
2020-03-10,43334.0,43644.69402075826
2020-03-11,42217.0,41719.11190930092
2020-03-12,40382.0,43545.14603081342
2020-03-13,39548.0,40678.98400941837
2020-03-16,40279.0,42134.27961872596
2020-03-17,39764.0,41226.73344149953
2020-03-18,39889.0,41557.035888817176
2020-03-19,40419.0,41611.21820122422
2020-03-20,41317.0,43622.20940809768
2020-03-23,41873.0,43243.008425438195
2020-03-24,42713.0,43981.85783981755
2020-03-25,43631.0,44821.09790756945
2020-03-26,43590.0,44839.59305742898
2020-03-27,43883.0,45232.48872760295
2020-03-30,43225.0,43809.41070145709
2020-03-31,43578.0,44649.65358146633
2020-04-01,44298.0,44341.34721318319
2020-04-03,45043.0,45833.318391947396
2020-04-07,44944.0,46171.15569741939
2020-04-08,45279.0,44300.50606541737
2020-04-09,46270.0,45095.71187664338
2020-04-13,46696.0,45201.89458900573
2020-04-15,47203.0,45150.627199571165
2020-04-16,45855.0,43559.01148968151
2020-04-17,45724.0,42597.70477832889
2020-04-20,45383.0,42027.06760768681
2020-04-21,46189.0,41840.00903564218
2020-04-22,46475.0,43206.75048808767
2020-04-23,46550.0,44349.807448016625
2020-04-24,46353.0,46212.52379430771
2020-04-27,46188.0,46181.70395028744
2020-04-28,45439.0,45500.11538065427
2020-04-29,44647.0,45331.18439832746
2020-04-30,45251.0,44783.97846211482
2020-05-01,45762.0,44557.07714235907
2020-05-04,45539.0,46249.38785102434
2020-05-05,45387.0,45914.513318831334
2020-05-06,46147.0,46624.283899005495
2020-05-07,45820.0,46096.487998150784
2020-05-08,45785.0,46359.912931372324
2020-05-11,45635.0,46088.16297756875
2020-05-12,45983.0,45838.885047450975
2020-05-13,46631.0,46381.85750724367
2020-05-14,47352.0,47021.66953739696
2020-05-15,46652.0,46940.44591413323
2020-05-18,47036.0,47264.187465036484
2020-05-19,47129.0,46812.86315612922
2020-05-20,46417.0,46924.641631820334
2020-05-21,47057.0,46925.17403534285
2020-05-22,46953.0,46812.66126596145
2020-05-25,46393.0,46243.663363348576
2020-05-26,46647.0,45924.31724613252
2020-05-27,46474.0,47190.45548797874
2020-05-28,46858.0,46011.17707390941
2020-05-29,47018.0,46738.14722330646
2020-06-01,46796.0,45588.48132169883
2020-06-02,46203.0,46434.160167337905
2020-06-03,46781.0,45510.81933921502
2020-06-04,46346.0,46586.57227882009
2020-06-05,46110.0,44726.83472135168
2020-06-08,46595.0,46845.172053452465
2020-06-09,46629.0,46318.33039925918
2020-06-10,47405.0,46489.2091265408
2020-06-11,47325.0,45725.08560404052
2020-06-12,46999.0,46095.93138794616
2020-06-15,47534.0,46353.937071283224
2020-06-16,47320.0,47668.78689724478
2020-06-17,47328.0,46854.463991563964
2020-06-18,47907.0,47952.5527607725
2020-06-19,47912.0,47698.66957452283
2020-06-22,48186.0,48258.99123036465
2020-06-23,48105.0,49084.28770257643
2020-06-24,47952.0,48814.45821750998
2020-06-25,48363.0,48998.215528859844
2020-06-26,48194.0,48677.34888578135
2020-06-29,48861.0,48108.79599984208
2020-06-30,48400.0,48222.121891726136
2020-07-01,48437.0,48136.44360720029
2020-07-02,48336.0,47644.269681958365
2020-07-03,48247.0,48770.430577913336
2020-07-06,48796.0,46366.64401475241
2020-07-07,49160.0,47066.4760523586
2020-07-08,48896.0,47143.64747079714
2020-07-09,48883.0,47374.57383344331
2020-07-10,49180.0,47991.54562779755
2020-07-13,49277.0,47527.24347572893
2020-07-14,49182.0,49301.61758830823
2020-07-15,48811.0,49409.60264269807
2020-07-16,49001.0,49974.935816504854
2020-07-17,49067.0,49195.2016874051
2020-07-20,49559.0,49017.88464252821
2020-07-21,50115.0,48997.02944149823
2020-07-22,50762.0,49748.39209018858
2020-07-23,51120.0,49776.177366045165
2020-07-24,52227.0,50697.391067602126
2020-07-27,52731.0,51778.135089294934
2020-07-28,53207.0,51789.114653040066
2020-07-29,52986.0,52402.66024447295
2020-07-30,53582.0,52975.24473655889
2020-07-31,53927.0,53443.38974968824
2020-08-03,54784.0,53828.304201949235
2020-08-04,55597.0,54893.217843296814
2020-08-05,56117.0,55230.325614564594
2020-08-06,55018.0,51875.82175758693
2020-08-07,55243.0,50275.81660169362
2020-08-10,52144.0,48978.68061679233
2020-08-11,52505.0,50234.24075545117
2020-08-12,53148.0,52326.32136849851
2020-08-13,52451.0,51559.34306657474
2020-08-14,53435.0,51695.60345271766
2020-08-17,53738.0,52080.52829667107
2020-08-18,52824.0,49727.76739287762
2020-08-19,52302.0,50680.3300897716
2020-08-20,52045.0,50049.15325762637
2020-08-21,51385.0,49760.574398600205
2020-08-24,50936.0,48206.08999894092
2020-08-25,51619.0,49081.75204135083
2020-08-26,50507.0,48889.38173837562
2020-08-27,51050.0,48997.82066833091
2020-08-28,51099.0,49030.539278603064
2020-08-31,51017.0,49332.218868034164
2020-09-01,50577.0,48980.44577754849
2020-09-02,50768.0,49249.767126262836
2020-09-03,50728.0,49478.30930448304
2020-09-04,51149.0,49480.389216843054
2020-09-07,51433.0,49489.090965309326
2020-09-08,51486.0,46539.379097301106
2020-09-09,51832.0,48423.1012869313
2020-09-10,51393.0,46668.00752640816
2020-09-11,51759.0,47680.72100235251
2020-09-14,51818.0,47421.428140744785
2020-09-15,51876.0,48102.942284106815
2020-09-16,51498.0,48548.71021783555
2020-09-17,51764.0,50190.69988586037
2020-09-18,50512.0,49982.970874046994
2020-09-21,50454.0,48647.80936108974
2020-09-22,49576.0,48398.7754502557
2020-09-23,49959.0,47800.48241032465
2020-09-24,49539.0,48444.70207582365
2020-09-25,49928.0,48253.96946530122
2020-09-28,50607.0,48627.64819181549
2020-09-29,50232.0,47501.00891599667
2020-09-30,50345.0,47916.89640935789
2020-10-01,50809.0,47697.847261591305
2020-10-05,50617.0,49349.53382189368
2020-10-06,50133.0,47755.00954272077
2020-10-07,50239.0,47895.83359675823
2020-10-08,50872.0,48058.81874383057
2020-10-09,51166.0,46175.41915381432
2020-10-12,50306.0,46629.37002217937
2020-10-13,50614.0,46143.43128880461
2020-10-14,50775.0,46111.98596423228
2020-10-15,50605.0,45819.07775633899
2020-10-16,50751.0,46409.89172886433
2020-10-19,50937.0,45201.9591744276
2020-10-20,51313.0,46174.89227158501
2020-10-21,50741.0,46524.436816321395
2020-10-22,50820.0,45854.895074893044
2020-10-23,50953.0,46334.88832452133
2020-10-26,50984.0,46599.57934391701
2020-10-27,50483.0,45983.9706315965
2020-10-28,50276.0,45111.850012079754
2020-10-29,50641.0,44465.04974099633
2020-10-30,51032.0,44919.211069875426
2020-11-02,51509.0,46669.19740497455
2020-11-03,50829.0,46341.81524392313
2020-11-04,51901.0,45997.93416416129
2020-11-05,52190.0,46444.454594891446
2020-11-06,49795.0,45437.46005170201
2020-11-09,50561.0,50307.53028431797
2020-11-10,50230.0,50749.18531232594
2020-11-11,50652.0,48884.31162581085
2020-11-12,50956.0,49592.76536166988
2020-11-13,50945.0,48940.59921242076
2020-11-14,50870.0,47736.40979910582
2020-11-16,50806.0,49446.04454520371
2020-11-17,50377.0,46909.2271641891
2020-11-18,50063.0,48360.43510828799
2020-11-19,50279.0,48332.10117672382
2020-11-20,49555.0,47691.67479349739
2020-11-23,48683.0,46749.265966620136
2020-11-24,48568.0,47681.553278156935
2020-11-25,48597.0,47718.18649911027
2020-11-26,48189.0,47370.249943080395
2020-11-27,47898.0,46371.29395900766
2020-11-30,48641.0,47399.10612412124
2020-12-01,48959.0,47436.12221349166
2020-12-02,49061.0,48032.98979559718
2020-12-03,49322.0,49134.34732693999
2020-12-04,49923.0,47021.19269856856
2020-12-07,50049.0,46639.26565522079
2020-12-08,49256.0,46448.562816369995
2020-12-09,49081.0,45907.406215804156
2020-12-10,49306.0,45879.96382837313
2020-12-11,48916.0,46375.35853199521
2020-12-14,49416.0,45952.89170652849
2020-12-15,49544.0,46663.93383143796
2020-12-16,50263.0,47352.337073591785
2020-12-17,50100.0,47318.81731460679
2020-12-18,50146.0,48868.45900585281
2020-12-21,49768.0,48857.023102475796
2020-12-22,49909.0,49879.88209232387
2020-12-23,49787.0,49850.32420155625
2020-12-24,49761.0,48686.959291586034
2020-12-28,49722.0,47732.034485686294
2020-12-29,49881.0,47017.52130093691
2020-12-30,50081.0,46618.83198678467
2020-12-31,50081.0,47980.782798619
2021-01-01,51349.0,47211.43874367205
2021-01-04,51456.0,47578.8761524778
2021-01-05,50545.0,47104.958064285194
2021-01-06,50918.0,47364.03611284109
2021-01-07,49035.0,46178.14433398228
2021-01-08,49386.0,49855.15655303144
2021-01-11,49098.0,49409.667606610805
2021-01-12,49354.0,49294.834356568994
2021-01-13,49238.0,48375.744596480545
2021-01-14,48745.0,48792.73489819392
2021-01-15,48918.0,48328.1232253992
2021-01-18,49011.0,47743.0812952094
2021-01-19,49528.0,47652.06199361295
2021-01-20,49418.0,48843.227393528505
2021-01-21,49131.0,48589.418340448305
2021-01-22,49144.0,47273.767351211885
2021-01-25,48879.0,49019.6568668047
2021-01-27,48672.0,47907.067935343955
2021-01-28,49111.0,48062.29292646126
2021-01-29,48424.0,48142.39573807547
2021-02-01,47752.0,46915.185027374966
2021-02-02,47703.0,46173.110684448955
2021-02-03,46695.0,47091.16122842727
2021-02-04,46978.0,46279.602814319
2021-02-05,47726.0,47322.281494339884
2021-02-08,47818.0,46589.530361636804
2021-02-09,47863.0,46543.92836262397
2021-02-10,47377.0,46319.29100640171
2021-02-11,47169.0,45419.98285165223
2021-02-12,47118.0,45426.481217403285
2021-02-15,46777.0,45413.088809143985
2021-02-16,46134.0,45292.322142117926
2021-02-17,46046.0,47083.40132466011
2021-02-18,46095.0,46634.70293297129
2021-02-19,46782.0,48548.18112192681
2021-02-22,46632.0,48696.25298781766
2021-02-23,46369.0,48584.50066034261
2021-02-24,46085.0,47186.88524596682
2021-02-25,45569.0,46777.07556266696
2021-02-26,45021.0,46320.409525076495
2021-03-01,45224.0,45794.110350911906
2021-03-02,44721.0,45683.90871434308
2021-03-03,44581.0,46143.69031641978
2021-03-04,44442.0,45874.77186353796
2021-03-05,44233.0,47745.38697132634
2021-03-08,44844.0,45136.57321798505
2021-03-09,44774.0,47220.3883971032
2021-03-10,44876.0,46630.087027482135
2021-03-11,44737.0,44981.69559714191
2021-03-12,44906.0,45379.17984074435
2021-03-15,44820.0,45644.725767522985
2021-03-16,44848.0,45126.398296164356
2021-03-17,44942.0,44921.65203885811
2021-03-18,45008.0,46566.97037666447
2021-03-19,44885.0,47152.37438073231
2021-03-22,44636.0,45887.50136674939
2021-03-23,44841.0,45291.32860941323
2021-03-24,44726.0,45413.11590758293
2021-03-25,44629.0,45571.66152792966
2021-03-26,43754.0,45287.854994536814
2021-03-29,43941.0,44902.84979401277
2021-03-30,44418.0,44678.873205364034
2021-03-31,44957.0,45684.435225812056
2021-04-01,44985.0,44984.21954158065
2021-04-05,45685.0,45933.54895076789
2021-04-06,46128.0,46264.935461403504
2021-04-07,46576.0,46021.463525525236
2021-04-08,46344.0,46566.041036425246
2021-04-09,46188.0,45051.03413029917
2021-04-12,46674.0,45016.79571682996
2021-04-13,46317.0,45226.66756661513
2021-04-14,46881.0,44849.19538695835
2021-04-15,47022.0,45825.30090787366
2021-04-16,47084.0,46528.041332925495
2021-04-19,47498.0,46685.67728216474
2021-04-20,47892.0,46934.43034294789
2021-04-21,47426.0,46910.966792014144
2021-04-22,47169.0,46874.57560510635
2021-04-23,47117.0,46966.36838807306
2021-04-26,46960.0,46441.546843600925
2021-04-27,46697.0,45971.57896684676
2021-04-28,46400.0,46144.07159652624
2021-04-29,46431.0,45724.65649734173
2021-04-30,46963.0,45920.81222729248
2021-05-03,46782.0,46744.61870921971
2021-05-04,46591.0,45393.123087145264
2021-05-05,47536.0,45648.36511188128
2021-05-06,47719.0,47274.80881160905
2021-05-07,47925.0,48092.96926449208
2021-05-10,47625.0,47819.336520314566
2021-05-11,47491.0,45972.41446272174
2021-05-12,47452.0,48655.25049326672
2021-05-13,47682.0,46414.05206258019
2021-05-14,48437.0,46463.546281957446
2021-05-17,48288.0,46571.87957629595
2021-05-18,48660.0,46502.92164907772
2021-05-19,48519.0,47639.02191219705
2021-05-20,48368.0,48201.21017184655
2021-05-21,48514.0,47871.75053640948
2021-05-24,48780.0,47319.4650642755
2021-05-25,48728.0,47151.80703598797
2021-05-26,48561.0,47693.41377197329
2021-05-27,48543.0,46899.58229261896
2021-05-28,48807.0,47119.31504052947
2021-05-31,48935.0,47114.75815804095
2021-06-01,49108.0,48353.567063284514
2021-06-02,48293.0,46452.21434293323
2021-06-03,48650.0,47055.700739178996
2021-06-04,48911.0,46827.66341601853
2021-06-07,48908.0,46234.56708581615
2021-06-08,48904.0,45704.39917509007
2021-06-09,48975.0,45301.88538000532
2021-06-10,48717.0,45186.69806358744
2021-06-11,48318.0,45680.81527200578
2021-06-14,48230.0,44806.85626044342
2021-06-15,48279.0,44437.49699571854
2021-06-16,46781.0,43876.255482098124
2021-06-17,46592.0,45647.75211362535
2021-06-18,46904.0,46241.14199184828
2021-06-21,46838.0,46064.25190114461
2021-06-22,46921.0,45673.12857007403
2021-06-23,46701.0,45322.872673091915
2021-06-24,46757.0,46011.948733918245
2021-06-25,46821.0,45486.48998417359
2021-06-28,46438.0,45358.36560764714
2021-06-29,46817.0,45020.04724521197
2021-06-30,46985.0,45907.3782521695
2021-07-01,47286.0,46590.77199443784
2021-07-02,47567.0,46245.111653273
2021-07-05,47694.0,47024.4739760845
2021-07-06,47887.0,47221.954221929
2021-07-07,47735.0,47005.67669119638
2021-07-08,47898.0,47069.44373238505
2021-07-09,47768.0,47284.39988015973
2021-07-12,47887.0,47054.4947792923
2021-07-13,48265.0,47077.59362531045
2021-07-14,48358.0,46719.33680296176
2021-07-15,48040.0,46317.694016348185
2021-07-16,48069.0,46298.90757261809
2021-07-19,47861.0,47466.350177382024
2021-07-20,47584.0,47643.510006295925
2021-07-21,47624.0,46248.02503494571
2021-07-22,47521.0,45784.07976907952
2021-07-23,47455.0,45520.57209604485
2021-07-26,47551.0,45621.88445089681
2021-07-27,47535.0,45955.98048463916
2021-07-28,48210.0,45067.34120805457
2021-07-29,47901.0,46165.449287312105
2021-07-30,47937.0,45738.2517734105
2021-08-02,47854.0,45768.8548315722
2021-08-03,47872.0,45871.31870618119
2021-08-04,47959.0,45519.64025869292
2021-08-05,46682.0,45181.80426024706
2021-08-06,45949.0,46410.640875963414
2021-08-09,45936.0,47006.87978449044
2021-08-10,46351.0,46896.572294736456
2021-08-11,46335.0,45915.02709035106
2021-08-12,46886.0,46006.74038531196
2021-08-13,47138.0,45792.8254044921
2021-08-16,47206.0,46250.35852410332
2021-08-17,47069.0,46097.581551617324
2021-08-18,47119.0,46270.531927139775
2021-08-19,47110.0,46327.79252402245
2021-08-20,47511.0,46765.603628146055
2021-08-23,47532.0,47032.528550421055
2021-08-24,47108.0,46927.79125241775
2021-08-25,47163.0,46083.39994762502
2021-08-26,47416.0,46251.10434968822
2021-08-27,47049.0,46507.919582900606
2021-08-30,47060.0,45961.182378524354
2021-08-31,47093.0,46246.572903457934
2021-09-01,47048.0,46540.59908302136
2021-09-02,47342.0,45975.794219833806
2021-09-03,47450.0,45960.98647041065
2021-09-06,46989.0,45578.049480577574
2021-09-07,47072.0,45539.56277309338
2021-09-08,47021.0,45705.04451950423
2021-09-09,46858.0,45204.560822997126
2021-09-10,46946.0,45177.78601009708
2021-09-13,47267.0,45038.78886467434
2021-09-14,46949.0,46124.16020532401
2021-09-15,46120.0,45802.399526915826
2021-09-16,46025.0,45623.77573086476
2021-09-17,46297.0,45356.543702089155
2021-09-20,46641.0,45369.99400288718
2021-09-21,46682.0,46963.89526162557
2021-09-22,46083.0,46400.04469709913
2021-09-23,45995.0,45428.32972535989
2021-09-24,46064.0,45255.35099720466
2021-09-27,45819.0,45532.30201177562
2021-09-28,45550.0,45586.959387282215
2021-09-29,46221.0,45680.00971451556
2021-09-30,46315.0,47327.637930556746
2021-10-01,46618.0,47875.105389330456
2021-10-04,46459.0,47970.570901113286
2021-10-05,46781.0,48627.12988317926
2021-10-06,46737.0,48280.95856819285
2021-10-07,46922.0,47977.3623885431
2021-10-08,46941.0,48290.10331048304
2021-10-11,47097.0,47772.241604993615
2021-10-12,47753.0,47525.13927086168
2021-10-13,47748.0,48349.604971101035
2021-10-14,47106.0,47032.14573280931
2021-10-15,47186.0,47817.45218127367
2021-10-18,47196.0,47271.58368355795
2021-10-19,47380.0,47534.01945364746
2021-10-20,47314.0,47786.252841214366
2021-10-21,47668.0,47658.5378727746
2021-10-22,48030.0,47638.45577672777
2021-10-25,47680.0,47861.89501654968
2021-10-26,47804.0,47591.509705686716
2021-10-27,47777.0,48058.040307189236
2021-10-28,47502.0,47314.994283412016
2021-10-29,47692.0,48431.89499234824
2021-11-01,47683.0,47407.42943649295
2021-11-02,46961.0,47346.12904079305
2021-11-03,47559.0,46432.47344361557
2021-11-04,47959.0,47168.403309610534
2021-11-05,48025.0,47246.30370872562
2021-11-08,48263.0,47836.99379420266
2021-11-09,48857.0,47419.48823459049
2021-11-10,49208.0,48292.76075473884
2021-11-11,49277.0,48423.335499314104
2021-11-12,49269.0,48052.76566499464
2021-11-15,49038.0,48659.15046499435
2021-11-16,49262.0,47863.86567545453
2021-11-17,49047.0,48788.69769438008
2021-11-18,48829.0,48119.74656513262
2021-11-19,47963.0,48314.45958424207
2021-11-22,47460.0,48350.78948754766
2021-11-23,47469.0,48368.73643754981
2021-11-24,47444.0,47735.19664283921
2021-11-25,47610.0,47542.20445687495
2021-11-26,47613.0,47872.3574710821
2021-11-29,47439.0,48665.074446249935
2021-11-30,47525.0,48293.330716375094
2021-12-01,47307.0,47414.86024990624
2021-12-02,47425.0,46846.34422585952
2021-12-03,47787.0,48002.05700803753
2021-12-06,47922.0,46967.02423904926
2021-12-07,47900.0,47345.031554420864
2021-12-08,47802.0,47402.137506739775
2021-12-09,47993.0,46840.24193977332
2021-12-10,48106.0,47467.91413349747
2021-12-13,47895.0,47009.435858086195
2021-12-14,47900.0,46988.39840087598
2021-12-15,48407.0,47276.15516028425
2021-12-16,48467.0,47397.608502300725
2021-12-17,48130.0,48429.1030548679
2021-12-20,47933.0,48030.75184720795
2021-12-21,48026.0,47727.02501999123
2021-12-22,48012.0,47039.718049397896
2021-12-23,47982.0,47035.06010340713
2021-12-24,47933.0,46987.32707582265
2021-12-27,47888.0,46938.46114476023
2021-12-28,47673.0,46498.97076005411
2021-12-29,47746.0,46858.50179360275
2021-12-30,47994.0,46892.441560209074
2021-12-31,47473.0,46993.49070733444
2022-01-03,47763.0,46385.041770851094
2022-01-04,47974.0,46950.49407743618
2022-01-05,47499.0,47249.040990463975
2022-01-06,47481.0,47494.751443866546
2022-01-07,47471.0,47294.295069918466
2022-01-10,47694.0,47159.319462804924
2022-01-11,47802.0,47728.86038199737
2022-01-12,47759.0,47627.20039452379
2022-01-13,47803.0,47353.56968732304
2022-01-14,47908.0,47967.87821694928
2022-01-17,47926.0,47936.278403030716
2022-01-18,48368.0,47860.855676624604
2022-01-19,48372.0,48917.25243085698
2022-01-20,48243.0,48089.35124369031
2022-01-21,48537.0,48108.4999590148
2022-01-24,48836.0,48215.36554955351
2022-01-25,47974.0,47958.083030463546
2022-01-27,47652.0,48226.876275300405
2022-01-28,47840.0,47708.23558555059
2022-01-31,47966.0,48006.310437446315
2022-02-01,48049.0,48720.66043753863
2022-02-02,47884.0,47915.835851685115
2022-02-03,48081.0,48152.90856686595
2022-02-04,48168.0,48081.869046265354
2022-02-07,48345.0,48033.26466508146
2022-02-08,48575.0,48329.4840279051
2022-02-09,48867.0,48460.23651793226
2022-02-10,49024.0,48658.41444939263
2022-02-11,49827.0,48705.31644882739
2022-02-14,49332.0,48516.736617396564
2022-02-15,49546.0,48815.64358697336
2022-02-16,50277.0,48881.13536844124
2022-02-17,50034.0,49865.36788585253
2022-02-18,49998.0,49716.61550949929
2022-02-21,50186.0,50356.90811333873
2022-02-22,50226.0,50330.57369130041
2022-02-23,51403.0,50290.284264367925
2022-02-24,50039.0,50276.83358599296
2022-02-25,50530.0,49733.23496349639
2022-02-28,51565.0,50630.25293555706
2022-03-01,51133.0,50938.03714642225
2022-03-02,51569.0,50282.226834475434
2022-03-03,52274.0,51802.847851110404
2022-03-04,53461.0,51151.35852154301
2022-03-07,54146.0,54292.799268967894
2022-03-08,52724.0,54294.38219580811
2022-03-09,53183.0,55843.513363771715
2022-03-10,52828.0,55222.60464647406
2022-03-11,52238.0,55768.38491921871
2022-03-14,51522.0,55981.18851508711
2022-03-15,51105.0,55069.10820905361
2022-03-16,51597.0,54887.35951755358
2022-03-17,51383.0,53990.23637021014
2022-03-18,51546.0,55183.445899022714
2022-03-21,51219.0,52829.57153723709
2022-03-22,51580.0,52761.76199127856
2022-03-23,51841.0,52909.94542153276
2022-03-24,51687.0,53523.56651526268
2022-03-25,51442.0,52095.103368203
2022-03-28,50730.0,52465.1843454649
2022-03-29,51042.0,50359.936702187726
2022-03-30,51633.0,50408.82199312337
2022-03-31,51264.0,51621.30795625506
2022-04-01,51229.0,50846.81103873124
2022-04-04,51619.0,50874.59609263223
2022-04-05,51433.0,52306.63331720655
2022-04-06,51681.0,51792.016877766546
2022-04-07,51854.0,50841.04850715708
2022-04-08,51985.0,51212.03693958134
2022-04-11,52656.0,51270.87920618055
2022-04-12,52871.0,50619.32259275211
2022-04-13,52793.0,50035.20825721007
2022-04-14,53104.0,50218.606511235244
2022-04-18,52603.0,50302.24087562717
2022-04-19,52499.0,51270.46445599593
2022-04-20,52356.0,50733.10582573846
2022-04-21,52250.0,50649.37873260597
2022-04-22,51462.0,50356.19628063227
2022-04-25,51655.0,51069.529608255325
2022-04-26,51357.0,50934.500457539376
2022-04-27,51391.0,49463.178887443486
2022-04-28,51809.0,49308.82625408523
2022-04-29,50831.0,50532.18450138374
2022-05-02,51022.0,50429.649191145145
2022-05-03,50836.0,50844.18449419408
2022-05-04,51653.0,50542.9578992055
2022-05-05,51381.0,50841.04340825167
2022-05-06,51026.0,50771.09046013089
2022-05-09,50662.0,50574.95980122278
2022-05-10,50862.0,51374.02120307011
2022-05-11,50249.0,50551.41251831614
2022-05-12,49944.0,50533.00296340505
2022-05-13,50291.0,50229.86023508403
2022-05-16,50237.0,50421.53879467343
2022-05-17,50235.0,49981.50849357733
2022-05-18,50579.0,50609.633737187585
2022-05-19,50842.0,51627.22204367871
2022-05-20,50934.0,52167.61910664527
2022-05-23,51146.0,52309.255601759025
2022-05-24,50815.0,52340.006984252606
2022-05-25,50858.0,52003.92023552842
2022-05-26,50961.0,51875.65437141806
2022-05-27,50908.0,52117.92388101336
2022-05-30,50924.0,50974.422120602736
2022-05-31,50504.0,51167.927008732164
2022-06-01,51078.0,51358.62302921549
2022-06-02,51287.0,50539.88441722943
2022-06-03,50871.0,50748.68035691598
2022-06-06,50929.0,50538.56342198952
2022-06-07,51036.0,50734.32908013465
2022-06-08,50971.0,50543.246100179116
2022-06-09,51645.0,50563.916218549915
2022-06-10,50682.0,51015.61630955995
2022-06-13,50251.0,50456.11788551827
2022-06-14,50433.0,50318.62016954789
2022-06-15,50945.0,50812.13523582854
2022-06-16,50824.0,51750.2954118511
2022-06-17,50748.0,51841.81518713366
2022-06-20,50775.0,51639.07580598773
2022-06-21,50898.0,51452.01712212794
2022-06-22,50608.0,51448.89447531402
2022-06-23,50614.0,51808.57319209457
2022-06-24,50681.0,52094.44131654036
2022-06-27,50824.0,51680.2534270159
2022-06-28,50836.0,51657.69855617178
2022-06-29,50719.0,51405.01686202355
2022-06-30,52227.0,51666.4127958817
2022-07-01,51808.0,52383.23759410357
2022-07-04,52238.0,52034.77177704894
2022-07-05,50581.0,51864.943529651144
2022-07-06,50691.0,52794.36944050221
2022-07-07,50832.0,52258.793945346355
2022-07-08,50709.0,51657.589519760644
2022-07-11,50532.0,51590.42169917196
2022-07-12,50849.0,51231.9808492138
2022-07-13,50323.0,51764.01250906219
2022-07-14,50212.0,52297.86422237204
2022-07-15,50457.0,51154.10443153763
2022-07-18,50395.0,52007.366486363295
2022-07-19,50309.0,51849.71998663853
2022-07-20,50427.0,52366.59397871768
2022-07-21,50720.0,52841.78270976213
2022-07-22,50567.0,53414.12802006567
2022-07-25,50612.0,52779.61119190876
2022-07-26,50722.0,52789.71286781203
2022-07-27,51274.0,52658.35255661252
2022-07-28,51365.0,53266.24223147568
2022-07-29,51260.0,52886.84689987018
2022-08-01,51274.0,53113.4349653872
2022-08-02,51216.0,53271.0483271947
2022-08-03,51802.0,51621.038336250276
2022-08-04,51641.0,51577.49372484309
2022-08-05,52183.0,51656.91539302702
2022-08-08,52383.0,51875.57554347356
2022-08-09,52184.0,51242.48117222709
2022-08-10,52246.0,51645.97686932189
2022-08-11,52456.0,52070.04049858927
2022-08-12,51821.0,51644.396137957636
2022-08-16,51563.0,51786.73848339225
2022-08-17,51642.0,51880.59513322224
2022-08-18,51517.0,51474.2203111
2022-08-19,51217.0,51605.735905966685
2022-08-22,51458.0,51871.010243044264
2022-08-23,51480.0,52153.779259352945
2022-08-24,51628.0,51950.946212409915
2022-08-25,51242.0,52272.019089521105
2022-08-26,51181.0,51492.10473816883
2022-08-29,50701.0,51233.78360018012
2022-08-30,50520.0,50957.23464702799
2022-08-31,50169.0,50947.64246624923
2022-09-01,50313.0,51086.137298015965
2022-09-02,50604.0,51108.849878435365
2022-09-05,50354.0,51017.31396372988
2022-09-06,50570.0,51314.00608109951
2022-09-07,50429.0,51704.78438638167
2022-09-08,50592.0,51676.983946839326
2022-09-09,50696.0,51839.62015232144
2022-09-12,50233.0,52727.641057921945
2022-09-13,50101.0,51343.89973285596
2022-09-14,49394.0,51474.98707177235
2022-09-15,49451.0,51927.261841731684
2022-09-16,49361.0,52333.021084688015
2022-09-19,49218.0,52313.107037095026
2022-09-20,49428.0,51954.31248790437
2022-09-21,49955.0,52608.87590964042
2022-09-22,49382.0,53661.43880624231
2022-09-23,49110.0,52902.48547466516
2022-09-26,49160.0,52940.95532003724
2022-09-27,49726.0,52500.829567974826
2022-09-28,49902.0,53555.63007494518
2022-09-29,50029.0,54632.450518366335
2022-09-30,50245.0,54716.04078000358
2022-10-03,51127.0,54226.77818056246
2022-10-04,51361.0,55879.474149551475
2022-10-05,51711.0,55351.13282123526
2022-10-06,51716.0,54696.41301208372
2022-10-07,50871.0,54866.407156709865
2022-10-10,50874.0,54254.950075937326
2022-10-11,50713.0,52938.3490801641
2022-10-12,50615.0,53411.67543754822
2022-10-13,50067.0,54368.7953213508
2022-10-14,50231.0,53973.52685676388
2022-10-17,50192.0,53864.41225673758
2022-10-18,49981.0,53715.41987817875
2022-10-19,49938.0,54655.17360101938
2022-10-20,50361.0,54760.6914516203
2022-10-21,50319.0,54867.71754812216
2022-10-24,50353.0,54471.99836224643
2022-10-25,50411.0,54357.435394812106
2022-10-26,50450.0,53984.322205345976
2022-10-27,49956.0,54028.33658911906
2022-10-28,50070.0,53181.426027636546
2022-10-31,50250.0,53747.10738125694
2022-11-01,50414.0,53760.05154413734
2022-11-02,49876.0,53855.38732331325
2022-11-03,50615.0,52815.3609617162
2022-11-04,50901.0,54188.32444891796
2022-11-07,51581.0,53857.21778369905
2022-11-08,51474.0,53647.36099287395
2022-11-09,52033.0,53497.786535381485
2022-11-10,52275.0,53747.52624665328
2022-11-11,52601.0,54444.97661457995
2022-11-14,52545.0,54738.57868011741
2022-11-15,52883.0,55028.59250981861
2022-11-16,52698.0,55473.661375228054
2022-11-17,52501.0,55507.3627139627
2022-11-18,52201.0,55515.18600187381
2022-11-21,52161.0,55101.41281318585
2022-11-22,52259.0,54872.01363506601
2022-11-23,52494.0,54511.496202855655
2022-11-24,52386.0,54298.07900946265
2022-11-25,52148.0,54453.38642913574
2022-11-28,52357.0,54542.276717013156
2022-11-29,52434.0,54677.48900925608
2022-11-30,53339.0,54496.36225863219
2022-12-01,53346.0,55018.24664808945
2022-12-02,53300.0,54676.4180028557
2022-12-05,53446.0,54244.760575767934
2022-12-06,53665.0,54334.040250117694
2022-12-07,53741.0,54366.057306719325
2022-12-08,53950.0,54323.89923915818
2022-12-09,53791.0,54526.22126117913
2022-12-12,54376.0,54525.196092910825
2022-12-13,54340.0,55070.004924802815
2022-12-14,53795.0,54593.538884241956
2022-12-15,53957.0,54690.933094551736
2022-12-16,53945.0,54708.711286636695
2022-12-19,54541.0,54322.882429301346
2022-12-20,54684.0,55469.35532761574
2022-12-21,54066.0,55334.296496953095
2022-12-22,54104.0,55276.17308160563
2022-12-23,54230.0,55316.41583829335
2022-12-26,54546.0,55093.0934460727
2022-12-27,54324.0,55552.72612027091
2022-12-28,54642.0,54798.210473201965
2022-12-29,54779.0,54968.443883991764
2022-12-30,55016.0,55007.31784332397
2023-01-02,55380.0,55383.73600648287
2023-01-03,55688.0,55874.85326254216
2023-01-04,55071.0,55484.91258899428
2023-01-05,55628.0,56188.66179492959
2023-01-06,55792.0,55661.11606028821
2023-01-09,55642.0,55609.852498747554
2023-01-10,55641.0,55506.0858915496
2023-01-11,55801.0,55753.882647423
2023-01-12,56224.0,55958.80397713826
2023-01-13,56414.0,55765.94432779685
2023-01-16,56306.0,55854.66446214099
2023-01-17,56220.0,55424.57803461406
2023-01-18,56443.0,55686.135645072354
2023-01-19,56569.0,56075.05825755337
2023-01-20,56705.0,56181.940836296875
2023-01-23,56881.0,56139.714132128465
2023-01-24,56865.0,56084.64994592239
2023-01-25,56789.0,56129.98186641132
2023-01-27,56754.0,56146.89967426609
2023-01-30,56864.0,56122.09816557215
2023-01-31,57599.0,56264.538019715576
2023-02-01,57710.0,56384.22678851601
2023-02-02,57424.0,56278.6592907101
2023-02-03,56926.0,56401.37369356433
2023-02-06,57175.0,56220.768396407686
2023-02-07,57128.0,56136.39670018971
2023-02-08,56797.0,55733.964517043845
2023-02-09,56711.0,56299.917875076826
2023-02-10,56486.0,56205.558478013496
2023-02-13,56679.0,55319.10690432892
2023-02-14,56151.0,55920.30165743404
2023-02-15,56229.0,55501.42116509733
2023-02-16,56232.0,55090.280906870015
2023-02-17,56202.0,55532.10723797237
2023-02-20,56157.0,55498.15366805968
2023-02-21,56060.0,55760.95504054187
2023-02-22,55630.0,55362.09929968675
2023-02-23,55535.0,55413.75748227434
2023-02-24,55447.0,55288.18667333139
2023-02-27,55714.0,55514.51140894443
2023-02-28,56047.0,55307.711456245066
2023-03-01,55915.0,55885.86669070618
2023-03-02,55879.0,56006.76707701463
2023-03-03,55752.0,56161.76489331323
2023-03-06,55077.0,56265.886143194824
2023-03-07,54955.0,55298.30596252641
2023-03-08,55272.0,55168.91443796979
2023-03-09,56101.0,55768.083649721935
2023-03-10,57539.0,57669.498396935436
2023-03-13,57417.0,57791.476029291625
2023-03-14,58263.0,58043.673888507845
2023-03-15,57942.0,58617.85473843984
2023-03-16,59231.0,58717.09682450037
2023-03-17,59424.0,59390.45685410716
2023-03-20,58520.0,59299.82722049209
2023-03-21,58684.0,59622.04572235026
2023-03-22,59436.0,59334.885824130324
2023-03-23,59226.0,59483.65087848646
2023-03-24,58496.0,59440.242342029094
2023-03-27,58986.0,59125.613882372214
2023-03-28,58997.0,59575.009727007884
2023-03-29,59389.0,59000.305544239534
2023-03-30,59314.0,59603.68146826184
2023-03-31,59600.0,60006.934093412034
2023-04-03,60435.0,60263.98660945188
2023-04-04,60366.0,60107.87710023919
2023-04-05,60276.0,60005.37612418751
2023-04-06,59867.0,59737.44563127209
2023-04-10,60281.0,59198.309029205884
2023-04-11,60404.0,59465.01021306978
2023-04-12,60987.0,59673.398413195806
2023-04-13,60145.0,59663.95982214755
2023-04-14,60051.0,59864.66919751086
2023-04-17,60331.0,59731.478641981754
2023-04-18,60172.0,59668.32805771728
2023-04-19,60389.0,60652.20911907088
2023-04-20,59810.0,60503.422383618235
2023-04-21,59928.0,59570.559646519774
2023-04-24,60123.0,59513.75863319249
2023-04-25,59849.0,59568.696950679245
2023-04-26,59913.0,59258.34236157493
2023-04-27,60057.0,59621.23180342329
2023-04-28,59979.0,59592.1647761774
2023-05-01,60787.0,59081.618594464715
2023-05-02,61073.0,60013.719967873665
2023-05-03,61683.0,59648.851548848485
2023-05-04,60799.0,59655.7790666479
2023-05-05,60916.0,60509.22921148375
2023-05-08,61359.0,59459.34252690248
2023-05-09,61207.0,59532.93499384918
2023-05-10,60886.0,60132.92165012499
2023-05-11,60843.0,59807.214163704826
2023-05-12,60987.0,60047.37362770738
2023-05-15,60280.0,59810.06682732246
2023-05-16,60189.0,59739.13923838277
2023-05-17,59758.0,59337.83310982419
2023-05-18,60389.0,58766.317909384175
2023-05-19,60271.0,60098.9178581689
2023-05-22,60220.0,59978.51790038645
2023-05-23,59918.0,59550.16408224107
2023-05-24,59493.0,58994.87469815418
2023-05-25,59430.0,58592.07267537961
2023-05-26,59358.0,58463.50538845461
2023-05-29,59845.0,58074.711353746585
2023-05-30,60252.0,58567.216439893076
2023-05-31,60033.0,60229.588862376644
2023-06-01,59656.0,59922.07019365763
2023-06-02,59805.0,59058.20735929006
2023-06-05,59902.0,59718.623683863436
2023-06-06,59511.0,59117.17932289455
2023-06-07,59809.0,59056.51525661999
2023-06-08,59777.0,60353.47314613492
2023-06-09,59595.0,59901.12871228358
2023-06-12,59222.0,59710.105088370285
2023-06-13,59249.0,58819.36342726407
2023-06-14,59249.0,59212.34183731197
2023-06-15,59249.0,59556.54526835438
2023-06-16,59043.0,59100.0805371975
2023-06-19,58721.0,59280.458235416285
2023-06-20,58630.0,59281.484884631165
2023-06-21,58144.0,58928.83018663517
2023-06-22,58188.0,58464.83873010098
2023-06-23,58256.0,58825.9548950861
2023-06-26,58015.0,58342.99364930494
2023-06-27,57796.0,58274.10617701254
2023-06-28,57578.0,58367.68412763574
2023-06-29,58020.0,58146.21036572961
2023-06-30,58119.0,58582.99506816678
2023-07-03,58194.0,58971.12982970362
2023-07-04,58308.0,59091.12307165566
2023-07-05,58385.0,59371.17920849121
2023-07-06,58747.0,59581.739467589854
2023-07-07,58635.0,61073.823243309445
2023-07-10,58737.0,60636.428652560986
2023-07-11,59113.0,60496.86101496574
2023-07-12,59185.0,60542.96421791489
2023-07-13,59229.0,60540.59647732
2023-07-14,59061.0,60738.744065548504
2023-07-17,59633.0,60802.09038466424
2023-07-18,59683.0,61009.69914322592
2023-07-19,59459.0,61569.8011395639
2023-07-20,59221.0,60919.19650381694
2023-07-21,59013.0,60789.99332276069
2023-07-24,59120.0,59814.220605983275
2023-07-25,59347.0,60732.48880443573
2023-07-26,58878.0,60499.36116456433
2023-07-27,59288.0,60608.92439709728
2023-07-28,59628.0,60961.622759652964
2023-07-31,59048.0,61121.10849192085
2023-08-01,59117.0,61560.07936284332
2023-08-02,59078.0,61098.88335635532
2023-08-03,59124.0,61122.91078936019
2023-08-04,59201.0,61062.02779914918
2023-08-07,58997.0,60996.48426430638
2023-08-08,58719.0,60984.79550525332
2023-08-09,58605.0,60803.32193247294
2023-08-10,58629.0,59927.22478938182
2023-08-11,58663.0,60355.035330452054
2023-08-14,58413.0,60007.25227561709
2023-08-16,58027.0,59504.02721907936
2023-08-17,58098.0,59234.86522558396
2023-08-18,58164.0,58966.85122783425
2023-08-21,58221.0,59196.481800192116
2023-08-22,58430.0,59233.162365757744
2023-08-23,58436.0,60356.579337211326
2023-08-24,58273.0,60526.620945275215
2023-08-25,58497.0,60518.329157466826
2023-08-28,58843.0,60970.91450780164
2023-08-29,59117.0,62364.96585677706
2023-08-30,59113.0,62160.837591355834
2023-08-31,59106.0,61960.73095127741
2023-09-01,59385.0,61956.83941383025
2023-09-04,59301.0,61760.6081689646
2023-09-05,59111.0,62378.837678414064
2023-09-06,59016.0,61284.456972799424
2023-09-07,58905.0,61969.7982779983
2023-09-08,58941.0,61647.724369534444
2023-09-11,58642.0,61592.85017291142
2023-09-12,58610.0,62089.87420028324
2023-09-13,58608.0,61331.67135186819
2023-09-14,58992.0,61604.66846924412
2023-09-15,59212.0,61450.124200864244
2023-09-18,59265.0,62306.13701343301
2023-09-19,59363.0,62145.95697175698
2023-09-20,58853.0,61965.379293033424
2023-09-21,58896.0,61811.505896196206
2023-09-22,58707.0,61638.840188271824
2023-09-25,58478.0,61446.93753351418
2023-09-26,57759.0,61052.895519160666
2023-09-27,57146.0,60878.883359227315
2023-09-28,57061.0,60469.21680889728
2023-09-29,56385.0,60647.99504308472
2023-10-03,56229.0,61219.75917276377
2023-10-04,56112.0,60986.72561637085
2023-10-05,56582.0,61266.93542488319
2023-10-06,57268.0,61474.87272632286
2023-10-09,57364.0,62758.21377414506
2023-10-10,57636.0,62822.83536219886
2023-10-11,57613.0,62974.16404820853
2023-10-12,58993.0,63629.32499009855
2023-10-13,58993.0,65014.77912701867
2023-10-16,58922.0,63870.93061257553
2023-10-17,59680.0,63930.476082827954
2023-10-18,59935.0,64737.07603052212
2023-10-19,60405.0,66086.24436879982
2023-10-20,60402.0,66718.55336932642
2023-10-23,60351.0,66767.42649740187
2023-10-24,60652.0,66340.04595659842
2023-10-25,60735.0,67018.65983395299
2023-10-26,60952.0,67078.2526833879
2023-10-27,61077.0,65953.31562166609
2023-10-30,60879.0,65478.443510868055
2023-10-31,60757.0,65507.27998911883
2023-11-01,60805.0,66345.6966144987
2023-11-02,60829.0,65122.99474527841
2023-11-03,60818.0,64926.59648856508
2023-11-06,60365.0,64097.87356080612
2023-11-07,60043.0,64518.69864657547
2023-11-08,60271.0,64576.732659828
2023-11-09,59697.0,64600.31280072648
2023-11-10,59785.0,63075.00762027245
2023-11-12,59844.0,63699.36099865415
2023-11-13,60083.0,62915.5714933704
2023-11-14,60120.0,63029.9713286867
2023-11-15,60654.0,64639.49522169731
2023-11-16,60678.0,64780.40027556445
2023-11-17,60657.0,65815.06572390972
2023-11-20,61212.0,64582.17797757654
2023-11-21,61065.0,65475.029260769035
2023-11-22,61093.0,65323.27538380832
2023-11-23,61352.0,64965.47893078918
2023-11-24,61557.0,65193.219517826336
2023-11-27,62409.0,64940.433146885654
2023-11-28,62470.0,66171.12242517833
2023-11-29,62639.0,65589.33202141132
2023-11-30,62876.0,65100.68046328112
2023-12-01,62302.0,65432.55874892229
2023-12-04,62600.0,64694.087413418856
2023-12-05,62269.0,65653.22379928242
2023-12-06,62290.0,65060.558894045615
2023-12-07,61597.0,65012.648550456426
2023-12-08,60986.0,65830.308090707
2023-12-11,60984.0,65155.55788255829
2023-12-12,60992.0,65336.33500424776
2023-12-13,62229.0,63621.97349604578
2023-12-14,61991.0,66731.15598684174
2023-12-15,62057.0,65474.655105176826
2023-12-18,62211.0,66041.07947749506
2023-12-19,62151.0,66477.26561574974
2023-12-20,62257.0,66052.6616732593
2023-12-21,62657.0,66445.58246590548
2023-12-22,62722.0,67102.29932846905
2023-12-26,63292.0,67182.21239453186
2023-12-27,63119.0,66404.90880486285
2023-12-28,62954.0,66509.82603206395
2023-12-29,63001.0,65067.69221017213
2024-01-01,63039.0,66160.78044546458
2024-01-02,62294.0,66259.96436529573
2024-01-03,62444.0,66554.39465875253
2024-01-04,62627.0,66020.68545958205
2024-01-05,62140.0,66313.62550811446
2024-01-08,62211.0,66470.11671050028
2024-01-09,62047.0,66788.4078573723
2024-01-10,61830.0,66215.3768682515
2024-01-11,62372.0,65953.57086804078
2024-01-12,62567.0,67110.02819311315
2024-01-15,62065.0,66125.94628330524
2024-01-16,61561.0,66395.91496623181
2024-01-17,61791.0,65315.2644090916
2024-01-18,62021.0,65467.77544136074
2024-01-19,61888.0,66934.26917119183
2024-01-22,62003.0,66420.42254173112
2024-01-23,62072.0,66553.73557013947
2024-01-24,62036.0,66661.76199469256
2024-01-25,62234.0,66904.75666469651
2024-01-29,62371.0,67157.97704264757
2024-01-30,62865.0,67870.87732664986
2024-01-31,63079.0,67939.23331613599
2024-02-01,62639.0,67127.81904471426
2024-02-02,62542.0,67255.38941907999
2024-02-05,62322.0,67336.37561800165
2024-02-06,62305.0,66693.84135541464
2024-02-07,62219.0,66532.5600587468
2024-02-08,62105.0,66857.62085420928
2024-02-09,61856.0,66514.36247800042
2024-02-12,61267.0,66497.85072881954
2024-02-13,61170.0,65211.96396153207
2024-02-14,61306.0,64921.21788586043
2024-02-15,61498.0,64601.15210238125
2024-02-16,61641.0,65249.154496883704
2024-02-19,61810.0,66601.27537978003
2024-02-20,61744.0,66879.52477426964
2024-02-21,61661.0,66574.70680177626
2024-02-22,61910.0,66635.50270890696
2024-02-23,61766.0,67648.5889569732
2024-02-26,61839.0,67403.60279237153
2024-02-27,61792.0,67394.31838121089
2024-02-28,62293.0,67202.91712983267
2024-02-29,63135.0,67491.81068629665
2024-03-01,63605.0,68502.88420971426
2024-03-04,64193.0,68743.08102397973
2024-03-05,65042.0,68878.86022380515
2024-03-06,65246.0,69096.25824605089
2024-03-07,65847.0,69171.07119595057
2024-03-08,65872.0,70164.622647117
2024-03-11,65334.0,68869.7089916601
2024-03-12,65717.0,69091.42391295041
2024-03-13,65435.0,69047.93625292003
2024-03-14,65367.0,69072.03629373111
2024-03-15,65429.0,69013.17936072465
2024-03-18,65431.0,68904.28573820606
2024-03-19,65556.0,69419.00730655539
2024-03-20,65939.0,69067.95867424716
2024-03-21,65686.0,69810.76090402568
2024-03-22,65862.0,69362.27838442811
2024-03-25,66027.0,69599.1110898976
2024-03-26,66295.0,70551.6070284301
2024-03-27,67592.0,69726.63096497768
2024-03-28,68263.0,70926.84502569347
2024-04-01,68802.0,70431.98410858556
2024-04-02,69725.0,71367.42005942149
2024-04-03,69612.0,71943.92206911431
2024-04-04,70701.0,71430.6156972319
2024-04-05,70607.0,73069.74145237874
2024-04-08,71130.0,70551.87488358506
2024-04-09,71127.0,73073.25604545318
2024-04-10,71514.0,72877.82471585368
2024-04-11,71857.0,72892.96316002612
2024-04-12,72329.0,74396.73138520907
2024-04-15,73109.0,75497.04207333985
2024-04-16,72695.0,74849.45436852331
2024-04-17,73016.0,76223.40707952934
2024-04-18,73246.0,75772.79634272247
2024-04-19,71936.0,75904.80572794074
2024-04-22,71590.0,74683.58375368362
2024-04-23,71692.0,75573.2277408697
2024-04-24,71725.0,74351.33556702707
2024-04-25,72107.0,75412.53487589919
2024-04-26,72250.0,74228.4291590095
2024-04-29,70969.0,73880.78241515285
2024-04-30,71274.0,72812.04790800696
2024-05-01,71119.0,72896.57159644103
2024-05-02,70998.0,73059.5285689108
2024-05-03,71321.0,72716.88805731884
2024-05-06,71136.0,73496.99561351893
2024-05-07,71129.0,70255.83280133299
2024-05-08,71586.0,70975.48831482399
2024-05-09,72595.0,72034.51617726896
2024-05-10,71819.0,74754.05523183507
2024-05-13,72213.0,73375.75980656662
2024-05-14,73001.0,73947.32945484643
2024-05-15,72896.0,74670.06760609131
2024-05-16,73593.0,74521.11945455501
2024-05-17,74283.0,75531.98574236153
2024-05-20,73970.0,75355.01935141016
2024-05-21,73027.0,74980.06085799834
2024-05-22,71632.0,74153.74793881332
2024-05-23,71380.0,73686.49762292547
2024-05-24,72001.0,72463.0497160082
2024-05-27,72145.0,72569.5219763594
2024-05-28,71993.0,72782.76499799616
2024-05-29,71852.0,72217.47921672204
2024-05-30,71703.0,73602.55145523461
2024-05-31,71818.0,72248.7754585311
2024-06-03,71782.0,74605.51683429957
2024-06-04,72485.0,74592.62102872028
2024-06-05,72963.0,73934.70962210119
2024-06-06,71308.0,74186.26802937886
2024-06-07,71303.0,74574.67695274227
2024-06-10,71346.0,77156.16902692322
2024-06-11,71796.0,73300.249301463
2024-06-12,71030.0,75824.2626750079
2024-06-13,71691.0,73154.145831616
2024-06-14,71285.0,74433.71684125466
2024-06-17,71503.0,73208.00154507744
2024-06-18,71519.0,73840.86781014902
2024-06-19,72258.0,74206.25874712144
2024-06-20,71429.0,74750.97612102129
2024-06-21,71512.0,75107.25293394225
2024-06-24,71201.0,74089.53780564814
2024-06-25,70919.0,74507.1459940228
2024-06-26,71303.0,73818.37984943141
2024-06-27,71275.0,74884.00654495289
2024-06-28,71329.0,74268.39810907836
2024-07-01,71357.0,74482.54948029038
2024-07-02,72160.0,74163.3087645394
2024-07-03,72151.0,75834.78059565171
2024-07-04,73255.0,75159.50091503772
2024-07-05,72332.0,74503.42063176123
2024-07-08,72385.0,75378.75561442516
2024-07-09,72629.0,74844.89017547396
2024-07-10,73205.0,74731.77428108048
2024-07-11,73159.0,73520.72223144105
2024-07-12,73311.0,73601.0954701844
2024-07-15,74025.0,74596.17288303663
2024-07-16,73924.0,75419.26862274988
2024-07-17,73965.0,74732.02601976533
2024-07-18,72872.0,75754.48350664269
2024-07-19,72641.0,75388.9662565292
2024-07-22,68648.0,75034.72464405914
2024-07-23,69028.0,80122.27114626757
2024-07-24,67491.0,81053.3012190703
2024-07-25,68173.0,80206.28412956336
2024-07-26,68206.0,80227.16072569382
2024-07-29,68617.0,82192.62222176128
2024-07-30,69083.0,81212.73096447755
2024-07-31,69412.0,83249.53991322644
2024-08-01,69381.0,85464.21800006449
2024-08-02,68641.0,85634.04150512502
2024-08-05,68742.0,85618.52525776523
2024-08-06,68752.0,81256.1412865318
2024-08-07,69396.0,80654.18693717197
2024-08-08,69604.0,81943.75546927784
2024-08-09,70354.0,81848.37907739777
2024-08-12,70356.0,83061.28417193682
2024-08-13,69874.0,82492.13239783402
2024-08-14,70938.0,82541.17321622504
2024-08-16,71138.0,83560.32392880536
2024-08-19,71340.0,82817.53468300626
2024-08-20,71407.0,82780.17482315552
2024-08-21,70796.0,80002.0509899302
2024-08-22,71295.0,79046.60685689918
2024-08-23,71500.0,80104.36060884346
2024-08-26,71551.0,78997.83173678142
2024-08-27,71328.0,78480.05272490987
2024-08-28,71666.0,78557.44160168301
2024-08-29,71195.0,77634.32689768162
2024-08-30,71233.0,77279.03958182337
2024-09-02,70807.0,77134.43035343269
2024-09-03,71053.0,77637.49425985714
2024-09-04,71890.0,77230.26193807273
2024-09-05,71409.0,76946.48441709043
2024-09-06,71573.0,77829.59436322791
2024-09-09,71821.0,78769.85671626666
2024-09-10,71878.0,78719.96661609646
2024-09-11,72681.0,80023.81783289961
2024-09-12,73367.0,79386.73227688951
2024-09-13,73422.0,79855.64825918616
2024-09-16,73022.0,78906.87082511357
2024-09-17,73029.0,79210.5312504736
2024-09-18,73357.0,79060.13703723432
2024-09-19,73977.0,81688.280034531
2024-09-20,74183.0,79588.21252666008
2024-09-23,74886.0,79945.15343824332
2024-09-24,75167.0,80682.3918489549
2024-09-25,75339.0,79310.43892447793
2024-09-26,74878.0,79468.42834401109
2024-09-27,74844.0,78943.75996792574
2024-09-30,75660.0,79208.84591541332
2024-10-01,75827.0,79884.99534410755
2024-10-03,75759.0,79233.54513273141
2024-10-04,75657.0,79548.49679271324
2024-10-07,74799.0,78462.53845702963
2024-10-08,74512.0,78935.20253975446
2024-10-09,74834.0,79417.41864143472
2024-10-10,75738.0,78799.89415245803
2024-10-11,75553.0,79869.79980025432
2024-10-14,75838.0,78030.53084968105
2024-10-15,76163.0,78961.63811378708
2024-10-16,76540.0,79334.67216519671
2024-10-17,77159.0,79406.15334399353
2024-10-18,77508.0,80681.59988305056
2024-10-21,78241.0,80391.64740481034
2024-10-22,77482.0,80443.06471402105
2024-10-23,77872.0,79925.10517461135
2024-10-24,78009.0,80298.58042396992
2024-10-25,78159.0,79894.73870801828
2024-10-28,78865.0,81068.28257040393
2024-10-29,79257.0,80623.1769838371
2024-10-30,78326.0,80209.46532030059
2024-10-31,78829.0,79474.97583046311
2024-11-01,78401.0,78566.72800415824
2024-11-04,78490.0,77878.18910559964
2024-11-05,76689.0,78041.93369811658
2024-11-06,77386.0,81601.3880908776
2024-11-07,77248.0,83044.3790638916
2024-11-08,75382.0,81017.4591983975
2024-11-11,74918.0,81110.42601677442
2024-11-12,74514.0,83742.03431442796
2024-11-13,74151.0,82753.1195170638
2024-11-14,73965.0,82061.98196518101
2024-11-15,75039.0,82223.64114516546
2024-11-18,75555.0,82168.67078312488
2024-11-19,76008.0,83660.7673559913
2024-11-20,76689.0,83499.34842544993
2024-11-21,77579.0,83861.3839020993
2024-11-22,75377.0,84082.44953189396
2024-11-25,75293.0,86293.29222824809
2024-11-26,75788.0,87021.72096357995
2024-11-27,75761.0,86168.14973949811
2024-11-28,76485.0,82835.49260372896
2024-11-29,75815.0,85172.24918056966
2024-12-02,75934.0,86052.90605676448
2024-12-03,76036.0,85942.07082266653
2024-12-04,76353.0,83776.62144317107
2024-12-05,76185.0,86163.2858146806
2024-12-06,76999.0,84015.37052896143
2024-12-09,77745.0,83830.68984794916
2024-12-10,78287.0,84790.93403576026
2024-12-11,77400.0,85250.47943564049
2024-12-12,76592.0,87291.06219800087
2024-12-13,76486.0,85383.83312600527
2024-12-16,76314.0,83737.39648843145
2024-12-17,76115.0,82968.75230941916
2024-12-18,75191.0,83934.98633057541
2024-12-19,75786.0,83159.20374613727
2024-12-20,75506.0,83627.45677240124
2024-12-23,75562.0,83001.42566536431
2024-12-24,76114.0,82981.44466114859
2024-12-26,75783.0,81949.49238728234
2024-12-27,75517.0,81111.71473653273
2024-12-30,76232.0,80209.83536964525
2024-12-31,76214.0,82097.51143395109
2025-01-01,76849.0,82647.0364179615
2025-01-02,76813.0,82927.46993056584
2025-01-03,77149.0,82999.86502513781
2025-01-06,77514.0,83608.67416685962
2025-01-07,77737.0,86034.3842176194
2025-01-08,78068.0,84741.40947685127
2025-01-09,78398.0,85099.865517823
2025-01-10,78159.0,84738.88172946013
2025-01-13,78151.0,84581.11678669057
2025-01-14,78658.0,84170.58166675916
2025-01-15,79160.0,84986.18439550394
2025-01-16,79003.0,85602.24342272907
2025-01-17,78530.0,87073.19344601099
2025-01-20,79179.0,86445.18410456175
2025-01-21,79535.0,85490.20230911071
2025-01-22,79594.0,84784.24049103951
2025-01-23,79944.0,84404.76635049787
2025-01-24,79510.0,84598.21197234515
2025-01-27,80163.0,84567.66579216775
2025-01-28,80310.0,84332.11370237819
2025-01-29,81539.0,84062.8391609936
2025-01-30,81836.0,85093.35588933609
2025-01-31,81663.0,85608.97077261933
2025-02-01,82625.0,86039.37139464976
2025-02-03,83162.0,86099.30298569879
2025-02-04,83976.0,86831.04637485802
2025-02-05,83856.0,86635.88825172526
2025-02-06,84378.0,88034.08049755327
2025-02-07,85308.0,89745.77154114639
2025-02-10,85113.0,93421.59543573348
2025-02-11,85024.0,93095.83206152305
2025-02-12,85368.0,97882.81594126279
2025-02-13,84331.0,95663.98311182045
2025-02-14,84759.0,94737.7371338432
2025-02-17,85742.0,96515.78394981935
2025-02-18,85719.0,93314.8238080789
2025-02-19,85830.0,93157.24205055807
2025-02-20,85795.0,93248.3717572255
2025-02-21,86030.0,91890.56529393091
2025-02-24,85589.0,91904.32301700198
2025-02-25,85837.0,91124.66559184503
2025-02-26,85123.0,89459.42256219493
2025-02-27,84269.0,89947.37858357957
2025-02-28,85355.0,87886.39036586716
2025-03-03,86007.0,91656.07897310068
2025-03-04,85848.0,90244.03427231955
2025-03-05,86002.0,92083.20740043357
2025-03-06,85896.0,91652.735684605
2025-03-07,85460.0,93248.35998329378
2025-03-10,86113.0,92023.96651006708
2025-03-11,86661.0,93048.03232619278
2025-03-12,87694.0,93903.84603441512
2025-03-13,87924.0,95203.7055709909
2025-03-14,87976.0,93035.29094765954
2025-03-17,88660.0,91167.88770511615
2025-03-18,88564.0,92200.42862542422
2025-03-19,88646.0,91332.68104656025
2025-03-20,87785.0,90630.02437657233
2025-03-21,87313.0,91046.09121556612
2025-03-24,87566.0,91413.03902450265
2025-03-25,87506.0,91158.80336884214
2025-03-26,88213.0,89633.30214279698
2025-03-27,88759.0,89905.15739207689
2025-03-28,90138.0,90914.83609490046
2025-03-31,90409.0,91532.41711496835
2025-04-01,90364.0,94751.52330671558
2025-04-02,89763.0,91809.3917378786
2025-04-03,87940.0,100901.57219534392
2025-04-04,86819.0,103308.64327014454
2025-04-07,87449.0,100265.71609009031
2025-04-08,89489.0,102745.3916098346
2025-04-09,91646.0,103310.80912523642
2025-04-10,93280.0,103102.49845499241
2025-04-11,92835.0,104372.8446809526
2025-04-14,93071.0,102886.94413138772
2025-04-15,95163.0,101096.72147589661
2025-04-16,94784.0,107879.34489984038
2025-04-17,96800.0,102068.02972105038
2025-04-21,97057.0,108481.47079021302
2025-04-22,94530.0,108311.4384532955
2025-04-23,95807.0,105724.55811403443
2025-04-24,95071.0,104850.65659065261
2025-04-25,96159.0,102308.32228728494
2025-04-28,95559.0,103708.6318113677
2025-04-29,94718.0,105739.00287689577
2025-04-30,92382.0,103074.26957994391
2025-05-01,92692.0,103397.99521284238
2025-05-02,94667.0,103460.61016528826
2025-05-05,97460.0,104013.22003686609
2025-05-06,97065.0,103343.84484087571
2025-05-07,96153.0,106482.23019504489
2025-05-08,96490.0,106139.72616478086
2025-05-09,92948.0,106535.8757132093
2025-05-12,93659.0,106042.1298642416
2025-05-13,92305.0,107002.7457509135
2025-05-14,93155.0,108624.0262187492
2025-05-15,92443.0,107332.14601071911
2025-05-16,93314.0,107910.67444427733
2025-05-19,94761.0,105248.93716199942
2025-05-20,95473.0,106269.71269597593
2025-05-21,95461.0,107333.1990513813
2025-05-22,96210.0,108483.58242607888
2025-05-23,95814.0,107543.96111422793
2025-05-26,95055.0,107408.15062556641
2025-05-27,95177.0,106814.13907055362
2025-05-28,95295.0,109146.28966387
2025-05-29,94712.0,103892.10187064648
2025-05-30,97393.0,104571.70462148561
2025-06-02,97208.0,99889.96928739244
2025-06-03,97973.0,103121.87373077057
2025-06-04,97415.0,104160.63511689281
2025-06-05,96645.0,107012.3049030996
2025-06-06,96703.0,106099.47847623282
2025-06-09,96442.0,107672.85695730387
2025-06-10,96267.0,107558.34775551858
2025-06-11,97786.0,109991.6696024248
2025-06-12,99555.0,108802.1216556459
2025-06-13,98594.0,107713.47477332053
2025-06-16,98911.0,105935.04218980564
2025-06-17,99045.0,107988.1916780227
2025-06-18,98868.0,106609.86308408974
2025-06-19,98574.0,108358.80513060521
2025-06-20,98852.0,109067.30843838422
2025-06-23,96521.0,109989.86736155028
2025-06-24,96760.0,108253.77713682236
2025-06-25,96452.0,108094.60797082398
2025-06-26,94908.0,105191.60583814065
2025-06-27,95678.0,101341.52101612491
2025-06-30,97239.0,101868.42402727311
2025-07-01,97351.0,100893.03913297757
2025-07-02,96801.0,102802.31208516829
2025-07-03,96967.0,104551.5169924374
2025-07-04,97231.0,106140.45334294038
2025-07-07,96485.0,104006.7092935803
2025-07-08,96451.0,108437.11216773267
2025-07-09,96678.0,106336.60988513469
2025-07-10,97759.0,106597.80170025452
2025-07-11,97749.0,111955.00236185564
2025-07-14,97214.0,115597.3101733583
2025-07-15,97758.0,111612.59858461369
2025-07-16,97454.0,115326.02326612198
2025-07-17,97965.0,113355.08729378351
2025-07-18,99217.0,115010.79138910491
2025-07-21,100168.0,113348.26599786073
2025-07-22,99304.0,115807.45464563476
2025-07-23,98668.0,113398.22980528239
2025-07-24,97842.0,114580.61133007954
2025-07-25,97505.0,112270.64582703522
2025-07-28,98125.0,109830.67472050416
2025-07-29,98003.0,106950.05350252015
2025-07-30,98358.0,105889.8596866329
2025-07-31,99240.0,102652.17746633958
2025-08-01,100607.0,108196.95516917847
2025-08-04,100765.0,109622.75097321322
2025-08-05,100687.0,115208.39617679852
2025-08-06,100835.0,113441.30082576264
2025-08-07,101212.0,116877.74122591007
2025-08-08,99785.0,117178.32084940112
2025-08-11,99620.0,116779.59514790674
2025-08-12,99656.0,118580.33291348067
2025-08-13,99362.0,117388.0501756589
2025-08-14,99020.0,114286.61076299411
2025-08-18,98359.0,114776.3525387602
2025-08-19,98903.0,106260.47474828137
2025-08-20,99035.0,109016.69333078599
2025-08-21,99857.0,105175.16899273354
2025-08-22,100118.0,108763.51347637779
2025-08-25,100531.0,108155.9306960276
2025-08-26,100967.0,103856.41198949832
2025-08-27,101481.0,101576.32125348812
2025-08-28,103164.0,99598.58440088708
2025-08-29,103904.0,102017.64974244335
2025-09-01,105695.0,100244.0797746725
2025-09-02,107080.0,104571.39271873047
2025-09-03,106310.0,114529.80704646617
2025-09-04,107605.0,110575.45666318056
2025-09-05,108393.0,122756.717980178
2025-09-08,108907.0,121476.87755191287
2025-09-09,108884.0,125435.68016503495
2025-09-10,108870.0,125200.8637701317
2025-09-11,109237.0,117923.36708590767
2025-09-12,110045.0,119088.35735918871
2025-09-15,110040.0,121494.4503349227
2025-09-16,109692.0,120361.72612923624
2025-09-17,108951.0,120129.84476198087
2025-09-18,109715.0,119510.12018523888
2025-09-19,112070.0,117113.05974751725
2025-09-22,113715.0,120208.07042600583
2025-09-23,112475.0,117313.91683135073
2025-09-24,112606.0,114642.85793591927
2025-09-25,113664.0,114261.6243493104
2025-09-26,115734.0,116477.16920155456
2025-09-29,116573.0,112983.36451514508
2025-09-30,116968.0,118426.22710600709
2025-10-01,117370.0,115275.3097212475
2025-10-03,119524.0,117178.78911306302
2025-10-06,120354.0,121905.67782654478
2025-10-07,122542.0,123971.64970316552
2025-10-08,119869.0,124028.24458333717
2025-10-09,120727.0,113778.0532486029
2025-10-10,123964.0,115388.65295667946
2025-10-13,125753.0,120193.16611772515
2025-10-14,126641.0,122980.30015719985
2025-10-15,128735.0,123469.41906921713
2025-10-16,125951.0,119927.92434464199
2025-10-17,129493.0,118995.39646312129
2025-10-20,127365.0,123489.23153704967
2025-10-21,121069.0,122006.63100013854
2025-10-22,123305.0,116555.19274683317
2025-10-23,122549.0,119566.3641031651
2025-10-24,120002.0,118395.35032330366
2025-10-27,118699.0,120141.51465763571
2025-10-28,119424.0,114989.6829729405
2025-10-29,120251.0,118247.69298115319
2025-10-30,121209.0,117395.48445137474
2025-10-31,121415.0,121940.98787631627
2025-11-03,119830.0,120283.99313802396
2025-11-04,120494.0,119714.81755155539
2025-11-05,120587.0,119865.84449631047
2025-11-06,121056.0,118733.4130251778
2025-11-07,123897.0,120048.34188527509
2025-11-10,123897.0,117787.09234814766
2025-11-11,126363.0,119735.00676205782
2025-11-12,126668.0,120219.31588453101
2025-11-13,123454.0,116208.57717730505
2025-11-14,122789.0,116208.76029602811
2025-11-17,122591.0,116761.95401207278
2025-11-18,122904.0,118043.59064472097
2025-11-19,122578.0,117116.28135199596
2025-11-20,123849.0,117118.54467129408
2025-11-21,123614.0,117198.69922243964
2025-11-24,124916.0,113477.45164361893
2025-11-25,125674.0,117145.94394072557
2025-11-26,125465.0,114253.84411660764
2025-11-27,126943.0,115994.64015510443
2025-11-28,128034.0,121990.21973356264
2025-12-01,128666.0,124278.43838840781
2025-12-02,129305.0,121249.80030453936
2025-12-03,128894.0,126355.09068516469
2025-12-04,129206.0,121433.86469886781
2025-12-05,128736.0,124637.82703393523
2025-12-08,128853.0,123026.35185632856
2025-12-09,128500.0,123316.19874416951
2025-12-10,130905.0,123290.65237414397
2025-12-11,131645.0,122068.87724417323
2025-12-12,132491.0,127407.50406228795
2025-12-15,132627.0,123777.6229213494
2025-12-16,133115.0,124851.01658105529
2025-12-17,132684.0,125252.1263801651
2025-12-18,132427.0,125723.55795260391
2025-12-19,134638.0,125348.7709377061
2025-12-22,135799.0,125974.64529225904
2025-12-23,136104.0,126573.10972920917
2025-12-24,137789.0,125990.42067013882
2025-12-26,132595.0,126394.59004661835
2025-12-29,133974.0,121171.14058572172
2025-12-30,135454.0,121961.4453732467
2025-12-31,135771.0,122487.63474118643
2026-01-01,135793.0,121048.88902726762
