Date,Actual,Predicted
2014-01-28,29835.0,28204.415000942463
2014-01-29,29499.0,29040.291262623698
2014-01-30,29482.0,29250.929832354297
2014-01-31,29789.0,27000.863390607632
2014-02-03,29534.0,28053.315133279433
2014-02-04,29719.0,28116.5822749356
2014-02-05,29231.0,29002.65828774277
2014-02-06,29310.0,29079.69562669404
2014-02-07,29471.0,27188.47842140232
2014-02-10,29670.0,27576.089131148274
2014-02-11,29698.0,27137.921881896116
2014-02-12,29726.0,26387.61238508801
2014-02-13,29932.0,26416.127612086762
2014-02-14,30664.0,26230.82241630909
2014-02-17,30766.0,28817.965257766013
2014-02-18,30712.0,28896.632675157747
2014-02-19,30608.0,27029.04694202926
2014-02-20,30677.0,27999.96824091066
2014-02-21,30927.0,28392.880304417562
2014-02-24,30972.0,28371.82071721136
2014-02-25,30810.0,27633.186714243937
2014-02-26,30839.0,27295.206493003338
2014-02-27,30634.0,26562.235420386285
2014-02-28,32051.0,26471.578637728493
2014-03-03,31126.0,30881.54176080258
2014-03-04,32351.0,32096.83942785597
2014-03-05,30416.0,30178.322527680666
2014-03-06,30307.0,30070.436841921157
2014-03-07,30327.0,30089.4174970916
2014-03-10,30421.0,30182.67380767088
2014-03-11,30627.0,30386.55618479988
2014-03-12,30697.0,30455.597261110124
2014-03-13,30719.0,30479.382484184942
2014-03-14,30557.0,30317.868668715717
2014-03-17,30389.0,30151.106323465196
2014-03-18,30169.0,30406.208757245862
2014-03-19,29924.0,29689.490015382766
2014-03-20,29850.0,29615.880874314284
2014-03-21,29182.0,29141.424968173633
2014-03-24,28971.0,28744.05722221269
2014-03-25,28595.0,28820.680278648695
2014-03-26,28521.0,28536.29863599169
2014-03-27,28434.0,28611.012891968025
2014-03-28,28470.0,28694.17135231007
2014-03-31,28116.0,28337.66200714644
2014-04-01,28404.0,28628.52363286693
2014-04-02,28460.0,28684.2442377692
2014-04-03,28519.0,27598.388049286088
2014-04-04,28549.0,28326.269004165366
2014-04-05,28574.0,28402.456966346093
2014-04-07,28754.0,27251.917906093557
2014-04-08,28710.0,26894.04869433769
2014-04-09,29094.0,26433.41281393025
2014-04-10,29085.0,26541.796893221854
2014-04-11,29350.0,26549.77051219151
2014-04-14,29342.0,26698.255365082
2014-04-15,29290.0,28470.33650789018
2014-04-16,29293.0,27966.023754293452
2014-04-17,29339.0,26953.045560538998
2014-04-19,29548.0,28052.312041743964
2014-04-21,29423.0,27971.778423847667
2014-04-22,29752.0,27329.604895751174
2014-04-23,29741.0,28405.88398902945
2014-04-25,29695.0,27534.770993926264
2014-04-27,29824.0,29380.986231994673
2014-04-28,29713.0,27677.63897576343
2014-04-29,31014.0,26035.68262267255
2014-04-30,30380.0,30143.199721498844
2014-05-01,30182.0,30421.183384876465
2014-05-02,29967.0,29732.548675109207
2014-05-05,29109.0,28880.721510537107
2014-05-06,28747.0,28973.966039698793
2014-05-07,28734.0,28960.684304305785
2014-05-08,28741.0,28515.599527676248
2014-05-09,28860.0,28634.0616581503
2014-05-12,28673.0,28899.024726810258
2014-05-13,28911.0,28685.145205145
2014-05-14,28624.0,28399.771398112658
2014-05-15,28322.0,28100.374250338315
2014-05-16,28336.0,28114.30151881859
2014-05-19,28424.0,28201.84757733248
2014-05-20,27501.0,27285.559404118652
2014-05-21,27386.0,27602.14406491188
2014-05-22,27528.0,27745.67088328391
2014-05-23,27586.0,27803.762600507733
2014-05-26,27087.0,27300.023471767865
2014-05-27,26987.0,27200.532194242463
2014-05-28,26984.0,27197.176376368356
2014-05-29,27151.0,27096.171286914716
2014-05-30,26626.0,26417.74943033822
2014-06-02,26732.0,26522.819058252895
2014-06-03,26708.0,26918.980000788466
2014-06-04,26771.0,26982.24562806841
2014-06-05,26400.0,27352.930040919135
2014-06-06,26545.0,26754.927823190785
2014-06-09,26712.0,26922.476286436122
2014-06-10,26736.0,26946.904448904137
2014-06-11,27014.0,27146.086579473835
2014-06-12,27235.0,27251.981330038223
2014-06-13,27395.0,27180.240202926347
2014-06-16,27418.0,27214.153230692435
2014-06-17,27353.0,27569.203629275522
2014-06-18,28160.0,27052.504585469655
2014-06-19,28154.0,27933.502262559472
2014-06-20,28111.0,27890.630103646406
2014-06-23,28167.0,27946.46287969632
2014-06-24,28221.0,28000.369725051547
2014-06-25,28126.0,27905.46627469507
2014-06-26,28063.0,27433.387074725648
2014-06-27,28076.0,26394.889410953623
2014-06-30,27975.0,27209.314382616634
2014-07-01,27788.0,27028.331780584474
2014-07-02,27802.0,26960.227579964212
2014-07-03,27913.0,27694.89872691351
2014-07-04,27564.0,27208.91525390911
2014-07-07,27594.0,27378.693374127
2014-07-08,27667.0,27181.186369438037
2014-07-09,28565.0,26842.076149791
2014-07-10,28441.0,28218.63568980306
2014-07-11,28413.0,28189.944819294684
2014-07-12,28413.0,28190.583049791745
2014-07-13,27860.0,28079.568211641035
2014-07-14,27752.0,27534.740930541928
2014-07-15,27767.0,27549.035181359577
2014-07-16,28237.0,28016.81696580877
2014-07-17,28028.0,27807.75789282998
2014-07-18,28030.0,27810.183231557727
2014-07-20,28120.0,27899.981537788164
2014-07-21,27939.0,27719.87718996472
2014-07-22,27915.0,26615.699456241153
2014-07-23,27651.0,27435.33247625007
2014-07-24,27973.0,26423.87185198656
2014-07-25,27960.0,27740.77071032166
2014-07-27,27909.0,27713.62725542241
2014-07-28,27855.0,27350.858191986463
2014-07-29,27936.0,26885.625511626185
2014-07-30,27788.0,27375.463643930776
2014-07-31,28037.0,26702.733077811772
2014-08-01,27952.0,26960.783770181883
2014-08-04,28392.0,26014.461043807667
2014-08-05,28559.0,28335.0571932047
2014-08-06,28695.0,28469.9623365958
2014-08-07,28515.0,26938.490086972866
2014-08-08,28510.0,28286.505125649026
2014-08-10,28554.0,28330.691811075176
2014-08-11,28641.0,27036.523590882098
2014-08-12,28567.0,27628.827735232167
2014-08-13,28489.0,26897.619924913575
2014-08-14,28167.0,27008.57346813856
2014-08-18,28124.0,26016.364328413954
2014-08-19,28079.0,26209.855078266624
2014-08-20,27599.0,26705.92682329976
2014-08-21,27634.0,24988.618111288968
2014-08-22,27632.0,25740.440870939412
2014-08-25,27720.0,25927.587347835455
2014-08-26,27599.0,26715.74967876497
2014-08-27,27884.0,25439.43122141759
2014-08-28,27794.0,25013.70229393433
2014-08-29,27679.0,25753.555031367036
2014-09-01,27340.0,25984.732980459266
2014-09-02,27355.0,25985.729996629783
2014-09-03,27282.0,25714.594475281807
2014-09-04,27225.0,25973.299865755413
2014-09-05,27207.0,25700.189679696952
2014-09-08,27272.0,25699.69778101099
2014-09-09,27194.0,26640.517751369815
2014-09-10,26996.0,26408.796738148605
2014-09-11,26909.0,27121.869700987947
2014-09-12,26900.0,26689.191906171236
2014-09-13,27006.0,26794.326779071493
2014-09-15,26954.0,26742.918522664204
2014-09-16,26907.0,26695.82283267313
2014-09-17,26659.0,26438.524210821233
2014-09-18,26497.0,25156.525778023282
2014-09-19,26605.0,26396.290184253885
2014-09-22,26682.0,25493.95344994225
2014-09-23,26552.0,25486.409172093634
2014-09-24,26919.0,25018.889679209522
2014-09-25,26694.0,26275.21075544669
2014-09-26,26693.0,26484.216477251204
2014-09-27,26819.0,27007.950501615567
2014-09-29,26805.0,26594.51620673218
2014-09-30,26790.0,27001.632439933124
2014-10-01,26439.0,26264.91692883994
2014-10-03,26424.0,26216.75017019835
2014-10-05,26637.0,26847.20978221189
2014-10-06,26673.0,26376.67991290811
2014-10-07,26633.0,26421.64151052536
2014-10-08,26847.0,26637.432626899204
2014-10-09,26855.0,26541.089844043057
2014-10-10,26855.0,27067.05574252158
2014-10-13,27128.0,26915.30294639099
2014-10-14,27328.0,26914.845226764173
2014-10-16,27151.0,27003.86523468744
2014-10-17,27302.0,27087.551569519826
2014-10-20,27394.0,27615.846648260955
2014-10-21,27333.0,27548.901216363007
2014-10-22,26940.0,26701.535861652905
2014-10-23,26963.0,26751.54877709598
2014-10-24,27008.0,26796.733704187438
2014-10-27,26909.0,26698.151654427424
2014-10-28,26864.0,26653.151662974782
2014-10-29,26376.0,26169.099733441093
2014-10-30,25924.0,25721.621338495646
2014-10-31,25868.0,26072.134899613917
2014-11-03,25810.0,25607.912223594016
2014-11-04,25348.0,25479.667007495074
2014-11-05,25467.0,25668.348698737766
2014-11-06,25926.0,26130.232817288626
2014-11-07,25719.0,25922.154539196774
2014-11-10,25793.0,25996.970340837426
2014-11-11,25794.0,25673.885306288892
2014-11-12,25827.0,26031.53059312122
2014-11-13,26458.0,26667.096342128483
2014-11-14,26411.0,26619.073890063766
2014-11-16,26319.0,26526.34694264935
2014-11-17,26587.0,26796.48826409417
2014-11-18,26710.0,26500.54171144015
2014-11-19,26459.0,26667.880560884438
2014-11-20,26390.0,26598.756822793122
2014-11-21,26473.0,28040.236739781445
2014-11-24,26338.0,27069.649106184865
2014-11-25,26397.0,28131.196087055556
2014-11-26,26237.0,28249.831367969644
2014-11-27,25853.0,26433.086728955503
2014-11-28,26546.0,26755.90457130741
2014-12-01,26224.0,26431.568127087936
2014-12-02,26496.0,26704.84910706343
2014-12-03,26488.0,26697.200308873933
2014-12-04,26279.0,26486.357771909068
2014-12-05,26228.0,26435.37680229365
2014-12-08,27023.0,26955.286305734182
2014-12-09,27054.0,27267.964606091657
2014-12-10,27142.0,27356.375960591562
2014-12-11,27088.0,26875.62269082619
2014-12-12,27173.0,27387.677515223335
2014-12-15,27044.0,27258.0439020684
2014-12-16,26802.0,27013.084098112264
2014-12-17,26659.0,26869.8615881622
2014-12-18,26859.0,26648.441620370628
2014-12-19,26458.0,26665.844414885072
2014-12-22,26468.0,26677.339410566485
2014-12-23,26433.0,26642.386945396243
2014-12-24,26894.0,27105.65842199699
2014-12-26,26598.0,26807.58798122174
2014-12-29,26908.0,26697.17848546249
2014-12-30,26594.0,26804.402745469022
2014-12-31,26586.0,26377.562399553517
2015-01-01,26700.0,26910.244673819605
2015-01-02,26847.0,26636.959588240206
2015-01-05,27385.0,27170.4033303064
2015-01-06,27159.0,26946.924994378944
2015-01-07,26808.0,26598.487019790948
2015-01-08,26806.0,27017.018625763143
2015-01-09,27032.0,27245.190799369044
2015-01-12,27071.0,27283.870706289203
2015-01-13,27210.0,27424.35919027705
2015-01-14,27493.0,27923.564354321006
2015-01-15,27673.0,27455.606224109
2015-01-16,27627.0,27844.12143920452
2015-01-17,27718.0,27936.4195588389
2015-01-19,28098.0,28319.786660809325
2015-01-20,27992.0,28383.207160137175
2015-01-21,28055.0,28276.718736923955
2015-01-22,27884.0,28463.33296593461
2015-01-23,27887.0,28107.215563509835
2015-01-25,27934.0,29240.383802464323
2015-01-27,27795.0,28252.94792985937
2015-01-28,27470.0,27592.74301357366
2015-01-29,27911.0,28131.566313390602
2015-01-30,28071.0,27850.64380396034
2015-02-02,27687.0,27469.760982259744
2015-02-03,27814.0,27596.166359391507
2015-02-04,27683.0,27466.715827022912
2015-02-05,26968.0,27181.048475809497
2015-02-06,27119.0,27333.556224733406
2015-02-09,27016.0,27228.84243184365
2015-02-10,26817.0,27028.844869280158
2015-02-11,26635.0,26426.016268002808
2015-02-12,26694.0,26484.93952905507
2015-02-13,26742.0,26648.522534594173
2015-02-16,26241.0,26035.851097315484
2015-02-17,26181.0,26010.969809338196
2015-02-18,26294.0,26087.818700702042
2015-02-19,26317.0,26110.689741645223
2015-02-20,26319.0,26112.50043034673
2015-02-21,26178.0,26385.090866620416
2015-02-23,26077.0,26282.74446741416
2015-02-24,26142.0,26147.016868478153
2015-02-25,26239.0,26581.642621632564
2015-02-26,26206.0,26000.42332227097
2015-02-27,26480.0,26688.667211200955
2015-02-28,26541.0,26750.831809406478
2015-03-02,26453.0,26483.323987557636
2015-03-03,26539.0,26649.495982657212
2015-03-04,26473.0,26081.343431931477
2015-03-05,26058.0,26435.402060828168
2015-03-06,26062.0,26267.168086655758
2015-03-09,25960.0,26417.018532447775
2015-03-10,25716.0,26507.719815133332
2015-03-11,25690.0,25893.053350827744
2015-03-12,25909.0,26113.87754568636
2015-03-13,25922.0,26119.774311587655
2015-03-14,25797.0,26000.71653607023
2015-03-16,25635.0,25837.569254251972
2015-03-17,25653.0,25855.756484474685
2015-03-18,25970.0,26702.824355159766
2015-03-19,26195.0,26401.752409304554
2015-03-20,26208.0,27529.910305303118
2015-03-23,26350.0,26558.065687358467
2015-03-24,26491.0,26699.21610431264
2015-03-25,26805.0,27016.743171877173
2015-03-26,26564.0,27065.012121925418
2015-03-27,26239.0,27716.020958614467
2015-03-30,26061.0,26250.455586764012
2015-03-31,26510.0,26303.016597618374
2015-04-01,26548.0,26340.34149980808
2015-04-02,26941.0,26729.832278405145
2015-04-06,26829.0,26618.70427330652
2015-04-07,26682.0,26891.63498152891
2015-04-08,26452.0,26061.910441958207
2015-04-09,26703.0,26493.66336896859
2015-04-10,26616.0,26408.246830051237
2015-04-13,26454.0,25097.78820114795
2015-04-14,26644.0,26435.152689768995
2015-04-15,26533.0,26092.739533793803
2015-04-16,26702.0,25762.131908228155
2015-04-17,26719.0,26797.662527130255
2015-04-20,26803.0,26414.88809928243
2015-04-21,26489.0,27080.944220402896
2015-04-22,26777.0,26571.15220489401
2015-04-23,26574.0,27866.3643531556
2015-04-24,26944.0,27731.577757916726
2015-04-27,27036.0,26823.752869564785
2015-04-28,27096.0,27068.476883785206
2015-04-29,26593.0,26803.257343874222
2015-04-30,26483.0,26412.795618709475
2015-05-01,26747.0,26957.93006889178
2015-05-04,26852.0,27064.088843176483
2015-05-05,26928.0,26717.023976864923
2015-05-06,26951.0,26991.448014301637
2015-05-07,26903.0,27115.775860586324
2015-05-08,26853.0,27336.64404434652
2015-05-11,27180.0,27394.397357227943
2015-05-12,27539.0,27529.276437702418
2015-05-13,27444.0,27228.488007626736
2015-05-14,27473.0,27257.45442763404
2015-05-15,27629.0,27847.18881602255
2015-05-18,27309.0,27094.385141333816
2015-05-19,27299.0,27317.216164712656
2015-05-20,27130.0,26917.19129698659
2015-05-21,27105.0,27319.35448820686
2015-05-22,27180.0,26880.601423151365
2015-05-25,26917.0,26904.915051524385
2015-05-26,26900.0,26729.609415837145
2015-05-27,26899.0,26797.309714342788
2015-05-28,26866.0,26602.36207884896
2015-05-29,26690.0,26481.57210746597
2015-06-01,26856.0,26772.6343268947
2015-06-02,26806.0,26052.260602871895
2015-06-03,26564.0,26395.124910018265
2015-06-04,26439.0,26604.73237957062
2015-06-05,26693.0,26483.99809225617
2015-06-08,26754.0,26544.30152581363
2015-06-09,26850.0,26069.468981199654
2015-06-10,26772.0,26310.390474366763
2015-06-11,26773.0,26321.437230900974
2015-06-12,26915.0,26156.398373348733
2015-06-15,26831.0,26621.393432585886
2015-06-16,26763.0,26013.272577536813
2015-06-17,27031.0,25594.5645596037
2015-06-18,26959.0,26893.756639908766
2015-06-19,26589.0,26477.83855324394
2015-06-22,26478.0,26686.64554646395
2015-06-23,26418.0,26210.951036260434
2015-06-24,26365.0,26323.583612737828
2015-06-25,26399.0,25995.694395024275
2015-06-26,26508.0,25936.83489022377
2015-06-29,26301.0,26095.367327603803
2015-06-30,26182.0,26044.102838489507
2015-07-01,26024.0,26088.560795078745
2015-07-02,26393.0,26187.030315497235
2015-07-03,26335.0,26128.37333540296
2015-07-06,26032.0,25828.135127430192
2015-07-07,26222.0,26016.378471905315
2015-07-08,26071.0,26276.16942387182
2015-07-09,26071.0,26068.060605192437
2015-07-10,26033.0,26160.244444850927
2015-07-13,25934.0,25848.93535246212
2015-07-14,25852.0,25910.893534554718
2015-07-15,25774.0,25977.85354995429
2015-07-16,25505.0,26521.599437454122
2015-07-17,25042.0,25731.372013677323
2015-07-20,24908.0,25104.272018567994
2015-07-21,24688.0,24882.649957333368
2015-07-22,24742.0,24937.479573159828
2015-07-23,24729.0,24923.36657166216
2015-07-24,24910.0,24714.942709912135
2015-07-27,24768.0,24963.752635979137
2015-07-28,24729.0,25002.35862528419
2015-07-29,24739.0,24934.609486229605
2015-07-30,24789.0,25146.646416316857
2015-07-31,24696.0,24890.089123923743
2015-08-03,24638.0,24832.59072163353
2015-08-04,24545.0,25218.92122150914
2015-08-05,24692.0,24887.201146543794
2015-08-06,24796.0,25586.711338959998
2015-08-07,25026.0,25223.225186240383
2015-08-10,25323.0,25561.913705194187
2015-08-11,25898.0,26936.577647020706
2015-08-12,25763.0,25966.35835119583
2015-08-13,25636.0,26075.868272323234
2015-08-14,25924.0,26128.103176427183
2015-08-17,25890.0,26093.54469759032
2015-08-18,26084.0,26290.35356321507
2015-08-19,26723.0,26934.064838682945
2015-08-20,27090.0,27303.07192243886
2015-08-21,27290.0,27505.706224110447
2015-08-24,26595.0,26805.238343162306
2015-08-25,26341.0,26548.899071512868
2015-08-26,26197.0,26403.48607961094
2015-08-27,26490.0,26699.08852908476
2015-08-28,26540.0,26736.01212071262
2015-08-31,26623.0,26833.055047984526
2015-09-01,26417.0,26624.856048054924
2015-09-02,26196.0,26647.878704655686
2015-09-03,26256.0,26464.025351362292
2015-09-04,26506.0,26715.750049103568
2015-09-07,26436.0,26645.178175475674
2015-09-08,26069.0,26737.39530686706
2015-09-09,26179.0,26385.65913382361
2015-09-10,25981.0,26185.522655434088
2015-09-11,26078.0,26231.739277759894
2015-09-14,25982.0,26187.630379171234
2015-09-15,26285.0,26493.06526447302
2015-09-16,26176.0,26382.981746013844
2015-09-17,26476.0,26685.207708868642
2015-09-18,26345.0,27523.409674147464
2015-09-21,26242.0,27048.360514687094
2015-09-22,26476.0,27731.554568803913
2015-09-23,26965.0,28034.332209044307
2015-09-24,26744.0,26533.93630942371
2015-09-25,26508.0,26717.058703555922
2015-09-28,26253.0,26460.85660432411
2015-09-29,25803.0,26006.57255600541
2015-09-30,25782.0,25985.442798882475
2015-10-01,26094.0,26300.30704356308
2015-10-05,26512.0,26720.675094704788
2015-10-06,26449.0,26657.139367450294
2015-10-07,26351.0,26559.173543457342
2015-10-08,26515.0,26723.71071368234
2015-10-09,26678.0,26888.978681111446
2015-10-12,26872.0,27084.48266209809
2015-10-13,27088.0,27301.23270160986
2015-10-14,27142.0,27356.540712827158
2015-10-15,27029.0,27361.81650260199
2015-10-16,26882.0,27840.365187117066
2015-10-19,26993.0,27206.27035913114
2015-10-20,26821.0,28238.99193054099
2015-10-21,26737.0,27718.545007233242
2015-10-22,26676.0,27740.211474280688
2015-10-23,26689.0,27296.89130743999
2015-10-26,26790.0,27468.009500043747
2015-10-27,26930.0,27158.07142153105
2015-10-28,26470.0,27754.158232193557
2015-10-29,26355.0,26673.94788890348
2015-10-30,26228.0,26830.474557016023
2015-11-02,25863.0,26092.03448491372
2015-11-03,25646.0,25444.90428529856
2015-11-04,25791.0,25994.412685223713
2015-11-05,25538.0,25739.037446733615
2015-11-06,25699.0,25901.517320182655
2015-11-09,25604.0,25806.71560542825
2015-11-10,25490.0,25691.237158753534
2015-11-11,25341.0,25540.81206580902
2015-11-12,25388.0,25588.18730750817
2015-11-13,25360.0,25162.055405947252
2015-11-16,25038.0,25567.56010219193
2015-11-17,25108.0,25105.34152866865
2015-11-18,25308.0,25508.177770080183
2015-11-19,25252.0,25693.240571982962
2015-11-20,25180.0,25740.48148376995
2015-11-23,25305.0,25781.011226172384
2015-11-24,25230.0,25498.234860019274
2015-11-25,25288.0,26327.636653152153
2015-11-26,25071.0,26542.192776543445
2015-11-27,25114.0,26862.1181453755
2015-11-30,25018.0,27158.088678096003
2015-12-01,24895.0,25678.11346505448
2015-12-02,25043.0,26689.434680800907
2015-12-03,25631.0,26487.553447795188
2015-12-04,25443.0,25643.756460009805
2015-12-07,25424.0,25625.316818000585
2015-12-08,25499.0,25701.13780832485
2015-12-09,25328.0,25528.12891939508
2015-12-10,25581.0,25782.66332702233
2015-12-11,25256.0,25542.30493214425
2015-12-14,25173.0,26025.770797373974
2015-12-15,25372.0,25958.566730182414
2015-12-16,24766.0,26209.317274423236
2015-12-17,25011.0,25208.885668818835
2015-12-18,25302.0,25501.654642502344
2015-12-21,25176.0,25374.63094950485
2015-12-22,25004.0,25998.89625711294
2015-12-23,25147.0,25345.758227195016
2015-12-24,25077.0,25507.234298182466
2015-12-28,25106.0,25878.659142763245
2015-12-29,25017.0,27085.51255145241
2015-12-30,24952.0,27589.970346465758
2015-12-31,24943.0,26997.693081952493
2016-01-01,25423.0,27106.581355521015
2016-01-04,25430.0,25631.058169592463
2016-01-05,25756.0,26397.13081605786
2016-01-06,26106.0,26312.084103345962
2016-01-07,25989.0,26193.140411805303
2016-01-08,25877.0,26740.87954498195
2016-01-11,25689.0,25892.037934725024
2016-01-12,25750.0,26349.54639002282
2016-01-13,25652.0,27304.420905210744
2016-01-14,26126.0,27316.255093344153
2016-01-15,26070.0,26275.92566594937
2016-01-18,26064.0,26269.393084104788
2016-01-19,26563.0,27787.005765222217
2016-01-20,26190.0,26396.704844061624
2016-01-21,26168.0,26374.819490934296
2016-01-22,26391.0,26598.57907199554
2016-01-25,26736.0,26947.27849230162
2016-01-27,26701.0,26912.093016353876
2016-01-28,26709.0,26919.97377211887
2016-01-29,26973.0,27468.873800385372
2016-02-01,27008.0,27578.85382485203
2016-02-02,27285.0,27384.877093769337
2016-02-03,27656.0,28074.484052891014
2016-02-04,27568.0,27785.42539542514
2016-02-05,28367.0,28591.11449621133
2016-02-08,28325.0,28549.358209068014
2016-02-09,28211.0,28434.0734498014
2016-02-10,29706.0,29939.90495352983
2016-02-11,29287.0,29517.769000217715
2016-02-12,28595.0,28820.795650683765
2016-02-15,28800.0,29027.410972807054
2016-02-16,28781.0,29007.460468853664
2016-02-17,29210.0,29440.167021384892
2016-02-18,29432.0,29664.242599199624
2016-02-19,28916.0,29144.0085199921
2016-02-22,29234.0,29109.028741647984
2016-02-23,29523.0,29755.421877469074
2016-02-24,29735.0,29573.046973368648
2016-02-25,29290.0,29520.761889897327
2016-02-26,29437.0,29668.896195151938
2016-02-29,29097.0,29327.079583400107
2016-03-01,29219.0,29449.271916517733
2016-03-02,29381.0,29612.899457859574
2016-03-03,29519.0,29288.383749351167
2016-03-04,29597.0,29830.663035754977
2016-03-07,29819.0,29585.268627392114
2016-03-08,29597.0,29829.97820702086
2016-03-09,29928.0,30164.09096600287
2016-03-10,29504.0,29736.178421642864
2016-03-11,29204.0,29434.065501873214
2016-03-14,29050.0,29279.57678510942
2016-03-15,28970.0,29198.592641772877
2016-03-16,29357.0,29588.991974230554
2016-03-17,29135.0,29364.33584428422
2016-03-18,28937.0,29164.829456019255
2016-03-21,29047.0,29275.193867705508
2016-03-22,28568.0,30094.980779343903
2016-03-23,28560.0,28784.87253979888
2016-03-24,28400.0,28624.17058690077
2016-03-28,28616.0,28391.44940674484
2016-03-29,28301.0,28524.171504601924
2016-03-30,28441.0,28344.284611357296
2016-03-31,28056.0,27836.791154846895
2016-04-01,28086.0,28308.047266005495
2016-04-04,28562.0,28337.999928587535
2016-04-05,28571.0,28795.84704053301
2016-04-06,28972.0,28892.146915618807
2016-04-07,29047.0,29276.304319504703
2016-04-08,29254.0,29364.5504118622
2016-04-11,29250.0,29480.622951057645
2016-04-12,29128.0,29357.785049776237
2016-04-13,28731.0,28505.439667390638
2016-04-14,28918.0,28691.649182327936
2016-04-15,28935.0,28309.22696359257
2016-04-18,29255.0,29046.386134923585
2016-04-19,29249.0,29019.61088219374
2016-04-20,29287.0,29518.262947826173
2016-04-21,28941.0,29169.460240106597
2016-04-22,29183.0,28955.181121048317
2016-04-25,29158.0,28929.154530960674
2016-04-26,29319.0,29088.6384671537
2016-04-27,29627.0,29113.86830049867
2016-04-28,30138.0,29669.254652862703
2016-04-29,30213.0,29977.070787784927
2016-05-02,30154.0,29917.294377098624
2016-05-03,29934.0,29699.0176610582
2016-05-04,29868.0,29634.2420391299
2016-05-05,30366.0,30127.914666970835
2016-05-06,29805.0,29571.788063624626
2016-05-09,29785.0,29551.404270991417
2016-05-10,29933.0,29699.36410473383
2016-05-11,29904.0,29669.182767103255
2016-05-12,30023.0,29801.796147726185
2016-05-13,29963.0,29737.074207077847
2016-05-16,30045.0,29809.32441556503
2016-05-17,30049.0,30217.709948961667
2016-05-18,29800.0,30504.445730552456
2016-05-19,29693.0,30039.506091290594
2016-05-20,29682.0,29916.54807235342
2016-05-23,29306.0,29117.25213024087
2016-05-24,28945.0,28988.28209849023
2016-05-25,28729.0,28955.074984816456
2016-05-26,28590.0,28685.543009484387
2016-05-27,28590.0,28365.527624872208
2016-05-30,28610.0,28603.348589621306
2016-05-31,28626.0,28401.27968550238
2016-06-01,28554.0,28778.78340753283
2016-06-02,29216.0,28524.868112234548
2016-06-03,29329.0,29496.219384672444
2016-06-06,29239.0,29010.350052171307
2016-06-07,29491.0,29259.71009146731
2016-06-08,29757.0,29602.425124885416
2016-06-09,29851.0,28899.026666756043
2016-06-10,30181.0,29002.968072457294
2016-06-13,30357.0,29005.235779051083
2016-06-14,30262.0,29846.897238524132
2016-06-15,30392.0,28109.22234660577
2016-06-16,30373.0,30135.821181910967
2016-06-17,30478.0,30239.967823605788
2016-06-20,30072.0,30309.917143693932
2016-06-21,29898.0,29663.557580034205
2016-06-22,29686.0,29452.995353628965
2016-06-23,31131.0,30238.309959846443
2016-06-24,31218.0,31464.285653776966
2016-06-27,30999.0,31072.516434911708
2016-06-28,30986.0,31230.66119955463
2016-06-29,30851.0,31095.330415167675
2016-06-30,31077.0,30834.22129798437
2016-07-01,31396.0,31150.41143772715
2016-07-04,30841.0,30599.44486959491
2016-07-05,32018.0,31768.36570353254
2016-07-06,31817.0,32067.394495382938
2016-07-07,31657.0,31409.301423699097
2016-07-08,31524.0,31308.892808379
2016-07-11,31001.0,30759.16265394824
2016-07-12,31225.0,30981.117145144704
2016-07-13,30895.0,30652.337053818264
2016-07-14,30922.0,30680.403034619558
2016-07-15,30950.0,30708.261654280486
2016-07-18,31021.0,30777.34137520853
2016-07-19,30666.0,30425.483050775627
2016-07-20,30940.0,30697.76787281891
2016-07-21,30794.0,30552.454114855725
2016-07-22,30814.0,30572.38854117915
2016-07-25,30822.0,30504.655086067207
2016-07-26,30878.0,29199.348836974164
2016-07-27,30795.0,29862.368005999764
2016-07-28,31099.0,29462.16330496481
2016-07-29,31011.0,29617.670582935465
2016-08-01,31282.0,28877.933959283622
2016-08-02,31199.0,30954.45665769955
2016-08-03,31317.0,28751.139430727126
2016-08-04,30779.0,30350.82668976635
2016-08-05,30998.0,30756.32965326
2016-08-08,31133.0,30626.407286343783
2016-08-09,31219.0,30537.735980089954
2016-08-10,31171.0,29385.859472968623
2016-08-11,31080.0,29067.92494553152
2016-08-12,31349.0,30598.087922582996
2016-08-16,31314.0,29023.534121767694
2016-08-17,31411.0,28330.27109956787
2016-08-18,31365.0,28203.249302916836
2016-08-19,31395.0,28573.07012127927
2016-08-22,31373.0,30308.834106165687
2016-08-23,31049.0,28044.43675970511
2016-08-24,30945.0,28425.626803552725
2016-08-25,31023.0,28438.262122972894
2016-08-26,31077.0,27725.94189819552
2016-08-29,30840.0,28663.583801818746
2016-08-30,30746.0,27570.121180224094
2016-08-31,30710.0,27387.24922158239
2016-09-01,30900.0,27868.515790082212
2016-09-02,31025.0,28088.147723629023
2016-09-05,31401.0,27329.381299366683
2016-09-06,31336.0,27629.579207594146
2016-09-07,31239.0,28456.45801486457
2016-09-08,31261.0,28665.79672270252
2016-09-09,31087.0,28346.91760172582
2016-09-12,31141.0,27519.77897253603
2016-09-13,31100.0,27373.801489986156
2016-09-14,30950.0,27533.79780452789
2016-09-15,30851.0,27434.194075653617
2016-09-16,30936.0,28196.288957057972
2016-09-19,30892.0,27776.629259659876
2016-09-20,31207.0,28571.550816109986
2016-09-21,31335.0,27982.84452110429
2016-09-22,31288.0,28653.277354429676
2016-09-23,31351.0,28332.51789960702
2016-09-26,31003.0,28400.902833437503
2016-09-27,30963.0,27981.459856961028
2016-09-28,31224.0,27615.47338211943
2016-09-29,30814.0,28663.020356886245
2016-09-30,30749.0,27957.414972633174
2016-10-03,30068.0,29114.154515517203
2016-10-04,30004.0,29769.32753177533
2016-10-05,29615.0,29383.909517031057
2016-10-06,29591.0,29360.325039829982
2016-10-07,29662.0,29429.15734581927
2016-10-10,29712.0,28805.26831476217
2016-10-11,29662.0,29430.26115200538
2016-10-12,29697.0,28929.124313206245
2016-10-13,29638.0,28673.89204373997
2016-10-14,29675.0,28341.950254103802
2016-10-17,29773.0,27862.240167552656
2016-10-18,29883.0,29058.722351828794
2016-10-19,29891.0,27815.10500808539
2016-10-20,29936.0,27839.52718358279
2016-10-21,29820.0,28322.597884220097
2016-10-24,30034.0,28495.893191094343
2016-10-25,29913.0,28550.72139981545
2016-10-26,30054.0,28161.02892532298
2016-10-27,30131.0,28534.454242711963
2016-10-28,30151.0,27833.440101366567
2016-10-30,30057.0,30064.505894294052
2016-10-31,30329.0,27774.53566759723
2016-11-01,30759.0,28064.743014703803
2016-11-02,30674.0,29097.1216881325
2016-11-03,30689.0,28771.94352553097
2016-11-04,30118.0,29101.289354271725
2016-11-07,29899.0,29665.18935277244
2016-11-08,29961.0,29727.318259756627
2016-11-09,29986.0,30222.144444914244
2016-11-10,29461.0,29692.58496133118
2016-11-11,29676.0,29443.754930541603
2016-11-14,29391.0,29160.91545830909
2016-11-15,29463.0,29232.193170295024
2016-11-16,29185.0,28956.248874290734
2016-11-17,29005.0,28778.55070370365
2016-11-18,29197.0,28968.99603019038
2016-11-21,29182.0,28953.27033477576
2016-11-22,28885.0,29113.284985215938
2016-11-23,28816.0,28270.131327897176
2016-11-24,28671.0,28146.048844567813
2016-11-25,28793.0,28568.274846715234
2016-11-28,28853.0,28627.75270967623
2016-11-29,28428.0,27672.058602233374
2016-11-30,28062.0,27842.28832381472
2016-12-01,28445.0,28223.293523988246
2016-12-02,28236.0,28459.406812813813
2016-12-05,27944.0,28164.169296508557
2016-12-06,28043.0,28244.414181640423
2016-12-07,27896.0,27677.854084123977
2016-12-08,27701.0,27920.258209180865
2016-12-09,27843.0,28063.45192825636
2016-12-12,27710.0,27493.7149200807
2016-12-13,27746.0,27528.420201361645
2016-12-14,27130.0,26917.508763505535
2016-12-15,27308.0,27524.488285047024
2016-12-16,27392.0,27177.929563488153
2016-12-19,27262.0,27477.777737235065
2016-12-20,27103.0,27317.365827728187
2016-12-21,27152.0,27384.027644034577
2016-12-22,27186.0,27391.403177368356
2016-12-23,27241.0,27645.766288597435
2016-12-26,27431.0,28254.21323840973
2016-12-27,27539.0,28621.93246674601
2016-12-28,27810.0,28029.98012350607
2016-12-29,27700.0,27917.81601019676
2016-12-30,27828.0,28429.52216633248
2017-01-02,28102.0,27881.1862291707
2017-01-03,28085.0,28306.681239202386
2017-01-04,28890.0,27478.799374531412
2017-01-05,27960.0,28179.472682152365
2017-01-06,28124.0,28345.955511839107
2017-01-09,28210.0,28432.72293126479
2017-01-10,28353.0,28577.150960755705
2017-01-11,28463.0,28688.16367043256
2017-01-12,28440.0,28664.466336987127
2017-01-13,28601.0,28703.603816699742
2017-01-16,28797.0,28571.40233239266
2017-01-17,28852.0,29080.13348251406
2017-01-18,28588.0,28814.300304405006
2017-01-19,28685.0,28474.830804589867
2017-01-20,28876.0,29102.846501482563
2017-01-23,28815.0,29042.47417372777
2017-01-24,28472.0,28696.11348241548
2017-01-25,28449.0,28673.33207191545
2017-01-27,28642.0,28868.86090534442
2017-01-30,29172.0,29130.93744067918
2017-01-31,28981.0,28754.484702457656
2017-02-01,29064.0,28837.25638942288
2017-02-02,29166.0,28938.270924067136
2017-02-03,29202.0,28972.62510871719
2017-02-06,29348.0,29469.531440554278
2017-02-07,29371.0,28135.65679841518
2017-02-08,29115.0,28886.323399946243
2017-02-09,29195.0,28598.29503254713
2017-02-10,29057.0,28829.707460379952
2017-02-13,29027.0,28138.797315976502
2017-02-14,29138.0,28606.946207137906
2017-02-15,29377.0,28963.378483088527
2017-02-16,29359.0,28626.898317947955
2017-02-17,29324.0,28998.588306452493
2017-02-20,29314.0,28101.446779886828
2017-02-21,29223.0,28993.556790556813
2017-02-22,29440.0,28687.947980750392
2017-02-23,29613.0,28770.16008666307
2017-02-24,29732.0,29313.924825572092
2017-02-27,29592.0,28680.91785418404
2017-02-28,29529.0,28389.63924594671
2017-03-01,29204.0,28975.664927243106
2017-03-02,29442.0,28914.269912487118
2017-03-03,28979.0,29208.358218583668
2017-03-06,28791.0,28924.552862154156
2017-03-07,28660.0,28886.847174910887
2017-03-08,28491.0,28267.992783309717
2017-03-09,28417.0,28195.12183067958
2017-03-10,28291.0,28069.27983181854
2017-03-13,28100.0,28271.60000571291
2017-03-14,28019.0,27799.46796850168
2017-03-15,28436.0,28089.767728915587
2017-03-16,28528.0,28154.307657432033
2017-03-17,28518.0,28038.719049033683
2017-03-20,28853.0,28626.81571184453
2017-03-21,28886.0,29041.66273845627
2017-03-22,28816.0,29042.4145506502
2017-03-23,28809.0,29036.924845402737
2017-03-24,28839.0,29065.938674210203
2017-03-27,28872.0,28983.190037936394
2017-03-28,28762.0,28614.862620642005
2017-03-29,28559.0,28555.508750126235
2017-03-30,28612.0,28387.866017461492
2017-03-31,28720.0,28696.11828002475
2017-04-03,28960.0,28372.82234960208
2017-04-04,28617.0,28741.12146268265
2017-04-05,28697.0,29127.36906707919
2017-04-06,28650.0,28426.72248131192
2017-04-07,28699.0,28474.129279531186
2017-04-10,29149.0,29379.60091379789
2017-04-11,29189.0,28960.823736634797
2017-04-12,29358.0,29127.54323196028
2017-04-13,29392.0,28942.967406396525
2017-04-17,29518.0,29064.468728103577
2017-04-18,29313.0,29130.530218435106
2017-04-19,29308.0,29077.835665317914
2017-04-20,29432.0,29554.777396614285
2017-04-21,29128.0,29357.08477431516
2017-04-24,28827.0,29617.404023731306
2017-04-25,28757.0,28984.6281659293
2017-04-26,28784.0,29011.86817473354
2017-04-27,28872.0,29094.24891468973
2017-04-28,28654.0,28458.28209293496
2017-05-01,28571.0,28774.708300485865
2017-05-02,28571.0,28347.69499717288
2017-05-03,28060.0,28192.597909930293
2017-05-04,28184.0,28406.44137772198
2017-05-05,28119.0,28341.270892102755
2017-05-08,27981.0,28202.519995519728
2017-05-09,28007.0,27850.457014640004
2017-05-10,28022.0,27817.277537857943
2017-05-11,28019.0,28572.003727636857
2017-05-12,28008.0,28632.12233681977
2017-05-15,28109.0,28471.70507213816
2017-05-16,28614.0,28407.033503915434
2017-05-17,28710.0,28935.80611311792
2017-05-18,28634.0,28860.5315433378
2017-05-19,28783.0,29763.715310363885
2017-05-22,28808.0,29035.42029427268
2017-05-23,28719.0,29580.781810569748
2017-05-24,28638.0,28891.449317630148
2017-05-25,28847.0,29561.800187111676
2017-05-26,28874.0,29820.754534142077
2017-05-29,28704.0,29132.088600478623
2017-05-30,28905.0,29630.314288452966
2017-05-31,28749.0,28976.743820648488
2017-06-01,28949.0,29465.97486732188
2017-06-02,29111.0,30357.998212733262
2017-06-05,29481.0,29529.89712751918
2017-06-06,29376.0,29270.941514361104
2017-06-07,29049.0,28674.096505094658
2017-06-08,28938.0,29139.604680971253
2017-06-09,28917.0,28690.442315276236
2017-06-12,28862.0,28635.727954632526
2017-06-13,28946.0,29033.87635557987
2017-06-14,28686.0,28648.392490824775
2017-06-15,28616.0,28874.702474655922
2017-06-16,28473.0,28698.559718628538
2017-06-19,28475.0,28658.80197521083
2017-06-20,28495.0,28720.328153675957
2017-06-21,28557.0,28593.91906744769
2017-06-22,28648.0,28873.57745321366
2017-06-23,28426.0,28478.626978271936
2017-06-26,28483.0,28426.47663264296
2017-06-27,28485.0,28262.755083532167
2017-06-28,28527.0,28356.679049708986
2017-06-29,28295.0,28112.204733592225
2017-06-30,27952.0,28089.636929672957
2017-07-03,28043.0,28265.18804690421
2017-07-04,28051.0,27830.984715455634
2017-07-05,28143.0,28365.64589290341
2017-07-06,27812.0,28032.171743048333
2017-07-07,27840.0,27890.41867048717
2017-07-10,27871.0,28090.446402525216
2017-07-11,27889.0,28378.6870154235
2017-07-12,27868.0,29143.94094800322
2017-07-13,28022.0,28243.48714085174
2017-07-14,28147.0,28369.42645254665
2017-07-17,28280.0,28831.748220364676
2017-07-18,28270.0,28921.659581757525
2017-07-19,28345.0,28781.776497139348
2017-07-20,28541.0,28919.028742412334
2017-07-21,28530.0,28940.961194837255
2017-07-24,28490.0,28729.685562450963
2017-07-25,28396.0,29045.381239524067
2017-07-26,28477.0,29089.365509270734
2017-07-27,28596.0,29163.15775731427
2017-07-28,28588.0,29269.57459834712
2017-07-31,28514.0,28852.052996738494
2017-08-01,28486.0,28940.777882975388
2017-08-02,28447.0,28648.082584000513
2017-08-03,28373.0,28815.227982284643
2017-08-04,28419.0,28598.527163221876
2017-08-07,28357.0,28581.161934399363
2017-08-08,28800.0,28306.129491745367
2017-08-09,29130.0,29359.66023744835
2017-08-10,29158.0,29388.454048751893
2017-08-11,29042.0,29030.692300525803
2017-08-14,28878.0,28651.350105044978
2017-08-16,29093.0,28864.84416185176
2017-08-17,29109.0,28880.408694687638
2017-08-18,29224.0,28995.970117456178
2017-08-21,29061.0,29910.082428410988
2017-08-22,29090.0,29319.87009441049
2017-08-23,29021.0,29376.54281739383
2017-08-24,29086.0,29316.088708027622
2017-08-25,29425.0,29658.25738969393
2017-08-28,29588.0,29404.91099564996
2017-08-29,29540.0,29308.015059140118
2017-08-30,29756.0,29523.49394799219
2017-08-31,29788.0,29554.289253382336
2017-09-01,30174.0,30024.96152673266
2017-09-04,30226.0,29990.180743096374
2017-09-05,30088.0,29853.18837835743
2017-09-06,30287.0,30049.696873941477
2017-09-07,30271.0,30034.374673688617
2017-09-08,29942.0,29707.006034068138
2017-09-11,29953.0,29718.099308089364
2017-09-12,29896.0,29662.55095387659
2017-09-13,30020.0,29696.406302068957
2017-09-14,29869.0,29635.46958264005
2017-09-15,29561.0,29327.18580926849
2017-09-18,29628.0,29448.788100627607
2017-09-19,29780.0,29801.79165240533
2017-09-20,29584.0,29854.26672185324
2017-09-21,29608.0,29626.306154388036
2017-09-22,30065.0,29687.167745627226
2017-09-25,29885.0,30121.065212220223
2017-09-26,29673.0,29440.194000722015
2017-09-27,29624.0,29509.3380084696
2017-09-28,29549.0,29188.825759439107
2017-09-29,29400.0,29186.757867764845
2017-10-03,29331.0,29101.25810533542
2017-10-04,29412.0,29182.48106679433
2017-10-05,29510.0,29279.915228299524
2017-10-06,29670.0,28938.471747722855
2017-10-09,29768.0,29414.926079907164
2017-10-10,29659.0,29427.108452873
2017-10-11,29756.0,29274.333756636923
2017-10-12,29800.0,29566.130678602607
2017-10-13,29808.0,29200.276471577894
2017-10-16,29565.0,29333.002154610782
2017-10-17,29536.0,28976.347403972137
2017-10-18,29654.0,28885.934993735114
2017-10-19,29541.0,29449.20388585928
2017-10-20,29499.0,28927.502519267877
2017-10-23,29498.0,29011.653931723053
2017-10-24,29362.0,29131.51416063186
2017-10-25,29236.0,28694.460269284176
2017-10-26,29272.0,29053.19071118744
2017-10-27,29349.0,29077.329670775565
2017-10-30,29040.0,28641.877393866118
2017-10-31,29120.0,28321.329531624342
2017-11-01,29242.0,28333.322689297205
2017-11-02,29191.0,29185.96902424334
2017-11-03,29363.0,29343.25184866322
2017-11-06,29457.0,29225.972856402623
2017-11-07,29562.0,29329.769767398364
2017-11-08,29670.0,29531.290048589537
2017-11-09,29508.0,29630.678618305777
2017-11-10,29619.0,29628.7413448595
2017-11-13,29620.0,29232.666146375686
2017-11-14,29528.0,29660.670740637946
2017-11-15,29491.0,29349.5206426559
2017-11-16,29658.0,29425.34477125941
2017-11-17,29339.0,29381.963726977825
2017-11-20,29334.0,29565.871444180906
2017-11-21,29504.0,29878.24780702262
2017-11-22,29420.0,29481.5088542629
2017-11-23,29375.0,29295.49836097944
2017-11-24,29460.0,29450.92810931297
2017-11-27,29381.0,29612.991354328722
2017-11-28,29215.0,29006.22196191221
2017-11-29,28992.0,28857.599472034053
2017-11-30,29217.0,28885.01772499742
2017-12-01,29059.0,28644.447858343716
2017-12-04,28893.0,29121.587236894633
2017-12-05,28972.0,28977.846500388827
2017-12-06,28670.0,28709.665969757705
2017-12-07,28588.0,28364.89530489308
2017-12-08,28429.0,28629.690530472268
2017-12-11,28318.0,28542.169042846195
2017-12-12,28377.0,28600.536783913165
2017-12-13,28500.0,28468.080553430063
2017-12-14,28441.0,28729.521980062782
2017-12-15,28663.0,28662.417185958217
2017-12-18,28555.0,28912.871652203612
2017-12-19,28617.0,28799.738701780385
2017-12-20,28596.0,28751.119356409803
2017-12-21,28757.0,28984.55922659616
2017-12-22,28924.0,29074.088477211113
2017-12-26,29092.0,29090.786213922816
2017-12-27,29171.0,29401.458027677374
2017-12-28,29372.0,29141.73539024908
2017-12-29,29324.0,29429.288435832987
2018-01-01,29392.0,29320.891006675934
2018-01-02,29481.0,29250.778232614593
2018-01-03,29472.0,29704.93099057924
2018-01-04,29465.0,29698.146161042612
2018-01-05,29270.0,29444.253453934114
2018-01-08,29173.0,29402.870061172343
2018-01-09,29343.0,29575.226367780517
2018-01-10,29404.0,29536.24327748902
2018-01-11,29553.0,29645.103907434936
2018-01-12,29763.0,29997.86017099221
2018-01-15,29830.0,30065.567487340548
2018-01-16,29761.0,29905.28037960173
2018-01-17,29644.0,29349.50801801812
2018-01-18,29743.0,29612.710367321204
2018-01-19,29806.0,29820.30962406657
2018-01-22,29876.0,29989.832607243494
2018-01-23,30244.0,29956.734927730813
2018-01-24,30367.0,30128.4923829927
2018-01-25,30074.0,30349.515885229208
2018-01-29,30052.0,29853.512501456673
2018-01-30,30064.0,30389.979924178937
2018-01-31,30512.0,30318.837060999398
2018-02-01,30399.0,30161.33314458047
2018-02-02,30286.0,30524.564873721753
2018-02-05,30182.0,30272.426711733195
2018-02-06,29976.0,30213.382144333165
2018-02-07,30103.0,30341.436650419066
2018-02-08,29999.0,29824.073011302462
2018-02-09,30133.0,30453.26572390243
2018-02-12,30195.0,30305.36523185984
2018-02-13,30605.0,29728.036360702696
2018-02-14,30549.0,30310.344937168593
2018-02-15,30785.0,30402.934970041926
2018-02-16,30715.0,30956.81437828146
2018-02-19,30524.0,30376.624635078653
2018-02-20,30459.0,30700.002608971132
2018-02-21,30564.0,30324.326806171703
2018-02-22,30492.0,30266.604889955594
2018-02-23,30518.0,30457.215070864066
2018-02-26,30306.0,29850.761287318015
2018-02-27,30423.0,30173.924468148056
2018-02-28,30181.0,29910.04304824988
2018-03-01,30473.0,30233.815499875738
2018-03-02,30429.0,30320.76087050101
2018-03-05,30568.0,30327.914570134966
2018-03-06,30461.0,30701.60249444241
2018-03-07,30436.0,30342.284846415823
2018-03-08,30408.0,30192.67182855044
2018-03-09,30340.0,30989.227835376812
2018-03-12,30387.0,30627.33513100599
2018-03-13,30413.0,30762.119147132653
2018-03-14,30314.0,30860.029835073878
2018-03-15,30251.0,29936.190918396675
2018-03-16,30432.0,30408.19066499101
2018-03-19,30284.0,30521.910266339746
2018-03-20,30464.0,30393.435906231574
2018-03-21,30506.0,30747.047112408385
2018-03-22,30901.0,30781.631330580487
2018-03-23,30889.0,31133.163794104672
2018-03-26,30717.0,30806.927698275584
2018-03-27,30518.0,30390.17101658119
2018-03-28,30426.0,30666.629740024055
2018-03-29,30961.0,30719.32081391175
2018-04-02,30625.0,30865.697867697472
2018-04-03,30886.0,30922.157839314757
2018-04-04,30505.0,30745.469919338488
2018-04-05,30605.0,30847.3906048295
2018-04-06,30675.0,30917.235456434595
2018-04-09,30798.0,31041.430096358803
2018-04-10,31244.0,32225.564454225518
2018-04-11,30897.0,30654.644081541075
2018-04-12,31005.0,31121.02705639822
2018-04-13,31167.0,30747.532758841833
2018-04-16,31257.0,31011.275443382136
2018-04-17,31410.0,31314.80755128497
2018-04-18,31479.0,31647.48955429343
2018-04-19,31314.0,30981.865132220566
2018-04-20,31164.0,31123.983998079737
2018-04-23,31262.0,31016.65566034977
2018-04-24,31301.0,31019.905360163757
2018-04-25,31158.0,30328.324805500117
2018-04-26,31129.0,30885.176641317288
2018-04-27,30947.0,31192.176406976167
2018-04-30,30874.0,30935.596916403636
2018-05-01,30926.0,30658.76980262716
2018-05-02,31003.0,31089.86159974977
2018-05-03,31068.0,30670.755267725275
2018-05-04,31247.0,30562.097809106363
2018-05-07,31200.0,31219.979685637394
2018-05-08,31303.0,31062.672880100028
2018-05-09,31352.0,30810.5362129177
2018-05-10,31500.0,30621.559180981298
2018-05-11,31496.0,30708.16092212399
2018-05-14,31186.0,30950.797134124365
2018-05-15,31007.0,30834.234084319134
2018-05-16,30986.0,30799.108630761526
2018-05-17,31093.0,30849.109089072397
2018-05-18,31114.0,31030.8946075728
2018-05-21,31111.0,30866.5815779561
2018-05-22,31186.0,30947.26821273403
2018-05-23,31461.0,30703.00955540463
2018-05-24,31194.0,30870.363874481613
2018-05-25,30971.0,31040.34957071117
2018-05-28,31184.0,30939.52421911501
2018-05-29,31030.0,31381.249764125845
2018-05-30,30882.0,30932.02349729226
2018-05-31,30568.0,30601.206269495393
2018-06-01,30708.0,30972.392914220974
2018-06-04,30699.0,30728.63321037575
2018-06-05,30755.0,30844.23539303054
2018-06-06,31055.0,30811.618653352372
2018-06-07,31076.0,30138.41000882202
2018-06-08,31035.0,30926.879172724934
2018-06-11,30952.0,31185.111916455055
2018-06-12,30952.0,30963.901497310893
2018-06-13,31145.0,30188.09293086391
2018-06-14,30804.0,30562.546485717055
2018-06-15,30773.0,30532.81072632478
2018-06-18,30702.0,30944.997810722318
2018-06-19,30605.0,30600.77578522579
2018-06-20,30451.0,30690.69146339259
2018-06-21,30498.0,30735.27414127917
2018-06-22,30540.0,30780.554119406974
2018-06-25,30480.0,30548.342482922228
2018-06-26,30606.0,30410.17695346208
2018-06-27,30431.0,30367.1930500716
2018-06-28,30363.0,30124.630912251458
2018-06-29,30153.0,29916.775528146292
2018-07-02,30469.0,30230.972814981506
2018-07-03,30510.0,30751.267324372646
2018-07-04,30541.0,30301.210606475714
2018-07-05,30582.0,30466.364425688134
2018-07-06,30638.0,30498.46455636245
2018-07-09,30551.0,31272.407060008605
2018-07-10,30344.0,31169.841326071964
2018-07-11,30175.0,30480.688114848992
2018-07-12,30131.0,30369.79794724016
2018-07-13,30103.0,30311.904758556364
2018-07-16,29757.0,30504.68329914134
2018-07-17,29799.0,30033.372341251703
2018-07-18,29913.0,30250.070481678904
2018-07-19,29957.0,29722.981363558956
2018-07-20,29914.0,30327.021801749586
2018-07-23,29912.0,30395.002408512413
2018-07-24,29959.0,30583.968032348184
2018-07-25,29836.0,30559.074171946406
2018-07-26,29805.0,30305.98740414653
2018-07-27,29755.0,30012.592504139433
2018-07-30,29638.0,30300.06847120338
2018-07-31,29462.0,29703.244714542292
2018-08-01,29520.0,29876.9705820912
2018-08-02,29800.0,30271.14844506571
2018-08-03,29563.0,30109.372421347103
2018-08-06,29534.0,29958.68850031682
2018-08-07,29544.0,30416.920815063786
2018-08-08,29605.0,30408.26148313552
2018-08-09,29706.0,30579.956749971403
2018-08-10,29665.0,30762.168738148408
2018-08-13,29664.0,31077.683211059506
2018-08-14,29275.0,30435.1166384868
2018-08-16,29275.0,29769.1528617165
2018-08-17,29435.0,29811.002756860802
2018-08-20,29542.0,30589.63315002495
2018-08-21,29627.0,30767.69348026415
2018-08-22,29576.0,31044.372389750784
2018-08-23,29882.0,30917.083300893042
2018-08-24,29973.0,31030.106737504026
2018-08-27,29981.0,30518.73231865478
2018-08-28,30144.0,30867.54794105431
2018-08-29,30131.0,31153.692528074225
2018-08-30,30116.0,31071.455801244843
2018-08-31,30327.0,30567.101452799972
2018-09-03,30221.0,31578.19576416247
2018-09-04,30310.0,31005.443018889975
2018-09-05,30565.0,31567.80790427306
2018-09-06,30509.0,31097.141716313407
2018-09-07,30725.0,30987.719120064245
2018-09-10,30732.0,31458.495980785978
2018-09-11,30664.0,32149.014428817452
2018-09-12,30470.0,32856.52095875648
2018-09-13,30453.0,32094.81524869265
2018-09-14,30778.0,31427.48510226613
2018-09-17,30811.0,31865.216782065174
2018-09-18,30649.0,32277.892530598576
2018-09-19,30623.0,32813.09275449923
2018-09-20,30609.0,32233.94451442516
2018-09-21,30862.0,31319.010760739613
2018-09-24,30838.0,31865.70170745279
2018-09-25,30608.0,32155.67697680502
2018-09-26,30356.0,32020.45544108054
2018-09-27,30479.0,31152.223665447284
2018-09-28,30614.0,32004.769501609106
2018-10-01,31025.0,31270.08820507247
2018-10-03,31136.0,31423.904112222655
2018-10-04,31233.0,31479.72890459835
2018-10-05,31096.0,31737.248496018292
2018-10-08,31161.0,31407.728808445394
2018-10-09,31247.0,31829.48756213442
2018-10-10,31793.0,32044.639846620947
2018-10-11,31670.0,31684.27046852211
2018-10-12,31877.0,32128.956252802953
2018-10-15,31701.0,31951.94125192488
2018-10-16,31702.0,31952.583568629492
2018-10-17,31885.0,32058.350662929315
2018-10-18,31737.0,32713.44397906878
2018-10-19,31729.0,32661.184725532537
2018-10-22,31871.0,32998.26280430051
2018-10-23,31723.0,32573.23329695584
2018-10-24,31683.0,32834.1858951843
2018-10-25,31764.0,32014.34042852669
2018-10-26,31730.0,32451.304803680232
2018-10-29,31725.0,32105.682073995937
2018-10-30,31631.0,32096.068702347588
2018-10-31,31783.0,32110.590490035174
2018-11-01,31737.0,32468.213591636497
2018-11-02,31783.0,32117.255684029147
2018-11-05,31657.0,31907.25100730837
2018-11-06,31602.0,32163.295081878816
2018-11-07,31408.0,31873.002100807204
2018-11-08,31023.0,31268.388606743385
2018-11-09,31014.0,31026.348029133882
2018-11-12,30778.0,31021.585536798182
2018-11-13,30838.0,30596.37304870707
2018-11-14,30831.0,30589.46756423947
2018-11-15,31017.0,30708.605683149835
2018-11-16,30888.0,30592.67411495864
2018-11-19,30830.0,30660.39440396203
2018-11-20,30839.0,30447.139086986477
2018-11-21,30613.0,30829.657716242957
2018-11-22,30513.0,30459.472135839413
2018-11-23,30574.0,30815.82715588518
2018-11-26,30423.0,30685.794865555832
2018-11-27,30457.0,30845.108702749498
2018-11-28,30253.0,30930.208823595603
2018-11-29,30186.0,31289.914191360454
2018-11-30,30787.0,31030.54227130871
2018-12-03,30964.0,31207.264949193097
2018-12-04,30926.0,31170.297815128313
2018-12-05,31005.0,31248.776873155675
2018-12-06,31440.0,31675.31771065908
2018-12-07,31895.0,32146.73477392193
2018-12-10,31812.0,32062.219753638754
2018-12-11,31626.0,31876.31974794484
2018-12-12,31414.0,31661.830030683283
2018-12-13,31437.0,31685.456223197085
2018-12-14,31501.0,31750.198583908663
2018-12-17,31075.0,31319.90498487709
2018-12-18,31139.0,31385.37849416719
2018-12-19,31219.0,33566.1481198624
2018-12-20,31126.0,32494.425089182707
2018-12-21,31375.0,32112.12352491608
2018-12-24,31463.0,31996.163855054416
2018-12-26,31611.0,32933.839185609744
2018-12-27,31506.0,32529.604681121516
2018-12-28,31489.0,32849.44743880284
2018-12-31,31560.0,33107.58550894915
2019-01-01,31934.0,32410.82233955749
2019-01-02,31939.0,32566.55725546415
2019-01-03,31679.0,32615.901551662617
2019-01-04,31652.0,31902.296092887085
2019-01-07,31736.0,33013.596701822455
2019-01-08,31993.0,33263.92600061203
2019-01-09,31878.0,32413.814656762523
2019-01-10,31924.0,33399.64835264478
2019-01-11,32130.0,33200.940369645396
2019-01-14,32169.0,33326.09858649203
2019-01-15,32272.0,33806.23304037889
2019-01-16,32253.0,33069.41976141897
2019-01-17,32089.0,33243.471580541125
2019-01-18,32039.0,33140.976352531725
2019-01-21,32154.0,33749.014674010745
2019-01-22,32135.0,33712.55151772469
2019-01-23,32016.0,33361.394615923055
2019-01-24,32339.0,33330.97673670178
2019-01-25,32536.0,33649.01362329218
2019-01-28,32891.0,32959.14660067482
2019-01-29,32903.0,33533.43979993602
2019-01-30,33100.0,33601.52986179829
2019-01-31,33405.0,33668.99643806664
2019-02-01,33455.0,33565.76694361265
2019-02-04,33381.0,33644.9526957169
2019-02-05,33222.0,34082.98640054595
2019-02-06,33056.0,33273.78204682635
2019-02-07,33125.0,33368.97245257423
2019-02-08,32931.0,33134.94592377504
2019-02-11,32747.0,33136.663428471686
2019-02-12,32909.0,33167.99306474428
2019-02-13,32970.0,33192.50915035692
2019-02-14,33263.0,33526.03718068041
2019-02-15,33463.0,33442.37101120522
2019-02-18,33753.0,33487.70677888148
2019-02-19,33719.0,33607.60193284986
2019-02-20,33302.0,33040.572824663
2019-02-21,33369.0,33632.882593990515
2019-02-22,33159.0,33421.38647554167
2019-02-25,33228.0,32876.86110395823
2019-02-26,33171.0,33298.59536555786
2019-02-27,32902.0,33202.44029954503
2019-02-28,32533.0,32789.964099087636
2019-03-01,32505.0,32761.050926435608
2019-03-04,32015.0,32293.412632554784
2019-03-05,31954.0,32206.465647406687
2019-03-06,31946.0,32198.886749429606
2019-03-07,32174.0,32428.677214686864
2019-03-08,31915.0,32166.37994535807
2019-03-11,32015.0,32267.432013213573
2019-03-12,32225.0,31972.380588451684
2019-03-13,31832.0,32082.28605832574
2019-03-14,31853.0,32103.597395086388
2019-03-15,31685.0,31873.967923385815
2019-03-18,31985.0,31736.829165999763
2019-03-19,31740.0,32844.918874245326
2019-03-20,31842.0,32917.95000595552
2019-03-21,32155.0,32816.9147755056
2019-03-22,32223.0,33219.48679663825
2019-03-25,32113.0,34658.7687700026
2019-03-26,32019.0,34031.39730146975
2019-03-27,31624.0,34218.43725866534
2019-03-28,31703.0,31984.321282338045
2019-03-29,31570.0,33221.315023517855
2019-04-01,31535.0,33739.979866996124
2019-04-02,31450.0,34165.81095575899
2019-04-03,31503.0,33697.859902392825
2019-04-04,31566.0,34315.641572999426
2019-04-05,32076.0,33779.897068716935
2019-04-08,32098.0,33032.321871041335
2019-04-09,32174.0,33615.532515766194
2019-04-10,31663.0,34125.332302565905
2019-04-11,31760.0,32010.432140233603
2019-04-12,31760.0,32200.521165150545
2019-04-15,31474.0,32782.28260736392
2019-04-16,31410.0,32749.984947052526
2019-04-17,31403.0,32968.96185530852
2019-04-18,31531.0,32941.831318880046
2019-04-22,31525.0,33999.43293823558
2019-04-23,31759.0,33197.28928156959
2019-04-24,31843.0,33908.06677919747
2019-04-25,31868.0,33895.41461242556
2019-04-26,31625.0,34019.45313815331
2019-04-30,31563.0,33626.045322619466
2019-05-01,31203.0,33594.55969791599
2019-05-02,31341.0,33460.563141291306
2019-05-03,31578.0,34443.603380743225
2019-05-06,31739.0,34118.01904215199
2019-05-07,31697.0,34717.61781838736
2019-05-08,31926.0,35299.15174979846
2019-05-09,31917.0,35284.74010631531
2019-05-10,32499.0,36118.689802448054
2019-05-13,32248.0,34128.81695828191
2019-05-14,32261.0,33488.01329878686
2019-05-15,31985.0,33656.27575321362
2019-05-16,31809.0,33236.45186093285
2019-05-17,31566.0,33899.82046025028
2019-05-20,31442.0,33685.14194975913
2019-05-21,31452.0,33951.893083193325
2019-05-22,31696.0,34733.9907123772
2019-05-23,31554.0,32906.74467399085
2019-05-24,31630.0,34560.60250584839
2019-05-27,31569.0,33508.281402512
2019-05-28,31760.0,33997.269600351756
2019-05-29,31831.0,34707.845281651025
2019-05-30,32131.0,33549.48293035687
2019-05-31,32405.0,34599.94466654931
2019-06-03,32465.0,33270.74919047058
2019-06-04,32607.0,33631.67822280361
2019-06-05,32734.0,33823.78465655928
2019-06-06,32867.0,34280.946677565196
2019-06-07,32611.0,33183.15744180735
2019-06-10,32576.0,33616.36097830313
2019-06-11,32685.0,34816.228075173836
2019-06-12,32884.0,35121.42151737617
2019-06-13,32984.0,34411.626388558114
2019-06-14,32961.0,35024.619348272805
2019-06-17,32939.0,34335.16700074064
2019-06-18,32976.0,35855.427241982725
2019-06-19,33838.0,35502.16712343454
2019-06-20,33960.0,34228.45025941642
2019-06-21,34214.0,34484.376814722666
2019-06-24,34300.0,34570.09990787062
2019-06-25,34135.0,34404.779923299735
2019-06-26,33931.0,35098.0703440019
2019-06-27,33947.0,35619.35664962043
2019-06-28,33348.0,36992.46368194977
2019-07-01,33779.0,34044.907759179325
2019-07-02,34077.0,34346.20925011179
2019-07-03,34023.0,34291.57289461368
2019-07-04,34370.0,34641.57551625952
2019-07-05,34535.0,34807.95492608997
2019-07-08,34533.0,34805.516648860124
2019-07-09,34765.0,36576.60207158935
2019-07-10,34612.0,36521.441053764785
2019-07-11,34812.0,36852.28189845558
2019-07-12,34792.0,37217.70128241247
2019-07-15,34738.0,38233.638957397925
2019-07-16,35039.0,37022.98890700185
2019-07-17,35117.0,40116.031971560704
2019-07-18,35033.0,38945.580678403516
2019-07-19,35143.0,36807.31737260675
2019-07-22,35030.0,36968.39858636347
2019-07-23,35036.0,38660.465979989116
2019-07-24,34850.0,37342.611326156424
2019-07-25,34815.0,37452.64242756195
2019-07-26,34788.0,37059.39747377583
2019-07-29,34737.0,36371.74912957752
2019-07-30,34714.0,36997.66485577904
2019-07-31,35134.0,35966.11501958013
2019-08-01,35705.0,35987.5244640217
2019-08-02,36711.0,36422.47767898519
2019-08-05,37182.0,37474.67049975466
2019-08-06,37899.0,38197.2159890469
2019-08-07,37311.0,37605.18792772409
2019-08-08,37558.0,37853.980524626335
2019-08-09,37812.0,37515.654205147475
2019-08-12,37268.0,36976.62037394413
2019-08-13,37688.0,37986.632730246965
2019-08-14,37487.0,37782.80383354398
2019-08-16,37484.0,37190.33451870438
2019-08-19,37640.0,37344.964937631485
2019-08-20,37598.0,37894.84796666388
2019-08-21,37779.0,38076.63122579023
2019-08-22,38357.0,38056.508415210454
2019-08-23,38415.0,38114.70142298706
2019-08-26,38644.0,38397.145558336575
2019-08-27,38772.0,39077.8919688468
2019-08-28,38426.0,38124.590529555244
2019-08-29,38300.0,38602.044864765194
2019-08-30,38708.0,38404.233703239894
2019-09-02,39314.0,39625.143899549286
2019-09-03,39337.0,39342.360332985874
2019-09-04,38504.0,38807.314189744444
2019-09-05,38551.0,38249.46555926419
2019-09-06,38459.0,38762.17670181282
2019-09-09,38248.0,38548.76868135532
2019-09-10,37965.0,38263.78409838517
2019-09-11,37747.0,37797.549957686664
2019-09-12,37517.0,37812.740302379374
2019-09-13,38161.0,38461.26313249501
2019-09-16,37995.0,38293.33648269211
2019-09-17,37837.0,38135.82541026597
2019-09-18,37672.0,37377.4441219189
2019-09-19,37669.0,37967.118493871305
2019-09-20,37905.0,38066.290834098996
2019-09-23,38091.0,38711.22298172139
2019-09-24,37571.0,40567.78137770844
2019-09-25,37773.0,38071.64888883611
2019-09-26,37706.0,39040.25828561055
2019-09-27,36873.0,38968.87739925171
2019-09-30,37377.0,37672.77909380505
2019-10-01,38012.0,37758.20152820185
2019-10-03,38002.0,37704.937337232135
2019-10-04,37978.0,37681.31231517754
2019-10-07,38242.0,37941.77174909861
2019-10-08,38384.0,38084.06948924015
2019-10-09,38120.0,37914.1638805803
2019-10-10,37839.0,37665.533077526656
2019-10-11,38250.0,38552.69137707992
2019-10-14,38067.0,37868.50970631455
2019-10-15,38248.0,37949.249482526204
2019-10-16,38216.0,38889.896058942766
2019-10-17,38121.0,38593.89232876732
2019-10-18,37969.0,38177.266263482015
2019-10-21,38025.0,37915.33972340041
2019-10-22,38124.0,37825.94262083162
2019-10-23,38452.0,38150.376776612466
2019-10-24,38362.0,38568.62529933616
2019-10-25,38280.0,37804.56849449215
2019-10-27,38103.0,38403.54985009179
2019-10-28,38110.0,36711.641492909446
2019-10-29,38369.0,36928.34108732773
2019-10-30,38842.0,35964.92066012078
2019-10-31,38652.0,37407.24280485188
2019-11-01,38734.0,37595.738420959264
2019-11-04,38458.0,37264.090695057996
2019-11-05,38239.0,37939.263676964125
2019-11-06,37595.0,37891.37691521517
2019-11-07,37705.0,38002.060220151856
2019-11-08,37688.0,37392.583002307445
2019-11-11,37740.0,37445.01298905502
2019-11-12,38107.0,37998.101181807695
2019-11-13,38269.0,37969.6176568204
2019-11-14,38002.0,38302.231349623464
2019-11-15,38228.0,37802.40385938863
2019-11-18,38206.0,38043.52569561458
2019-11-19,38155.0,37865.17499784983
2019-11-20,37971.0,38486.59857052837
2019-11-21,37927.0,37863.14741909916
2019-11-22,37782.0,38080.49490832149
2019-11-25,37775.0,37763.33027842867
2019-11-26,37578.0,37667.10661250843
2019-11-27,37780.0,37483.22665534175
2019-11-28,37961.0,37907.38728573229
2019-11-29,37915.0,38246.086709056166
2019-12-02,38267.0,38568.25609766757
2019-12-03,38188.0,38686.173364402355
2019-12-04,38095.0,37828.33594691957
2019-12-05,37748.0,37452.5451959103
2019-12-06,37638.0,36639.333154276246
2019-12-09,37604.0,36944.82999098817
2019-12-10,37693.0,37125.95853225799
2019-12-11,37559.0,36952.36137944798
2019-12-12,37776.0,37479.802585984435
2019-12-13,37873.0,37575.702356479196
2019-12-16,37961.0,36637.06503102777
2019-12-17,37932.0,37633.910129244425
2019-12-18,38110.0,36934.04838414012
2019-12-19,38002.0,37655.266529429355
2019-12-20,38231.0,36851.36663191985
2019-12-23,38624.0,37733.869981896954
2019-12-24,38767.0,38191.18948972334
2019-12-26,38978.0,37963.53488338223
2019-12-27,38823.0,38519.84085506637
2019-12-30,38999.0,37185.895152906545
2019-12-31,38938.0,38174.410336797315
2020-01-01,39220.0,37929.16632722064
2020-01-02,39925.0,39612.10868663561
2020-01-03,40448.0,40130.988092580636
2020-01-06,40635.0,40318.27162231278
2020-01-07,40078.0,39763.66233265822
2020-01-08,39806.0,40120.73973151376
2020-01-09,39849.0,40162.6158634649
2020-01-10,39541.0,39852.55175903678
2020-01-13,39443.0,39753.72989252311
2020-01-14,39598.0,39286.90932025768
2020-01-15,39676.0,39990.010749646826
2020-01-16,39920.0,39870.641766071894
2020-01-17,39927.0,40242.850525278955
2020-01-20,39892.0,39579.67795348586
2020-01-21,39893.0,39579.685423052455
2020-01-22,40255.0,39888.353535459515
2020-01-23,40322.0,40005.094980007314
2020-01-24,40557.0,40236.00579019277
2020-01-27,40200.0,40377.32764987987
2020-01-28,40321.0,40201.852408763436
2020-01-29,40897.0,40575.74317989084
2020-01-30,41012.0,41204.857434928716
2020-01-31,41099.0,41422.515674229006
2020-02-01,40633.0,40314.61460458967
2020-02-03,40056.0,40372.02774266541
2020-02-04,40213.0,40061.59733799062
2020-02-05,40287.0,39972.835246513154
2020-02-06,40563.0,40246.630040258126
2020-02-07,40607.0,39094.80795207508
2020-02-10,40353.0,40037.454886852356
2020-02-11,40427.0,39382.720851156766
2020-02-12,40580.0,39444.14138788423
2020-02-13,40879.0,38203.94584716261
2020-02-14,40686.0,38559.1214409834
2020-02-17,41311.0,37896.91271732757
2020-02-18,41463.0,41137.67872994639
2020-02-19,41886.0,41556.759267489964
2020-02-20,42511.0,40892.68080462875
2020-02-21,43456.0,43114.79732019651
2020-02-24,42675.0,42340.445289051255
2020-02-25,42349.0,42017.39146722112
2020-02-26,42193.0,41862.60469603452
2020-02-27,41763.0,41436.755122414615
2020-02-28,42017.0,41687.622639968846
2020-03-02,43100.0,42761.83000990857
2020-03-03,43235.0,42896.74550122307
2020-03-04,43874.0,43530.43588527674
2020-03-05,44098.0,43751.56304837794
2020-03-06,44308.0,43960.06437167887
2020-03-09,43694.0,44039.304384571566
2020-03-10,43334.0,42996.43536171931
2020-03-11,42217.0,41886.97666737204
2020-03-12,40382.0,40700.702036419745
2020-03-13,39548.0,39860.01752634426
2020-03-16,40279.0,40596.39484051653
2020-03-17,39764.0,40078.121388881285
2020-03-18,39889.0,40202.54106701124
2020-03-19,40419.0,40738.43671659955
2020-03-20,41317.0,41644.03304348042
2020-03-23,41873.0,42201.963645480115
2020-03-24,42713.0,43050.05095522971
2020-03-25,43631.0,43937.61751345879
2020-03-26,43590.0,43923.550171077324
2020-03-27,43883.0,44230.346460887864
2020-03-30,43225.0,43566.490765831
2020-03-31,43578.0,43923.19708574091
2020-04-01,44298.0,43950.80652625852
2020-04-03,45043.0,45396.63185829994
2020-04-07,44944.0,45297.20465429026
2020-04-08,45279.0,44924.4443379537
2020-04-09,46270.0,45906.288426859275
2020-04-13,46696.0,46330.70574891956
2020-04-15,47203.0,46834.02680079825
2020-04-16,45855.0,45496.04159781338
2020-04-17,45724.0,45365.12548424201
2020-04-20,45383.0,45026.588035825145
2020-04-21,46189.0,45827.00792295231
2020-04-22,46475.0,46112.74147604256
2020-04-23,46550.0,46186.326716998585
2020-04-24,46353.0,45990.14458906425
2020-04-27,46188.0,46331.600404413
2020-04-28,45439.0,45084.4944099127
2020-04-29,44647.0,44297.459551266205
2020-04-30,45251.0,44898.33663358191
2020-05-01,45762.0,45402.81275949156
2020-05-04,45539.0,45181.383802135744
2020-05-05,45387.0,45744.343763916666
2020-05-06,46147.0,45785.206276180994
2020-05-07,45820.0,45460.60801461455
2020-05-08,45785.0,45427.79656434012
2020-05-11,45635.0,45994.49467654926
2020-05-12,45983.0,45622.98441300319
2020-05-13,46631.0,46999.83451008716
2020-05-14,47352.0,47724.559339955114
2020-05-15,46652.0,47019.664077721754
2020-05-18,47036.0,46669.34197396108
2020-05-19,47129.0,46759.73297923803
2020-05-20,46417.0,46782.484572614114
2020-05-21,47057.0,47428.824235029635
2020-05-22,46953.0,46585.39891434233
2020-05-25,46393.0,46397.22979127853
2020-05-26,46647.0,47016.25107445261
2020-05-27,46474.0,46841.38642560296
2020-05-28,46858.0,46492.44734265849
2020-05-29,47018.0,47389.5608283722
2020-06-01,46796.0,46429.083271672585
2020-06-02,46203.0,46568.007357063936
2020-06-03,46781.0,46538.13046424715
2020-06-04,46346.0,46712.180771705694
2020-06-05,46110.0,45750.7096811709
2020-06-08,46595.0,46826.87415623947
2020-06-09,46629.0,46996.86596186092
2020-06-10,47405.0,47032.965466709975
2020-06-11,47325.0,47089.55982618581
2020-06-12,46999.0,47369.749668485616
2020-06-15,47534.0,47910.00335921507
2020-06-16,47320.0,47692.47194484229
2020-06-17,47328.0,47701.36486379553
2020-06-18,47907.0,47530.508316647385
2020-06-19,47912.0,48290.93767599596
2020-06-22,48186.0,48565.403762011345
2020-06-23,48105.0,48484.5531793637
2020-06-24,47952.0,48331.35106781183
2020-06-25,48363.0,47985.40674079064
2020-06-26,48194.0,48572.99558793316
2020-06-29,48861.0,49247.51588570291
2020-06-30,48400.0,48783.06312806009
2020-07-01,48437.0,48819.09652698493
2020-07-02,48336.0,48718.066231636774
2020-07-03,48247.0,47868.67875903211
2020-07-06,48796.0,48414.87339423984
2020-07-07,49160.0,48476.83446100561
2020-07-08,48896.0,48512.578880964786
2020-07-09,48883.0,48499.85501432796
2020-07-10,49180.0,49566.51719779074
2020-07-13,49277.0,48890.16815023716
2020-07-14,49182.0,49292.0143706551
2020-07-15,48811.0,49195.59408235617
2020-07-16,49001.0,48616.55261221833
2020-07-17,49067.0,48682.6829482118
2020-07-20,49559.0,49169.49990883574
2020-07-21,50115.0,49721.80118988081
2020-07-22,50762.0,50365.15623683503
2020-07-23,51120.0,50719.37618437283
2020-07-24,52227.0,51817.01692659658
2020-07-27,52731.0,52316.72532998887
2020-07-28,53207.0,52790.336852791275
2020-07-29,52986.0,52570.58045417703
2020-07-30,53582.0,53164.01885921181
2020-07-31,53927.0,53504.85939987722
2020-08-03,54784.0,54355.56203150966
2020-08-04,55597.0,55161.790829627425
2020-08-05,56117.0,55678.53384670225
2020-08-06,55018.0,54587.04318638641
2020-08-07,55243.0,54809.91220469665
2020-08-10,52144.0,51735.596048336185
2020-08-11,52505.0,52094.79453907643
2020-08-12,53148.0,52731.77113867616
2020-08-13,52451.0,52038.50019233739
2020-08-14,53435.0,53015.763350281726
2020-08-17,53738.0,53319.25494684036
2020-08-18,52824.0,52409.88102127054
2020-08-19,52302.0,51893.01370079255
2020-08-20,52045.0,51636.8128488566
2020-08-21,51385.0,50984.17846082598
2020-08-24,50936.0,50537.05666419831
2020-08-25,51619.0,51215.38809232821
2020-08-26,50507.0,50110.70926011628
2020-08-27,51050.0,50651.95379082879
2020-08-28,51099.0,50697.49193934271
2020-08-31,51017.0,50618.57964250949
2020-09-01,50577.0,50179.23346330862
2020-09-02,50768.0,51027.40561597749
2020-09-03,50728.0,50331.13329009126
2020-09-04,51149.0,50748.768057058674
2020-09-07,51433.0,51031.43005946038
2020-09-08,51486.0,51081.45927027215
2020-09-09,51832.0,51426.448958670895
2020-09-10,51393.0,50989.36476808201
2020-09-11,51759.0,51352.218373829695
2020-09-14,51818.0,50926.247105728995
2020-09-15,51876.0,51470.661530478224
2020-09-16,51498.0,50455.46240663514
2020-09-17,51764.0,50889.41681445831
2020-09-18,50512.0,50115.35951486338
2020-09-21,50454.0,50060.60438417277
2020-09-22,49576.0,49187.46770182392
2020-09-23,49959.0,49568.77975950099
2020-09-24,49539.0,49149.93309796041
2020-09-25,49928.0,49537.50530182113
2020-09-28,50607.0,50210.55655231064
2020-09-29,50232.0,49837.72038116131
2020-09-30,50345.0,49949.64246314966
2020-10-01,50809.0,50410.83816196722
2020-10-05,50617.0,50219.87555914786
2020-10-06,50133.0,49741.578817274
2020-10-07,50239.0,49844.76610429039
2020-10-08,50872.0,50276.958855755496
2020-10-09,51166.0,50764.98634692488
2020-10-12,50306.0,49912.43698890963
2020-10-13,50614.0,50217.055039895
2020-10-14,50775.0,50378.667402435996
2020-10-15,50605.0,50207.42375653433
2020-10-16,50751.0,48232.925856021364
2020-10-19,50937.0,48476.99917981393
2020-10-20,51313.0,46538.27304697615
2020-10-21,50741.0,47743.14313618904
2020-10-22,50820.0,45978.36157670081
2020-10-23,50953.0,45334.76034064097
2020-10-26,50984.0,45949.83386054306
2020-10-27,50483.0,48701.01224984649
2020-10-28,50276.0,46039.09001677675
2020-10-29,50641.0,44516.51224356825
2020-10-30,51032.0,44862.18383296575
2020-11-02,51509.0,50162.792229475774
2020-11-03,50829.0,48371.55482319566
2020-11-04,51901.0,47794.70471140504
2020-11-05,52190.0,51781.70689190502
2020-11-06,49795.0,49404.565087283925
2020-11-09,50561.0,50165.47089844433
2020-11-10,50230.0,49837.10892120515
2020-11-11,50652.0,50256.07541863609
2020-11-12,50956.0,50557.71764585179
2020-11-13,50945.0,50544.915113720475
2020-11-14,50870.0,50473.52572447271
2020-11-16,50806.0,50409.22460399683
2020-11-17,50377.0,49984.42985343381
2020-11-18,50063.0,49670.41572689263
2020-11-19,50279.0,49886.48728581385
2020-11-20,49555.0,49897.61082931402
2020-11-23,48683.0,48301.42874446511
2020-11-24,48568.0,48187.26363224051
2020-11-25,48597.0,48326.511566424306
2020-11-26,48189.0,47811.977763187795
2020-11-27,47898.0,48276.161752225016
2020-11-30,48641.0,48261.08743448941
2020-12-01,48959.0,48575.366227117745
2020-12-02,49061.0,49448.37058555351
2020-12-03,49322.0,48935.343341959146
2020-12-04,49923.0,49532.70355578757
2020-12-07,50049.0,49656.52124383731
2020-12-08,49256.0,48871.29045449806
2020-12-09,49081.0,48698.11385193877
2020-12-10,49306.0,46197.88933031415
2020-12-11,48916.0,48531.28890556801
2020-12-14,49416.0,49028.29262893005
2020-12-15,49544.0,49156.79173548281
2020-12-16,50263.0,46645.40664217664
2020-12-17,50100.0,49706.87744266671
2020-12-18,50146.0,49751.92678714959
2020-12-21,49768.0,49377.77558175544
2020-12-22,49909.0,50092.61261495807
2020-12-23,49787.0,49396.00875421137
2020-12-24,49761.0,49371.429024185134
2020-12-28,49722.0,48230.43461631703
2020-12-29,49881.0,47833.30054480852
2020-12-30,50081.0,46878.170229016236
2020-12-31,50081.0,49688.289378195135
2021-01-01,51349.0,46251.62035745437
2021-01-04,51456.0,51053.26872782337
2021-01-05,50545.0,50147.86113059257
2021-01-06,50918.0,50521.174742588555
2021-01-07,49035.0,48651.205858498564
2021-01-08,49386.0,48998.25537779016
2021-01-11,49098.0,48715.41957475753
2021-01-12,49354.0,49743.411587281546
2021-01-13,49238.0,49156.948545185114
2021-01-14,48745.0,49129.961255295726
2021-01-15,48918.0,48536.340982325
2021-01-18,49011.0,48625.76673105731
2021-01-19,49528.0,49141.18026750087
2021-01-20,49418.0,49029.57215983555
2021-01-21,49131.0,48745.53448622709
2021-01-22,49144.0,48759.56947938314
2021-01-25,48879.0,48495.02230734406
2021-01-27,48672.0,49056.518708603515
2021-01-28,49111.0,48727.12555202005
2021-01-29,48424.0,48806.69515677512
2021-02-01,47752.0,47378.44657639283
2021-02-02,47703.0,47329.34094991191
2021-02-03,46695.0,46330.11076450232
2021-02-04,46978.0,46610.081513463956
2021-02-05,47726.0,47354.19511728169
2021-02-08,47818.0,47442.87628292347
2021-02-09,47863.0,47488.897263789164
2021-02-10,47377.0,47579.4476435585
2021-02-11,47169.0,46799.26758058814
2021-02-12,47118.0,46748.72587609474
2021-02-15,46777.0,46412.09400546681
2021-02-16,46134.0,45772.24058964576
2021-02-17,46046.0,46409.49739545321
2021-02-18,46095.0,45734.79642023434
2021-02-19,46782.0,46414.53365134257
2021-02-22,46632.0,46999.360054287514
2021-02-23,46369.0,46735.382531289964
2021-02-24,46085.0,46112.39074718149
2021-02-25,45569.0,45211.71558249932
2021-02-26,45021.0,44668.84867047907
2021-03-01,45224.0,45188.99773078143
2021-03-02,44721.0,44884.91969049726
2021-03-03,44581.0,44932.62945089166
2021-03-04,44442.0,44791.97559007444
2021-03-05,44233.0,44582.2929524631
2021-03-08,44844.0,44839.99998189643
2021-03-09,44774.0,45125.516150614014
2021-03-10,44876.0,45228.89868823677
2021-03-11,44737.0,44595.603529951644
2021-03-12,44906.0,45260.864946710404
2021-03-15,44820.0,45173.01420558577
2021-03-16,44848.0,44987.406136798614
2021-03-17,44942.0,44589.05100234029
2021-03-18,45008.0,44654.95288327633
2021-03-19,44885.0,45239.962145829566
2021-03-22,44636.0,44988.717457952676
2021-03-23,44841.0,45194.800734120916
2021-03-24,44726.0,45079.000419577256
2021-03-25,44629.0,45260.19677202144
2021-03-26,43754.0,44627.671702360494
2021-03-29,43941.0,44248.71050086015
2021-03-30,44418.0,44769.572193391694
2021-03-31,44957.0,45310.15847149401
2021-04-01,44985.0,45339.2700753901
2021-04-05,45685.0,46045.03860647547
2021-04-06,46128.0,45767.5224934169
2021-04-07,46576.0,46211.47370652258
2021-04-08,46344.0,45980.09672887256
2021-04-09,46188.0,45825.32311796976
2021-04-12,46674.0,43294.14056272766
2021-04-13,46317.0,45954.81598357837
2021-04-14,46881.0,43779.432436852265
2021-04-15,47022.0,46653.36002754452
2021-04-16,47084.0,47455.512656688836
2021-04-19,47498.0,47126.83883462512
2021-04-20,47892.0,47516.306541322396
2021-04-21,47426.0,47053.64902990783
2021-04-22,47169.0,46767.585772825514
2021-04-23,47117.0,46748.79340291814
2021-04-26,46960.0,47190.58470857588
2021-04-27,46697.0,45939.643817361146
2021-04-28,46400.0,46036.64978801547
2021-04-29,46431.0,46067.33026550344
2021-04-30,46963.0,46596.46063386404
2021-05-03,46782.0,46957.06460633196
2021-05-04,46591.0,46013.48862755229
2021-05-05,47536.0,46690.617299923484
2021-05-06,47719.0,47345.008681853804
2021-05-07,47925.0,47564.72038077076
2021-05-10,47625.0,47251.24094998313
2021-05-11,47491.0,47118.81791315909
2021-05-12,47452.0,47827.12183572164
2021-05-13,47682.0,47307.7008481537
2021-05-14,48437.0,48058.37915693984
2021-05-17,48288.0,47908.595408665526
2021-05-18,48660.0,48277.669151315444
2021-05-19,48519.0,48137.87963165509
2021-05-20,48368.0,47988.42075829258
2021-05-21,48514.0,48132.766146244896
2021-05-24,48780.0,48398.38769739135
2021-05-25,48728.0,49112.94424372233
2021-05-26,48561.0,48180.46085913018
2021-05-27,48543.0,46612.590817792494
2021-05-28,48807.0,46881.87092021617
2021-05-31,48935.0,46410.22116281843
2021-06-01,49108.0,49263.23617552328
2021-06-02,48293.0,48675.076457646224
2021-06-03,48650.0,48270.962022935964
2021-06-04,48911.0,48528.40523987684
2021-06-07,48908.0,48393.65808118023
2021-06-08,48904.0,46564.88086367679
2021-06-09,48975.0,46499.55871468685
2021-06-10,48717.0,46692.790050660275
2021-06-11,48318.0,45788.359733220525
2021-06-14,48230.0,47251.34967243917
2021-06-15,48279.0,45716.491346405935
2021-06-16,46781.0,44228.878418976776
2021-06-17,46592.0,46227.35206745979
2021-06-18,46904.0,47150.79225257711
2021-06-21,46838.0,47207.914615621165
2021-06-22,46921.0,46552.526312021175
2021-06-23,46701.0,46334.62871983175
2021-06-24,46757.0,46390.70857324264
2021-06-25,46821.0,45315.47984571069
2021-06-28,46438.0,46075.14667365917
2021-06-29,46817.0,45656.04405671959
2021-06-30,46985.0,46618.01302003611
2021-07-01,47286.0,46916.55564926722
2021-07-02,47567.0,46519.614364337765
2021-07-05,47694.0,47321.70940482139
2021-07-06,47887.0,47512.91323341874
2021-07-07,47735.0,47443.513685442624
2021-07-08,47898.0,48276.88518973958
2021-07-09,47768.0,47757.6543331565
2021-07-12,47887.0,47510.82226506096
2021-07-13,48265.0,48647.04184489145
2021-07-14,48358.0,48075.09250373418
2021-07-15,48040.0,47663.31019106896
2021-07-16,48069.0,46818.426054180934
2021-07-19,47861.0,47165.56469397156
2021-07-20,47584.0,47220.48385239726
2021-07-21,47624.0,46414.58497231124
2021-07-22,47521.0,45951.843215268535
2021-07-23,47455.0,46670.2056866663
2021-07-26,47551.0,45928.23290084587
2021-07-27,47535.0,45682.93251955824
2021-07-28,48210.0,45165.649853979485
2021-07-29,47901.0,46575.79822706512
2021-07-30,47937.0,47561.01506504303
2021-08-02,47854.0,47007.36742699575
2021-08-03,47872.0,45603.09445302083
2021-08-04,47959.0,46121.119564749526
2021-08-05,46682.0,44436.440757968325
2021-08-06,45949.0,45716.74965527994
2021-08-09,45936.0,46297.259650095475
2021-08-10,46351.0,46089.07287577956
2021-08-11,46335.0,46700.62407211604
2021-08-12,46886.0,46519.71956163234
2021-08-13,47138.0,46768.54765687897
2021-08-16,47206.0,46835.16003571389
2021-08-17,47069.0,46699.830767829975
2021-08-18,47119.0,46484.72828302659
2021-08-19,47110.0,46992.27345749064
2021-08-20,47511.0,46081.7485188276
2021-08-23,47532.0,47648.06413014893
2021-08-24,47108.0,45969.534196052344
2021-08-25,47163.0,46036.400916755316
2021-08-26,47416.0,45930.49639411973
2021-08-27,47049.0,46225.2450736106
2021-08-30,47060.0,46333.5244449446
2021-08-31,47093.0,46723.91673870182
2021-09-01,47048.0,45639.187500214066
2021-09-02,47342.0,46170.50781490626
2021-09-03,47450.0,46329.35525882396
2021-09-06,46989.0,44847.21482843313
2021-09-07,47072.0,46466.42351675708
2021-09-08,47021.0,46652.18196792672
2021-09-09,46858.0,45945.338884398894
2021-09-10,46946.0,45484.80821485989
2021-09-13,47267.0,45423.762748675326
2021-09-14,46949.0,46581.88812776841
2021-09-15,46120.0,46138.166217658385
2021-09-16,46025.0,45663.8702626351
2021-09-17,46297.0,46663.29158802152
2021-09-20,46641.0,46695.33960749902
2021-09-21,46682.0,46316.84250858662
2021-09-22,46083.0,45720.82820182866
2021-09-23,45995.0,46357.96342168851
2021-09-24,46064.0,45702.30600538379
2021-09-27,45819.0,45746.96802188766
2021-09-28,45550.0,45909.72725045242
2021-09-29,46221.0,45576.41593865661
2021-09-30,46315.0,46679.02115762263
2021-10-01,46618.0,47972.305087552435
2021-10-04,46459.0,46826.37545434658
2021-10-05,46781.0,47160.22654980297
2021-10-06,46737.0,46978.07380417318
2021-10-07,46922.0,47291.79928319133
2021-10-08,46941.0,46720.286880780484
2021-10-11,47097.0,46726.82407614896
2021-10-12,47753.0,47828.0678760065
2021-10-13,47748.0,48124.25946612268
2021-10-14,47106.0,47478.11165508787
2021-10-15,47186.0,46962.4744480326
2021-10-18,47196.0,47085.95358136237
2021-10-19,47380.0,48622.52901448453
2021-10-20,47314.0,47688.39781587742
2021-10-21,47668.0,47757.15823216481
2021-10-22,48030.0,47210.33398624931
2021-10-25,47680.0,48056.07441130108
2021-10-26,47804.0,48902.68484660726
2021-10-27,47777.0,47578.92716534685
2021-10-28,47502.0,47486.81837914423
2021-10-29,47692.0,47319.26929179317
2021-11-01,47683.0,48373.15723802782
2021-11-02,46961.0,47330.5235817207
2021-11-03,47559.0,47241.04246404871
2021-11-04,47959.0,48315.12607269776
2021-11-05,48025.0,48402.86016321766
2021-11-08,48263.0,47884.59397797198
2021-11-09,48857.0,48473.67470030671
2021-11-10,49208.0,48945.148340123254
2021-11-11,49277.0,49666.32306152221
2021-11-12,49269.0,48882.42715928508
2021-11-15,49038.0,48654.32943342432
2021-11-16,49262.0,48875.27035526705
2021-11-17,49047.0,49434.781880466326
2021-11-18,48829.0,48728.81551962592
2021-11-19,47963.0,48342.41392748483
2021-11-22,47460.0,47282.67183585523
2021-11-23,47469.0,47096.84634721688
2021-11-24,47444.0,47689.999061889495
2021-11-25,47610.0,47986.02171993339
2021-11-26,47613.0,47670.88911286562
2021-11-29,47439.0,47813.98016138648
2021-11-30,47525.0,47901.4888818105
2021-12-01,47307.0,47252.12251005659
2021-12-02,47425.0,47204.4519329016
2021-12-03,47787.0,47769.94932395758
2021-12-06,47922.0,48301.07073954024
2021-12-07,47900.0,48278.98228184709
2021-12-08,47802.0,48180.25454512237
2021-12-09,47993.0,47616.83536091559
2021-12-10,48106.0,48256.55653960513
2021-12-13,47895.0,47525.98588070615
2021-12-14,47900.0,47281.1221513485
2021-12-15,48407.0,46905.198899663
2021-12-16,48467.0,48410.55191226986
2021-12-17,48130.0,48510.71382875914
2021-12-20,47933.0,47556.65263363257
2021-12-21,48026.0,47571.23769211359
2021-12-22,48012.0,47587.84702542878
2021-12-23,47982.0,46976.58120639647
2021-12-24,47933.0,47557.1263106278
2021-12-27,47888.0,47147.29847870007
2021-12-28,47673.0,46852.94678681992
2021-12-29,47746.0,46828.969621021184
2021-12-30,47994.0,46786.424335392985
2021-12-31,47473.0,47025.11696694019
2022-01-03,47763.0,47388.35722274594
2022-01-04,47974.0,47599.09146144274
2022-01-05,47499.0,47127.25598777731
2022-01-06,47481.0,47856.16639413314
2022-01-07,47471.0,47846.511070463945
2022-01-10,47694.0,47104.80674895033
2022-01-11,47802.0,48063.10262649826
2022-01-12,47759.0,48116.46209094505
2022-01-13,47803.0,48181.269281273766
2022-01-14,47908.0,47813.19282782182
2022-01-17,47926.0,47472.54126614069
2022-01-18,48368.0,47322.129038384766
2022-01-19,48372.0,47993.73316293393
2022-01-20,48243.0,48244.72471708489
2022-01-21,48537.0,47913.06751932101
2022-01-24,48836.0,48452.14501766358
2022-01-25,47974.0,48077.59695786095
2022-01-27,47652.0,48028.69150149952
2022-01-28,47840.0,47466.847169045424
2022-01-31,47966.0,48052.24818717628
2022-02-01,48049.0,48429.1541882617
2022-02-02,47884.0,48262.86125926232
2022-02-03,48081.0,47375.10284996256
2022-02-04,48168.0,47791.872591769694
2022-02-07,48345.0,48226.585231542886
2022-02-08,48575.0,48193.96294806798
2022-02-09,48867.0,48178.2593115015
2022-02-10,49024.0,49331.84055870151
2022-02-11,49827.0,48418.954555428856
2022-02-14,49332.0,48972.56988805987
2022-02-15,49546.0,49471.44043069631
2022-02-16,50277.0,50266.59159627304
2022-02-17,50034.0,50428.63407133413
2022-02-18,49998.0,49895.61787712116
2022-02-21,50186.0,49793.40340164793
2022-02-22,50226.0,49377.690106726055
2022-02-23,51403.0,49888.11832237955
2022-02-24,50039.0,49646.05100870937
2022-02-25,50530.0,50929.86452483458
2022-02-28,51565.0,51160.995301336974
2022-03-01,51133.0,50732.410490757786
2022-03-02,51569.0,51165.5773057919
2022-03-03,52274.0,51864.82371613531
2022-03-04,53461.0,53042.19239090516
2022-03-07,54146.0,53723.70112921353
2022-03-08,52724.0,53140.09092523552
2022-03-09,53183.0,53601.65048946196
2022-03-10,52828.0,53245.68466739239
2022-03-11,52238.0,52650.568974693684
2022-03-14,51522.0,51929.711254670015
2022-03-15,51105.0,51508.166806683956
2022-03-16,51597.0,52003.77875917644
2022-03-17,51383.0,51787.49049935456
2022-03-18,51546.0,51952.67881403586
2022-03-21,51219.0,51623.08193653487
2022-03-22,51580.0,51988.53047241558
2022-03-23,51841.0,52250.36622553545
2022-03-24,51687.0,52093.66297360104
2022-03-25,51442.0,51038.44389960802
2022-03-28,50730.0,51812.870539931566
2022-03-29,51042.0,50644.07900314631
2022-03-30,51633.0,51227.78487117469
2022-03-31,51264.0,50861.53337335103
2022-04-01,51229.0,51632.342629135994
2022-04-04,51619.0,52026.33971840936
2022-04-05,51433.0,51029.70854303362
2022-04-06,51681.0,51326.45568305639
2022-04-07,51854.0,51447.36589749834
2022-04-08,51985.0,49707.66394850625
2022-04-11,52656.0,52242.91098470338
2022-04-12,52871.0,52455.25037430335
2022-04-13,52793.0,52378.5446800466
2022-04-14,53104.0,50941.25535417821
2022-04-18,52603.0,51758.18634149743
2022-04-19,52499.0,52087.212912158146
2022-04-20,52356.0,51613.923136147634
2022-04-21,52250.0,50613.11547602456
2022-04-22,51462.0,51058.11252793134
2022-04-25,51655.0,49868.91755215428
2022-04-26,51357.0,50020.04458672062
2022-04-27,51391.0,50988.18405366035
2022-04-28,51809.0,50450.22025006408
2022-04-29,50831.0,50697.251983983464
2022-05-02,51022.0,51425.264798837896
2022-05-03,50836.0,51237.40267913737
2022-05-04,51653.0,51512.95563012498
2022-05-05,51381.0,50978.06009028268
2022-05-06,51026.0,51428.925652292965
2022-05-09,50662.0,50266.46788713916
2022-05-10,50862.0,51263.223955670095
2022-05-11,50249.0,49856.509095117704
2022-05-12,49944.0,49554.38913800968
2022-05-13,50291.0,49897.14861549448
2022-05-16,50237.0,49519.83704662605
2022-05-17,50235.0,49841.0750405214
2022-05-18,50579.0,50182.15240562004
2022-05-19,50842.0,50405.53076674965
2022-05-20,50934.0,50737.61083991344
2022-05-23,51146.0,51147.94134488145
2022-05-24,50815.0,50727.50355633771
2022-05-25,50858.0,51260.14094499728
2022-05-26,50961.0,50905.33646292956
2022-05-27,50908.0,51310.876293816844
2022-05-30,50924.0,50570.76286473454
2022-05-31,50504.0,50533.687671056476
2022-06-01,51078.0,50497.84783793687
2022-06-02,51287.0,50885.40888571991
2022-06-03,50871.0,51272.053802375034
2022-06-06,50929.0,50530.03256369498
2022-06-07,51036.0,50611.96423146195
2022-06-08,50971.0,50763.31470266641
2022-06-09,51645.0,50514.49876455068
2022-06-10,50682.0,50286.35744440471
2022-06-13,50251.0,49859.05774251146
2022-06-14,50433.0,50039.669210039574
2022-06-15,50945.0,50494.97510111784
2022-06-16,50824.0,51224.71118621858
2022-06-17,50748.0,50349.745080583794
2022-06-20,50775.0,50376.591409222696
2022-06-21,50898.0,50498.64628085986
2022-06-22,50608.0,51772.154579122165
2022-06-23,50614.0,52258.363592393274
2022-06-24,50681.0,51080.52238439986
2022-06-27,50824.0,51224.39451517561
2022-06-28,50836.0,51245.66266113155
2022-06-29,50719.0,51120.29660515994
2022-06-30,52227.0,52109.4333096664
2022-07-01,51808.0,51527.60655668459
2022-07-04,52238.0,52650.982756402445
2022-07-05,50581.0,50980.20537116671
2022-07-06,50691.0,51091.21546666239
2022-07-07,50832.0,51233.684928065064
2022-07-08,50709.0,51108.8350368352
2022-07-11,50532.0,50137.02566903366
2022-07-12,50849.0,50451.11855156907
2022-07-13,50323.0,50719.22816040397
2022-07-14,50212.0,50607.66397001009
2022-07-15,50457.0,50614.9350853626
2022-07-18,50395.0,51817.58799773496
2022-07-19,50309.0,50706.94285421407
2022-07-20,50427.0,50826.187864881045
2022-07-21,50720.0,53343.760698973616
2022-07-22,50567.0,53260.67990945221
2022-07-25,50612.0,52733.50867415863
2022-07-26,50722.0,51977.63004350571
2022-07-27,51274.0,52137.456355668844
2022-07-28,51365.0,52107.110379276026
2022-07-29,51260.0,51229.92227235976
2022-08-01,51274.0,51679.77121045094
2022-08-02,51216.0,51621.060788252384
2022-08-03,51802.0,51395.53920169474
2022-08-04,51641.0,53091.416179367436
2022-08-05,52183.0,51775.64664887092
2022-08-08,52383.0,51972.45943354599
2022-08-09,52184.0,51378.29367115878
2022-08-10,52246.0,51885.672175941356
2022-08-11,52456.0,52871.437834864795
2022-08-12,51821.0,51416.33429351457
2022-08-16,51563.0,51970.953262448646
2022-08-17,51642.0,51236.955421365165
2022-08-18,51517.0,51576.18712214247
2022-08-19,51217.0,50815.76851084369
2022-08-22,51458.0,51963.84300424252
2022-08-23,51480.0,51077.49922147271
2022-08-24,51628.0,51533.41308859322
2022-08-25,51242.0,51699.87903966906
2022-08-26,51181.0,51456.22062857974
2022-08-29,50701.0,51038.51335556744
2022-08-30,50520.0,50124.432761787466
2022-08-31,50169.0,50566.23454749877
2022-09-01,50313.0,50710.44160202931
2022-09-02,50604.0,51003.63889361076
2022-09-05,50354.0,51194.86511869197
2022-09-06,50570.0,50970.2126933756
2022-09-07,50429.0,50931.47248508247
2022-09-08,50592.0,51188.865257345424
2022-09-09,50696.0,51095.59490560209
2022-09-12,50233.0,53305.59162932612
2022-09-13,50101.0,51758.8737387336
2022-09-14,49394.0,52204.792293736224
2022-09-15,49451.0,49725.58017591732
2022-09-16,49361.0,50844.59022954104
2022-09-19,49218.0,52294.72589085222
2022-09-20,49428.0,51505.49240507264
2022-09-21,49955.0,51513.40662373548
2022-09-22,49382.0,50132.96138564493
2022-09-23,49110.0,52901.69426018694
2022-09-26,49160.0,52454.31513235309
2022-09-27,49726.0,50120.82279233747
2022-09-28,49902.0,50411.98704274373
2022-09-29,50029.0,50422.48241237969
2022-09-30,50245.0,54318.78108068123
2022-10-03,51127.0,52952.09735476152
2022-10-04,51361.0,54782.408109690674
2022-10-05,51711.0,52337.59767532559
2022-10-06,51716.0,52125.51333475592
2022-10-07,50871.0,51272.75569979166
2022-10-10,50874.0,51275.50798079494
2022-10-11,50713.0,51113.66362839662
2022-10-12,50615.0,52398.32481014717
2022-10-13,50067.0,53237.36883397847
2022-10-14,50231.0,51391.44652667315
2022-10-17,50192.0,52563.497699969506
2022-10-18,49981.0,52872.151046307685
2022-10-19,49938.0,54693.22335582072
2022-10-20,50361.0,54265.91253693352
2022-10-21,50319.0,51103.27056538639
2022-10-24,50353.0,51603.10871242113
2022-10-25,50411.0,54109.14550300448
2022-10-26,50450.0,52452.43490336571
2022-10-27,49956.0,53754.80759666228
2022-10-28,50070.0,52491.27802616432
2022-10-31,50250.0,54118.30990729162
2022-11-01,50414.0,52652.18493877035
2022-11-02,49876.0,53272.613247622874
2022-11-03,50615.0,53259.76194911813
2022-11-04,50901.0,51303.90710261909
2022-11-07,51581.0,53820.69552642133
2022-11-08,51474.0,51881.810277477474
2022-11-09,52033.0,52442.592282955964
2022-11-10,52275.0,52686.41390050521
2022-11-11,52601.0,53014.982253903836
2022-11-14,52545.0,54542.67520591115
2022-11-15,52883.0,54989.17240793998
2022-11-16,52698.0,54916.79071402668
2022-11-17,52501.0,53909.18346852214
2022-11-18,52201.0,54923.52050223238
2022-11-21,52161.0,56532.84990736684
2022-11-22,52259.0,55326.35792850079
2022-11-23,52494.0,56120.9594746092
2022-11-24,52386.0,54963.07968454787
2022-11-25,52148.0,54716.20742322984
2022-11-28,52357.0,55155.4799119524
2022-11-29,52434.0,54534.4364398965
2022-11-30,53339.0,54564.60129880993
2022-12-01,53346.0,53767.14340868603
2022-12-02,53300.0,55111.29042030038
2022-12-05,53446.0,54029.4141844914
2022-12-06,53665.0,53975.666330178305
2022-12-07,53741.0,54165.99597267062
2022-12-08,53950.0,53994.77888432247
2022-12-09,53791.0,53751.82533143692
2022-12-12,54376.0,54279.92814994176
2022-12-13,54340.0,54487.60220516567
2022-12-14,53795.0,53805.16362885103
2022-12-15,53957.0,54384.489711645816
2022-12-16,53945.0,54815.929341871924
2022-12-19,54541.0,54970.16259451042
2022-12-20,54684.0,54502.45408405078
2022-12-21,54066.0,54808.59026610399
2022-12-22,54104.0,54529.92624754684
2022-12-23,54230.0,54657.81404584304
2022-12-26,54546.0,55202.77929203588
2022-12-27,54324.0,54751.933115414824
2022-12-28,54642.0,54413.56359822498
2022-12-29,54779.0,55211.833838730614
2022-12-30,55016.0,54842.93802090608
2023-01-02,55380.0,54436.76851411327
2023-01-03,55688.0,55251.29506856513
2023-01-04,55071.0,54639.38035159577
2023-01-05,55628.0,55985.30153078754
2023-01-06,55792.0,55356.99184516956
2023-01-09,55642.0,55131.639672541016
2023-01-10,55641.0,55206.88781247453
2023-01-11,55801.0,55788.37013063874
2023-01-12,56224.0,55776.07925230394
2023-01-13,56414.0,55165.57294650867
2023-01-16,56306.0,54741.64947493595
2023-01-17,56220.0,54576.56107338109
2023-01-18,56443.0,55586.93700913653
2023-01-19,56569.0,56126.95550171189
2023-01-20,56705.0,55558.67581915791
2023-01-23,56881.0,55826.00051191283
2023-01-24,56865.0,55814.27761927929
2023-01-25,56789.0,55132.16471863509
2023-01-27,56754.0,55348.07717724447
2023-01-30,56864.0,56108.56207811133
2023-01-31,57599.0,55956.325685346594
2023-02-01,57710.0,57478.08933604368
2023-02-02,57424.0,56765.72230337193
2023-02-03,56926.0,56946.32773015019
2023-02-06,57175.0,56728.7057722088
2023-02-07,57128.0,56680.253520879894
2023-02-08,56797.0,56643.95459980571
2023-02-09,56711.0,55342.404500044846
2023-02-10,56486.0,56043.20932871601
2023-02-13,56679.0,55954.14803093763
2023-02-14,56151.0,56193.13037890028
2023-02-15,56229.0,56322.99675724767
2023-02-16,56232.0,55451.279565516306
2023-02-17,56202.0,55760.87398929506
2023-02-20,56157.0,55716.46902376547
2023-02-21,56060.0,55960.31220855951
2023-02-22,55630.0,55493.91469797994
2023-02-23,55535.0,55099.347827470425
2023-02-24,55447.0,54969.2989705175
2023-02-27,55714.0,54433.95016720466
2023-02-28,56047.0,55607.06500423268
2023-03-01,55915.0,54668.92369810538
2023-03-02,55879.0,55440.54903355184
2023-03-03,55752.0,55317.16340730128
2023-03-06,55077.0,54645.361676179666
2023-03-07,54955.0,54583.41962281649
2023-03-08,55272.0,54838.99878482762
2023-03-09,56101.0,55661.71903300757
2023-03-10,57539.0,57087.44006990947
2023-03-13,57417.0,57868.786321335385
2023-03-14,58263.0,58086.776505863796
2023-03-15,57942.0,57997.30447654548
2023-03-16,59231.0,58767.92822042624
2023-03-17,59424.0,59893.35553291574
2023-03-20,58520.0,58980.91504931401
2023-03-21,58684.0,59146.89799897238
2023-03-22,59436.0,59903.13976621908
2023-03-23,59226.0,59225.699442143516
2023-03-24,58496.0,58957.75184708302
2023-03-27,58986.0,58525.97983806317
2023-03-28,58997.0,58536.0125282371
2023-03-29,59389.0,58922.7246066885
2023-03-30,59314.0,58848.671765383915
2023-03-31,59600.0,59132.92280207513
2023-04-03,60435.0,59962.15772633547
2023-04-04,60366.0,59891.68065162825
2023-04-05,60276.0,59803.5085085121
2023-04-06,59867.0,59405.38035867736
2023-04-10,60281.0,59809.073963950505
2023-04-11,60404.0,60880.79191461902
2023-04-12,60987.0,61057.5263551499
2023-04-13,60145.0,59673.03985755793
2023-04-14,60051.0,59580.25756343951
2023-04-17,60331.0,59324.87125361916
2023-04-18,60172.0,59699.24435915214
2023-04-19,60389.0,59917.83379556831
2023-04-20,59810.0,61140.52247667802
2023-04-21,59928.0,59457.20377882923
2023-04-24,60123.0,60264.58109693983
2023-04-25,59849.0,59479.54884418387
2023-04-26,59913.0,59860.684891467965
2023-04-27,60057.0,59197.295685078054
2023-04-28,59979.0,59508.413262692586
2023-05-01,60787.0,58462.4674531397
2023-05-02,61073.0,60194.03653101317
2023-05-03,61683.0,59587.585552968434
2023-05-04,60799.0,59455.64153922523
2023-05-05,60916.0,61397.17111045768
2023-05-08,61359.0,61650.96626093799
2023-05-09,61207.0,61689.0408671528
2023-05-10,60886.0,61323.778643986494
2023-05-11,60843.0,61324.31117967533
2023-05-12,60987.0,61469.12769572722
2023-05-15,60280.0,59806.36050162925
2023-05-16,60189.0,59718.00231193218
2023-05-17,59758.0,59289.332484002174
2023-05-18,60389.0,59915.47703475493
2023-05-19,60271.0,59797.62155256131
2023-05-22,60220.0,59345.32712745331
2023-05-23,59918.0,59447.62557503222
2023-05-24,59493.0,59026.3300316027
2023-05-25,59430.0,58963.65522460197
2023-05-26,59358.0,58892.77801633457
2023-05-29,59845.0,59185.918705881864
2023-05-30,60252.0,59778.99624894405
2023-05-31,60033.0,58174.46549727946
2023-06-01,59656.0,60127.1999459632
2023-06-02,59805.0,59685.3766875908
2023-06-05,59902.0,60121.895630169165
2023-06-06,59511.0,59388.78860338347
2023-06-07,59809.0,60280.43838212486
2023-06-08,59777.0,60249.7242665471
2023-06-09,59595.0,60066.115129314036
2023-06-12,59222.0,59914.43962719762
2023-06-13,59249.0,61925.47913442465
2023-06-14,59249.0,60830.99856694862
2023-06-15,59249.0,59012.698371523446
2023-06-16,59043.0,60073.16067844238
2023-06-19,58721.0,58697.264435718644
2023-06-20,58630.0,58914.908337233035
2023-06-21,58144.0,58647.829392365486
2023-06-22,58188.0,58647.65695653615
2023-06-23,58256.0,58361.658195822645
2023-06-26,58015.0,58341.36338165489
2023-06-27,57796.0,57344.437185867835
2023-06-28,57578.0,57086.91271539769
2023-06-29,58020.0,58348.54766862674
2023-06-30,58119.0,58578.81076296418
2023-07-03,58194.0,58485.76239433326
2023-07-04,58308.0,57979.96743636185
2023-07-05,58385.0,58532.666889223496
2023-07-06,58747.0,58791.898197434704
2023-07-07,58635.0,59098.47063337348
2023-07-10,58737.0,59019.668881669255
2023-07-11,59113.0,60395.71417894932
2023-07-12,59185.0,61625.319886127654
2023-07-13,59229.0,60434.173049565405
2023-07-14,59061.0,59948.30192532653
2023-07-17,59633.0,60814.05997478247
2023-07-18,59683.0,62130.31606190046
2023-07-19,59459.0,61543.89979615171
2023-07-20,59221.0,60960.274069832085
2023-07-21,59013.0,61270.4163988563
2023-07-24,59120.0,61946.331844864886
2023-07-25,59347.0,61121.303916265424
2023-07-26,58878.0,59987.68511612372
2023-07-27,59288.0,60338.495901928516
2023-07-28,59628.0,61520.55249764121
2023-07-31,59048.0,59807.941513632875
2023-08-01,59117.0,59584.40658722741
2023-08-02,59078.0,61938.521833746796
2023-08-03,59124.0,60049.31279089365
2023-08-04,59201.0,61733.53109188953
2023-08-07,58997.0,61696.414197040525
2023-08-08,58719.0,61783.285758426326
2023-08-09,58605.0,61765.8726397936
2023-08-10,58629.0,61067.209467978166
2023-08-11,58663.0,61714.60508731014
2023-08-14,58413.0,61195.82679022899
2023-08-16,58027.0,59277.063248558356
2023-08-17,58098.0,59458.60640742682
2023-08-18,58164.0,60526.511692425265
2023-08-21,58221.0,60278.53593655727
2023-08-22,58430.0,60606.09241751574
2023-08-23,58436.0,60449.6484149658
2023-08-24,58273.0,60962.349458101366
2023-08-25,58497.0,60209.82237821544
2023-08-28,58843.0,60291.58369100648
2023-08-29,59117.0,60055.6025245504
2023-08-30,59113.0,60044.262742942185
2023-08-31,59106.0,60700.19543041843
2023-09-01,59385.0,61256.58679282955
2023-09-04,59301.0,62916.26369886508
2023-09-05,59111.0,61255.724392401244
2023-09-06,59016.0,59590.64176858492
2023-09-07,58905.0,60677.44758878773
2023-09-08,58941.0,60238.62429243987
2023-09-11,58642.0,61307.9902264155
2023-09-12,58610.0,61660.41508625234
2023-09-13,58608.0,61216.79486290656
2023-09-14,58992.0,61123.33961242391
2023-09-15,59212.0,60016.73188053303
2023-09-18,59265.0,59915.05456422267
2023-09-19,59363.0,60842.72667320065
2023-09-20,58853.0,60935.09380116785
2023-09-21,58896.0,60475.32756588062
2023-09-22,58707.0,61049.89293738591
2023-09-25,58478.0,60412.93379230322
2023-09-26,57759.0,60587.157679016644
2023-09-27,57146.0,60192.60781574757
2023-09-28,57061.0,61115.60336807096
2023-09-29,56385.0,62024.9838923547
2023-10-03,56229.0,58092.73049313146
2023-10-04,56112.0,58888.24003125654
2023-10-05,56582.0,59733.11438438443
2023-10-06,57268.0,59749.18972515158
2023-10-09,57364.0,60359.50864978802
2023-10-10,57636.0,63046.847533408494
2023-10-11,57613.0,63466.87216813247
2023-10-12,58993.0,63619.72956800576
2023-10-13,58993.0,61987.79211897143
2023-10-16,58922.0,65187.1814453761
2023-10-17,59680.0,64617.81694698593
2023-10-18,59935.0,62103.60826084337
2023-10-19,60405.0,67389.52061624835
2023-10-20,60402.0,67200.89692188057
2023-10-23,60351.0,66307.47718668407
2023-10-24,60652.0,65251.66685125397
2023-10-25,60735.0,66203.9829757016
2023-10-26,60952.0,65595.67525095938
2023-10-27,61077.0,67236.00831543101
2023-10-30,60879.0,66915.33395939833
2023-10-31,60757.0,66702.79056098787
2023-11-01,60805.0,68048.61849772281
2023-11-02,60829.0,65379.112256791086
2023-11-03,60818.0,67958.33531087641
2023-11-06,60365.0,65477.900437706056
2023-11-07,60043.0,66497.77978569844
2023-11-08,60271.0,67759.45093273124
2023-11-09,59697.0,66460.07300816856
2023-11-10,59785.0,63855.99753195243
2023-11-12,59844.0,65758.37955063795
2023-11-13,60083.0,62883.76148667847
2023-11-14,60120.0,63565.04325139863
2023-11-15,60654.0,61634.49285887651
2023-11-16,60678.0,63667.81613481113
2023-11-17,60657.0,64639.63412515389
2023-11-20,61212.0,64165.52856817204
2023-11-21,61065.0,65868.91098026835
2023-11-22,61093.0,64053.674261948865
2023-11-23,61352.0,65281.92898890447
2023-11-24,61557.0,65223.26541042701
2023-11-27,62409.0,65145.569591223815
2023-11-28,62470.0,66735.13429217653
2023-11-29,62639.0,67028.44059556833
2023-11-30,62876.0,66075.37413086549
2023-12-01,62302.0,65414.65018102962
2023-12-04,62600.0,64450.24151718562
2023-12-05,62269.0,69650.97239470645
2023-12-06,62290.0,66430.80833231025
2023-12-07,61597.0,66069.30054652944
2023-12-08,60986.0,65982.05554927234
2023-12-11,60984.0,64989.13995769644
2023-12-12,60992.0,66276.13550769933
2023-12-13,62229.0,66418.69968764142
2023-12-14,61991.0,63752.73236987877
2023-12-15,62057.0,64630.10399882878
2023-12-18,62211.0,62742.51057972457
2023-12-19,62151.0,65851.97606285619
2023-12-20,62257.0,67157.190574066
2023-12-21,62657.0,66395.56396316117
2023-12-22,62722.0,65489.30429866346
2023-12-26,63292.0,63567.019811199534
2023-12-27,63119.0,65705.8578889656
2023-12-28,62954.0,66534.058351167
2023-12-29,63001.0,64796.89379199027
2024-01-01,63039.0,66889.7633476828
2024-01-02,62294.0,66364.89236636466
2024-01-03,62444.0,65764.09701912761
2024-01-04,62627.0,67100.61130591779
2024-01-05,62140.0,66515.76980800714
2024-01-08,62211.0,70218.66599439358
2024-01-09,62047.0,68206.63591656266
2024-01-10,61830.0,66499.27591623714
2024-01-11,62372.0,67258.22872845724
2024-01-12,62567.0,65842.57858403801
2024-01-15,62065.0,65542.52884682854
2024-01-16,61561.0,64639.270379073125
2024-01-17,61791.0,62316.95568207966
2024-01-18,62021.0,66076.04053117483
2024-01-19,61888.0,65681.25206622819
2024-01-22,62003.0,65657.5849783949
2024-01-23,62072.0,65272.13238958642
2024-01-24,62036.0,66139.62559266313
2024-01-25,62234.0,66220.5180713139
2024-01-29,62371.0,66769.81873810921
2024-01-30,62865.0,65179.955624271686
2024-01-31,63079.0,64922.152406570145
2024-02-01,62639.0,64985.61821162816
2024-02-02,62542.0,67141.27112513286
2024-02-05,62322.0,71116.3182461465
2024-02-06,62305.0,66996.52496708493
2024-02-07,62219.0,67348.24797949908
2024-02-08,62105.0,67081.55064245609
2024-02-09,61856.0,67265.73850166082
2024-02-12,61267.0,67777.99466461389
2024-02-13,61170.0,66802.98147657338
2024-02-14,61306.0,67885.64634996338
2024-02-15,61498.0,66174.132751021
2024-02-16,61641.0,65563.03122962151
2024-02-19,61810.0,66338.88678665287
2024-02-20,61744.0,67214.81638138782
2024-02-21,61661.0,65148.91366385163
2024-02-22,61910.0,64697.292834321925
2024-02-23,61766.0,64989.56193250637
2024-02-26,61839.0,65197.84965668025
2024-02-27,61792.0,67378.9691593911
2024-02-28,62293.0,66265.37096236693
2024-02-29,63135.0,67668.8325237834
2024-03-01,63605.0,69329.2498818052
2024-03-04,64193.0,68322.80414621624
2024-03-05,65042.0,68985.62804494378
2024-03-06,65246.0,67759.76419545586
2024-03-07,65847.0,64977.374766177585
2024-03-08,65872.0,67856.81933030288
2024-03-11,65334.0,66402.17873873955
2024-03-12,65717.0,66901.49647768892
2024-03-13,65435.0,68802.77114553825
2024-03-14,65367.0,70582.89033477956
2024-03-15,65429.0,69147.49974807192
2024-03-18,65431.0,70382.75860759355
2024-03-19,65556.0,71650.67664864285
2024-03-20,65939.0,68612.06118056556
2024-03-21,65686.0,69981.46742586156
2024-03-22,65862.0,70027.10858601582
2024-03-25,66027.0,69444.16651345874
2024-03-26,66295.0,71586.18465925207
2024-03-27,67592.0,69412.92882362427
2024-03-28,68263.0,71860.73672977154
2024-04-01,68802.0,72158.63852106094
2024-04-02,69725.0,70046.7225576249
2024-04-03,69612.0,69837.99071779483
2024-04-04,70701.0,72580.84830869174
2024-04-05,70607.0,73894.95842862884
2024-04-08,71130.0,69362.05438527123
2024-04-09,71127.0,68259.50102988073
2024-04-10,71514.0,66782.190221899
2024-04-11,71857.0,70074.22589107788
2024-04-12,72329.0,80494.64237386954
2024-04-15,73109.0,72974.78128697484
2024-04-16,72695.0,77703.47096081058
2024-04-17,73016.0,75441.97363258635
2024-04-18,73246.0,75552.73175361472
2024-04-19,71936.0,80307.39089900337
2024-04-22,71590.0,75099.98046647072
2024-04-23,71692.0,77662.686199332
2024-04-24,71725.0,75213.37084401709
2024-04-25,72107.0,76682.07056150127
2024-04-26,72250.0,75701.92445431348
2024-04-29,70969.0,75033.69834323978
2024-04-30,71274.0,73205.04257929238
2024-05-01,71119.0,74534.4120793377
2024-05-02,70998.0,75262.79204062834
2024-05-03,71321.0,73450.25497385347
2024-05-06,71136.0,77582.91368026042
2024-05-07,71129.0,74047.41512338951
2024-05-08,71586.0,73277.02498974602
2024-05-09,72595.0,74557.5193754182
2024-05-10,71819.0,74654.93229804703
2024-05-13,72213.0,70866.39990278549
2024-05-14,73001.0,72792.74713530995
2024-05-15,72896.0,75313.81864782704
2024-05-16,73593.0,72950.22315540389
2024-05-17,74283.0,78446.59499413807
2024-05-20,73970.0,75677.88730759351
2024-05-21,73027.0,76397.53249928926
2024-05-22,71632.0,72985.70067081011
2024-05-23,71380.0,72144.84659520433
2024-05-24,72001.0,70509.29087890711
2024-05-27,72145.0,71139.19646271612
2024-05-28,71993.0,73016.92217160111
2024-05-29,71852.0,70189.29300489197
2024-05-30,71703.0,70625.60064491355
2024-05-31,71818.0,72819.8974354768
2024-06-03,71782.0,75011.54321360923
2024-06-04,72485.0,72879.03154458654
2024-06-05,72963.0,73097.52910359873
2024-06-06,71308.0,72650.02770290486
2024-06-07,71303.0,80745.68280522233
2024-06-10,71346.0,75948.2776144751
2024-06-11,71796.0,72817.20600960962
2024-06-12,71030.0,76885.82913336232
2024-06-13,71691.0,70382.58184841965
2024-06-14,71285.0,71563.72211061284
2024-06-17,71503.0,71225.64762640855
2024-06-18,71519.0,72806.24724444494
2024-06-19,72258.0,73948.9078791206
2024-06-20,71429.0,73880.20046349349
2024-06-21,71512.0,74892.37555874587
2024-06-24,71201.0,74286.13922159215
2024-06-25,70919.0,72689.59992358004
2024-06-26,71303.0,72539.82206226545
2024-06-27,71275.0,72938.42007218825
2024-06-28,71329.0,73143.84859050148
2024-07-01,71357.0,73523.37401579288
2024-07-02,72160.0,71950.96445423207
2024-07-03,72151.0,74204.99556465869
2024-07-04,73255.0,72178.19619824374
2024-07-05,72332.0,79927.07932701302
2024-07-08,72385.0,72758.66694607747
2024-07-09,72629.0,75121.68001788083
2024-07-10,73205.0,74661.56141226701
2024-07-11,73159.0,78709.64635559419
2024-07-12,73311.0,75956.08029288164
2024-07-15,74025.0,76294.26156317227
2024-07-16,73924.0,75305.89946951105
2024-07-17,73965.0,73498.62834035016
2024-07-18,72872.0,73917.42949214613
2024-07-19,72641.0,77656.79863518024
2024-07-22,68648.0,75011.4770449845
2024-07-23,69028.0,88390.2628353494
2024-07-24,67491.0,84482.17752370697
2024-07-25,68173.0,85862.23879384027
2024-07-26,68206.0,86835.49451377308
2024-07-29,68617.0,83463.08632148438
2024-07-30,69083.0,86149.05998948951
2024-07-31,69412.0,88847.82303625747
2024-08-01,69381.0,89322.79356815998
2024-08-02,68641.0,92449.58776608019
2024-08-05,68742.0,87598.03501062715
2024-08-06,68752.0,83320.6994504538
2024-08-07,69396.0,79905.4795106538
2024-08-08,69604.0,75885.31908448946
2024-08-09,70354.0,82297.57144414225
2024-08-12,70356.0,83047.89005933759
2024-08-13,69874.0,80447.27354529854
2024-08-14,70938.0,80354.49172066932
2024-08-16,71138.0,82493.75727155716
2024-08-19,71340.0,84048.19285661296
2024-08-20,71407.0,82898.7025112879
2024-08-21,70796.0,78401.67195333791
2024-08-22,71295.0,77604.39511538629
2024-08-23,71500.0,77726.15221952408
2024-08-26,71551.0,80376.37854253557
2024-08-27,71328.0,80130.68368362448
2024-08-28,71666.0,79619.6584787009
2024-08-29,71195.0,79525.09069818156
2024-08-30,71233.0,77640.8617305017
2024-09-02,70807.0,79273.01690987327
2024-09-03,71053.0,78560.44125638127
2024-09-04,71890.0,77706.17833580101
2024-09-05,71409.0,77290.29654772587
2024-09-06,71573.0,78233.0974871466
2024-09-09,71821.0,80190.3578177193
2024-09-10,71878.0,76591.61568952362
2024-09-11,72681.0,83002.69295670195
2024-09-12,73367.0,81565.69279711429
2024-09-13,73422.0,83170.8424000912
2024-09-16,73022.0,77946.29560025493
2024-09-17,73029.0,79443.03149113405
2024-09-18,73357.0,79377.73423660934
2024-09-19,73977.0,79091.56957717345
2024-09-20,74183.0,80014.29076920904
2024-09-23,74886.0,78857.69427043594
2024-09-24,75167.0,82754.47698507816
2024-09-25,75339.0,79661.65218205322
2024-09-26,74878.0,80047.25069342928
2024-09-27,74844.0,80565.80671869434
2024-09-30,75660.0,82758.79474334685
2024-10-01,75827.0,84272.66417359961
2024-10-03,75759.0,82194.90854966
2024-10-04,75657.0,82738.28450753447
2024-10-07,74799.0,77280.97231776113
2024-10-08,74512.0,81416.22294276976
2024-10-09,74834.0,83951.96770457867
2024-10-10,75738.0,79625.50957828405
2024-10-11,75553.0,81944.03496386409
2024-10-14,75838.0,76507.83878595149
2024-10-15,76163.0,77908.63722584135
2024-10-16,76540.0,78868.90803114274
2024-10-17,77159.0,80502.9270132523
2024-10-18,77508.0,81891.02551892014
2024-10-21,78241.0,80771.78200926259
2024-10-22,77482.0,80587.08443994484
2024-10-23,77872.0,83829.30819511916
2024-10-24,78009.0,88003.56164296837
2024-10-25,78159.0,85792.20438908144
2024-10-28,78865.0,87686.634799612
2024-10-29,79257.0,83286.99598154785
2024-10-30,78326.0,84237.12660458837
2024-10-31,78829.0,80701.90992477619
2024-11-01,78401.0,78643.33193922829
2024-11-04,78490.0,79134.12035555884
2024-11-05,76689.0,80677.67661375206
2024-11-06,77386.0,87839.18232357725
2024-11-07,77248.0,89665.88879623043
2024-11-08,75382.0,88408.57583625846
2024-11-11,74918.0,84469.80778363584
2024-11-12,74514.0,81585.55686503998
2024-11-13,74151.0,87238.7759877734
2024-11-14,73965.0,84439.28754661653
2024-11-15,75039.0,81583.83085132578
2024-11-18,75555.0,80402.93980274921
2024-11-19,76008.0,87983.1094846746
2024-11-20,76689.0,85704.65469878937
2024-11-21,77579.0,87785.2267435255
2024-11-22,75377.0,88509.14120509294
2024-11-25,75293.0,89172.09074493058
2024-11-26,75788.0,83923.05420036247
2024-11-27,75761.0,89940.96288250804
2024-11-28,76485.0,85917.29310469347
2024-11-29,75815.0,87287.75935356098
2024-12-02,75934.0,86048.80964484636
2024-12-03,76036.0,84942.23760810401
2024-12-04,76353.0,84598.72192855556
2024-12-05,76185.0,83039.21103744593
2024-12-06,76999.0,81420.56146584448
2024-12-09,77745.0,94571.30113026177
2024-12-10,78287.0,86562.84925297525
2024-12-11,77400.0,88373.39370420501
2024-12-12,76592.0,90959.64884611794
2024-12-13,76486.0,84425.621906269
2024-12-16,76314.0,80352.71344531472
2024-12-17,76115.0,81230.73867360073
2024-12-18,75191.0,84432.13373187288
2024-12-19,75786.0,83987.85621627019
2024-12-20,75506.0,82479.96147856425
2024-12-23,75562.0,83612.27099519783
2024-12-24,76114.0,80193.25132757559
2024-12-26,75783.0,81646.62357204917
2024-12-27,75517.0,82067.91700903756
2024-12-30,76232.0,82940.6048863277
2024-12-31,76214.0,80316.19492053488
2025-01-01,76849.0,82046.59316887686
2025-01-02,76813.0,81537.82237741095
2025-01-03,77149.0,82955.69162863976
2025-01-06,77514.0,84190.0315165847
2025-01-07,77737.0,89693.67857621913
2025-01-08,78068.0,86089.00722946646
2025-01-09,78398.0,86739.44746817497
2025-01-10,78159.0,84519.1239010791
2025-01-13,78151.0,90131.7900876389
2025-01-14,78658.0,84558.91518065377
2025-01-15,79160.0,87158.94225571555
2025-01-16,79003.0,87282.90556380517
2025-01-17,78530.0,86943.65207729807
2025-01-20,79179.0,86778.92092164693
2025-01-21,79535.0,86080.38130504897
2025-01-22,79594.0,87173.91442255197
2025-01-23,79944.0,86500.87107447952
2025-01-24,79510.0,85133.0020768966
2025-01-27,80163.0,86537.10765103332
2025-01-28,80310.0,86507.19451179099
2025-01-29,81539.0,86607.14408788297
2025-01-30,81836.0,89760.58675662991
2025-01-31,81663.0,88558.55584898379
2025-02-01,82625.0,87543.07529578418
2025-02-03,83162.0,86834.66872016485
2025-02-04,83976.0,89240.4420295548
2025-02-05,83856.0,86183.57207696236
2025-02-06,84378.0,84188.6358123943
2025-02-07,85308.0,87538.94672133231
2025-02-10,85113.0,95322.00657431726
2025-02-11,85024.0,87712.98003343912
2025-02-12,85368.0,90078.21536732781
2025-02-13,84331.0,91155.19208170426
2025-02-14,84759.0,94681.99094781736
2025-02-17,85742.0,94497.12535210156
2025-02-18,85719.0,100183.5683820444
2025-02-19,85830.0,94526.12571337794
2025-02-20,85795.0,92120.11488877605
2025-02-21,86030.0,91615.36013502812
2025-02-24,85589.0,90608.89257934887
2025-02-25,85837.0,89521.01040327494
2025-02-26,85123.0,89874.22120839632
2025-02-27,84269.0,90592.02555137298
2025-02-28,85355.0,84282.38962778317
2025-03-03,86007.0,94166.95327420949
2025-03-04,85848.0,87687.05603985148
2025-03-05,86002.0,93664.64265079236
2025-03-06,85896.0,91169.3889266798
2025-03-07,85460.0,91118.84359736397
2025-03-10,86113.0,93557.62451994834
2025-03-11,86661.0,92694.8522955217
2025-03-12,87694.0,95577.69344834138
2025-03-13,87924.0,96739.89146590325
2025-03-14,87976.0,94216.93426111934
2025-03-17,88660.0,89171.53066423991
2025-03-18,88564.0,90648.74215467875
2025-03-19,88646.0,90796.55998467116
2025-03-20,87785.0,86683.31407958135
2025-03-21,87313.0,91354.6372552131
2025-03-24,87566.0,89772.14879113021
2025-03-25,87506.0,92098.75096712723
2025-03-26,88213.0,91394.59017432324
2025-03-27,88759.0,90584.7186669617
2025-03-28,90138.0,93635.49932744264
2025-03-31,90409.0,91986.3822102804
2025-04-01,90364.0,92688.3876839489
2025-04-02,89763.0,86243.60822227539
2025-04-03,87940.0,104015.90093522597
2025-04-04,86819.0,99074.88958313686
2025-04-07,87449.0,97597.56489145923
2025-04-08,89489.0,99393.83937117415
2025-04-09,91646.0,99254.52593220626
2025-04-10,93280.0,99828.69112234177
2025-04-11,92835.0,102315.83215957493
2025-04-14,93071.0,102126.35386546602
2025-04-15,95163.0,101000.85101855162
2025-04-16,94784.0,100874.95564247911
2025-04-17,96800.0,98102.75087253061
2025-04-21,97057.0,98697.45801070337
2025-04-22,94530.0,100693.52528125496
2025-04-23,95807.0,100640.49527956253
2025-04-24,95071.0,102183.22716418315
2025-04-25,96159.0,101942.38101720778
2025-04-28,95559.0,106180.66279891331
2025-04-29,94718.0,102847.55175034642
2025-04-30,92382.0,101630.27615178957
2025-05-01,92692.0,104911.56720162809
2025-05-02,94667.0,108114.54675627938
2025-05-05,97460.0,103625.9516079972
2025-05-06,97065.0,100905.29361883667
2025-05-07,96153.0,101556.26364527555
2025-05-08,96490.0,106192.28288225777
2025-05-09,92948.0,103028.85172311019
2025-05-12,93659.0,103151.98952567784
2025-05-13,92305.0,104561.97886682753
2025-05-14,93155.0,108410.13338270759
2025-05-15,92443.0,105080.17275768543
2025-05-16,93314.0,110623.67284936084
2025-05-19,94761.0,108516.31302394216
2025-05-20,95473.0,103381.93147850037
2025-05-21,95461.0,108743.23028112396
2025-05-22,96210.0,109346.94217423438
2025-05-23,95814.0,107951.29328056541
2025-05-26,95055.0,111011.61821508924
2025-05-27,95177.0,112822.85679016309
2025-05-28,95295.0,115863.24853175163
2025-05-29,94712.0,107179.32389209315
2025-05-30,97393.0,109833.80346929023
2025-06-02,97208.0,102575.99844052125
2025-06-03,97973.0,93034.25652432855
2025-06-04,97415.0,103283.34979895724
2025-06-05,96645.0,110046.7543029456
2025-06-06,96703.0,105155.3635956478
2025-06-09,96442.0,109572.77620672097
2025-06-10,96267.0,102310.50929083364
2025-06-11,97786.0,112239.6070647576
2025-06-12,99555.0,111829.51186509772
2025-06-13,98594.0,108112.23878645641
2025-06-16,98911.0,100621.71664346944
2025-06-17,99045.0,109915.87789824176
2025-06-18,98868.0,107818.43878027564
2025-06-19,98574.0,116437.49090329367
2025-06-20,98852.0,115353.76914104469
2025-06-23,96521.0,115592.2660412131
2025-06-24,96760.0,110660.14653686552
2025-06-25,96452.0,111205.18604568079
2025-06-26,94908.0,109842.94737197866
2025-06-27,95678.0,104043.38677626007
2025-06-30,97239.0,96932.071901581
2025-07-01,97351.0,102241.09917497773
2025-07-02,96801.0,105553.48799180404
2025-07-03,96967.0,104317.13177495744
2025-07-04,97231.0,106818.4002624757
2025-07-07,96485.0,109612.66125878075
2025-07-08,96451.0,118051.95369923895
2025-07-09,96678.0,112038.498033947
2025-07-10,97759.0,109309.3348566755
2025-07-11,97749.0,116218.06859825838
2025-07-14,97214.0,111128.5327411233
2025-07-15,97758.0,105725.69228549387
2025-07-16,97454.0,113951.5213586053
2025-07-17,97965.0,115696.25264054665
2025-07-18,99217.0,111746.85488142616
2025-07-21,100168.0,114488.31887044148
2025-07-22,99304.0,120424.37273689093
2025-07-23,98668.0,109704.60862827885
2025-07-24,97842.0,118723.57741580735
2025-07-25,97505.0,110367.92651068549
2025-07-28,98125.0,105445.39923282809
2025-07-29,98003.0,107780.72776079964
2025-07-30,98358.0,106217.82978166424
2025-07-31,99240.0,103525.15304281602
2025-08-01,100607.0,101931.635609999
2025-08-04,100765.0,112952.15406774425
2025-08-05,100687.0,108892.56557555251
2025-08-06,100835.0,111510.1167135105
2025-08-07,101212.0,115609.2435658969
2025-08-08,99785.0,114995.48491957583
2025-08-11,99620.0,117150.78730192086
2025-08-12,99656.0,114591.38971313677
2025-08-13,99362.0,114049.12408235196
2025-08-14,99020.0,113389.26372259908
2025-08-18,98359.0,112467.08099986757
2025-08-19,98903.0,104902.80975801575
2025-08-20,99035.0,106941.49014077411
2025-08-21,99857.0,103920.4925073625
2025-08-22,100118.0,107746.81575217594
2025-08-25,100531.0,102524.2718009428
2025-08-26,100967.0,105995.06602621776
2025-08-27,101481.0,102761.29034010669
2025-08-28,103164.0,103981.76685831047
2025-08-29,103904.0,104092.3657592016
2025-09-01,105695.0,99975.44014917329
2025-09-02,107080.0,108644.08630169714
2025-09-03,106310.0,119469.17091362277
2025-09-04,107605.0,96470.37620507304
2025-09-05,108393.0,114787.64225531713
2025-09-08,108907.0,111152.26931292425
2025-09-09,108884.0,116756.74674678242
2025-09-10,108870.0,114142.26813450665
2025-09-11,109237.0,113298.57802931477
2025-09-12,110045.0,113250.99852313107
2025-09-15,110040.0,117782.71929842595
2025-09-16,109692.0,109965.04470593207
2025-09-17,108951.0,108045.71068188184
2025-09-18,109715.0,116269.2428286523
2025-09-19,112070.0,119343.63966354734
2025-09-22,113715.0,111133.94525573922
2025-09-23,112475.0,121423.52847907598
2025-09-24,112606.0,109533.86785393363
2025-09-25,113664.0,118782.13915592151
2025-09-26,115734.0,114654.5864219708
2025-09-29,116573.0,115489.25010555446
2025-09-30,116968.0,116275.79123829759
2025-10-01,117370.0,111084.70671326811
2025-10-03,119524.0,116568.49533345927
2025-10-06,120354.0,114338.16387753692
2025-10-07,122542.0,113857.59892242774
2025-10-08,119869.0,112028.49082226444
2025-10-09,120727.0,110730.80166330966
2025-10-10,123964.0,110697.42178737186
2025-10-13,125753.0,110461.57579061751
2025-10-14,126641.0,110512.90048758347
2025-10-15,128735.0,110653.25320695485
2025-10-16,125951.0,110715.23626196179
2025-10-17,129493.0,110838.94619430984
2025-10-20,127365.0,110887.66693707315
2025-10-21,121069.0,111085.48716584804
2025-10-22,123305.0,111072.56763596945
2025-10-23,122549.0,111300.97943008097
2025-10-24,120002.0,111286.20772689853
2025-10-27,118699.0,112657.40220160059
2025-10-28,119424.0,113595.53984880458
2025-10-29,120251.0,112633.69714841826
2025-10-30,121209.0,114188.01417149222
2025-10-31,121415.0,116034.49029641462
2025-11-03,119830.0,115469.16047750972
2025-11-04,120494.0,120437.06535613531
2025-11-05,120587.0,115463.09928368077
2025-11-06,121056.0,119839.97575377222
2025-11-07,123897.0,117146.75210177348
2025-11-10,123897.0,112946.9923242459
2025-11-11,126363.0,112835.53703910942
2025-11-12,126668.0,117059.15550432018
2025-11-13,123454.0,113000.73266883034
2025-11-14,122789.0,114973.45530525003
2025-11-17,122591.0,114199.2215817635
2025-11-18,122904.0,115672.4907265124
2025-11-19,122578.0,113423.30784537292
2025-11-20,123849.0,115034.46642596461
2025-11-21,123614.0,112808.44827780884
2025-11-24,124916.0,113273.66315104801
2025-11-25,125674.0,113502.90745693455
2025-11-26,125465.0,112920.9030522253
2025-11-27,126943.0,118131.0570365696
2025-11-28,128034.0,117162.06887873418
2025-12-01,128666.0,123830.21566196978
2025-12-02,129305.0,123677.71138479431
2025-12-03,128894.0,123035.30927750163
2025-12-04,129206.0,121188.24028245591
2025-12-05,128736.0,122818.06939012783
2025-12-08,128853.0,118246.45238387393
2025-12-09,128500.0,121198.93887976938
2025-12-10,130905.0,121015.98342997086
2025-12-11,131645.0,123364.74453446618
2025-12-12,132491.0,118636.49824000445
2025-12-15,132627.0,116160.5213035526
2025-12-16,133115.0,118060.63527242433
2025-12-17,132684.0,116474.27437378923
2025-12-18,132427.0,116246.6445350762
2025-12-19,134638.0,115373.45779640116
2025-12-22,135799.0,118103.56893791936
2025-12-23,136104.0,122028.22187082793
2025-12-24,137789.0,121540.96756259183
2025-12-26,132595.0,125431.05474114811
2025-12-29,133974.0,117151.32475185079
2025-12-30,135454.0,119013.64025754273
2025-12-31,135771.0,118946.51128243103
2026-01-01,135793.0,120009.58123669057
