Date,Actual,Predicted
2014-01-28,29835.0,27780.556247798177
2014-01-29,29499.0,27694.144475130688
2014-01-30,29482.0,27601.093292774665
2014-01-31,29789.0,27510.573554896044
2014-02-03,29534.0,27695.953107689053
2014-02-04,29719.0,27284.56611747429
2014-02-05,29231.0,27439.466571941273
2014-02-06,29310.0,26994.943354568513
2014-02-07,29471.0,27606.283617110195
2014-02-10,29670.0,27522.459783909057
2014-02-11,29698.0,26812.536881488442
2014-02-12,29726.0,26906.16731554098
2014-02-13,29932.0,27147.68536092246
2014-02-14,30664.0,27294.210722925087
2014-02-17,30766.0,27904.7201993465
2014-02-18,30712.0,28181.5155336739
2014-02-19,30608.0,27899.11670184451
2014-02-20,30677.0,28412.17521138257
2014-02-21,30927.0,28351.530258575902
2014-02-24,30972.0,28294.06149047019
2014-02-25,30810.0,28445.207886158893
2014-02-26,30839.0,27777.95455574728
2014-02-27,30634.0,27727.627072019935
2014-02-28,32051.0,27496.18816829842
2014-03-03,31126.0,29917.283214432828
2014-03-04,32351.0,30174.693978501993
2014-03-05,30416.0,30275.069695264887
2014-03-06,30307.0,30314.41371469505
2014-03-07,30327.0,30115.44657068983
2014-03-10,30421.0,30253.69098237905
2014-03-11,30627.0,30272.578190471053
2014-03-12,30697.0,30346.570333035543
2014-03-13,30719.0,30305.093306145118
2014-03-14,30557.0,30124.216435233506
2014-03-17,30389.0,30136.250256186937
2014-03-18,30169.0,29774.938804513768
2014-03-19,29924.0,29433.748691470984
2014-03-20,29850.0,29091.20933441558
2014-03-21,29182.0,28912.220142434504
2014-03-24,28971.0,28615.013480209705
2014-03-25,28595.0,28592.878944928863
2014-03-26,28521.0,28662.727893069696
2014-03-27,28434.0,28409.60962346648
2014-03-28,28470.0,28423.160902844695
2014-03-31,28116.0,28248.90712668536
2014-04-01,28404.0,28364.9848059966
2014-04-02,28460.0,28336.770280446293
2014-04-03,28519.0,26809.200236173732
2014-04-04,28549.0,27205.28708113924
2014-04-05,28574.0,27297.787578970543
2014-04-07,28754.0,27110.110346422425
2014-04-08,28710.0,26865.971076175538
2014-04-09,29094.0,26516.49021089338
2014-04-10,29085.0,27242.84582880709
2014-04-11,29350.0,27139.4231487139
2014-04-14,29342.0,27136.61250957389
2014-04-15,29290.0,27226.046758100678
2014-04-16,29293.0,27260.46064552411
2014-04-17,29339.0,27037.101616325916
2014-04-19,29548.0,26908.203642935176
2014-04-21,29423.0,27300.72980042516
2014-04-22,29752.0,27193.494815551083
2014-04-23,29741.0,27454.874179250466
2014-04-25,29695.0,26227.491614365743
2014-04-27,29824.0,26900.53542909104
2014-04-28,29713.0,26741.77607083421
2014-04-29,31014.0,25957.50045930529
2014-04-30,30380.0,27683.229032076186
2014-05-01,30182.0,27863.409667316053
2014-05-02,29967.0,27376.728427658414
2014-05-05,29109.0,27003.328665467663
2014-05-06,28747.0,29030.993581726772
2014-05-07,28734.0,28756.747650675763
2014-05-08,28741.0,28700.99408932525
2014-05-09,28860.0,28825.954930868633
2014-05-12,28673.0,29011.02428006094
2014-05-13,28911.0,28766.326297799096
2014-05-14,28624.0,28885.47454582698
2014-05-15,28322.0,28453.947731098382
2014-05-16,28336.0,28412.643835972838
2014-05-19,28424.0,28463.78807644799
2014-05-20,27501.0,28270.785103760983
2014-05-21,27386.0,27965.416727113097
2014-05-22,27528.0,27848.882418955396
2014-05-23,27586.0,27791.37334103333
2014-05-26,27087.0,27817.99459984951
2014-05-27,26987.0,27813.481678591997
2014-05-28,26984.0,26650.281163807285
2014-05-29,27151.0,26612.185955235036
2014-05-30,26626.0,26705.680849685417
2014-06-02,26732.0,26582.98502759459
2014-06-03,26708.0,26653.517158565537
2014-06-04,26771.0,26546.060451211437
2014-06-05,26400.0,26654.245980673626
2014-06-06,26545.0,26487.20616328478
2014-06-09,26712.0,26181.813177526088
2014-06-10,26736.0,26206.663856055377
2014-06-11,27014.0,26115.941616636956
2014-06-12,27235.0,26508.674023303625
2014-06-13,27395.0,26962.60395214711
2014-06-16,27418.0,26985.519767163874
2014-06-17,27353.0,27055.092737175397
2014-06-18,28160.0,27252.79519236123
2014-06-19,28154.0,27618.96352698812
2014-06-20,28111.0,27441.120104524747
2014-06-23,28167.0,27486.558341361088
2014-06-24,28221.0,27515.53568149255
2014-06-25,28126.0,27471.20721839208
2014-06-26,28063.0,27558.45471387727
2014-06-27,28076.0,27251.367752326678
2014-06-30,27975.0,27313.41901544774
2014-07-01,27788.0,26918.07320635574
2014-07-02,27802.0,26717.086782951068
2014-07-03,27913.0,26915.848446242657
2014-07-04,27564.0,26917.831664883783
2014-07-07,27594.0,26931.185295728934
2014-07-08,27667.0,26454.728973772137
2014-07-09,28565.0,26575.906201223133
2014-07-10,28441.0,27505.63027681955
2014-07-11,28413.0,27740.219773485205
2014-07-12,28413.0,27559.87267251618
2014-07-13,27860.0,27169.741329513807
2014-07-14,27752.0,26706.915605429076
2014-07-15,27767.0,27255.83720296481
2014-07-16,28237.0,27556.557287590284
2014-07-17,28028.0,27032.937750461973
2014-07-18,28030.0,27117.778088912302
2014-07-20,28120.0,26754.721461166817
2014-07-21,27939.0,26916.046093241483
2014-07-22,27915.0,26124.743549974177
2014-07-23,27651.0,27481.037816865322
2014-07-24,27973.0,26780.97241852259
2014-07-25,27960.0,26952.803670793168
2014-07-27,27909.0,26361.61898397015
2014-07-28,27855.0,26956.073946380617
2014-07-29,27936.0,26152.073125813422
2014-07-30,27788.0,26485.770890413376
2014-07-31,28037.0,26225.3521821384
2014-08-01,27952.0,26476.518843621376
2014-08-04,28392.0,26710.782625343694
2014-08-05,28559.0,27094.34184054217
2014-08-06,28695.0,27057.610307971237
2014-08-07,28515.0,26844.482300065567
2014-08-08,28510.0,27185.520202895063
2014-08-10,28554.0,27232.03745355524
2014-08-11,28641.0,27237.118335796644
2014-08-12,28567.0,27267.756324752347
2014-08-13,28489.0,26709.54828191842
2014-08-14,28167.0,27013.512857510046
2014-08-18,28124.0,27008.694182631865
2014-08-19,28079.0,26826.415972315157
2014-08-20,27599.0,26774.704593667837
2014-08-21,27634.0,26095.820000470707
2014-08-22,27632.0,26300.87987532556
2014-08-25,27720.0,26390.02630677284
2014-08-26,27599.0,25936.18594055423
2014-08-27,27884.0,26157.601810115764
2014-08-28,27794.0,26131.87838899873
2014-08-29,27679.0,25942.95474437737
2014-09-01,27340.0,25714.805392388764
2014-09-02,27355.0,25676.186737982287
2014-09-03,27282.0,25762.343371055715
2014-09-04,27225.0,25584.693355036125
2014-09-05,27207.0,25736.80357969717
2014-09-08,27272.0,25838.43993073346
2014-09-09,27194.0,25995.286807476838
2014-09-10,26996.0,25938.77267900874
2014-09-11,26909.0,26130.06635019863
2014-09-12,26900.0,26152.341597367667
2014-09-13,27006.0,25784.62347140083
2014-09-15,26954.0,26039.201616098497
2014-09-16,26907.0,26249.0436516863
2014-09-17,26659.0,25751.353834373847
2014-09-18,26497.0,25667.837883648233
2014-09-19,26605.0,25782.569210512505
2014-09-22,26682.0,25733.62519128859
2014-09-23,26552.0,25768.302541172277
2014-09-24,26919.0,25740.59558038496
2014-09-25,26694.0,26565.766255817143
2014-09-26,26693.0,26038.108484184268
2014-09-27,26819.0,26318.756724068327
2014-09-29,26805.0,27040.3585459739
2014-09-30,26790.0,26647.194625839977
2014-10-01,26439.0,27017.527125095203
2014-10-03,26424.0,25815.55444155244
2014-10-05,26637.0,26018.31828871539
2014-10-06,26673.0,26497.34980842693
2014-10-07,26633.0,25933.300458152764
2014-10-08,26847.0,26352.131550459202
2014-10-09,26855.0,26180.56874287862
2014-10-10,26855.0,26966.298488534685
2014-10-13,27128.0,26987.99809153953
2014-10-14,27328.0,26749.71080688836
2014-10-16,27151.0,27032.68462822486
2014-10-17,27302.0,26869.206666085138
2014-10-20,27394.0,26854.02108575219
2014-10-21,27333.0,26929.54218358299
2014-10-22,26940.0,26801.07984647858
2014-10-23,26963.0,26741.402719611713
2014-10-24,27008.0,26380.378132735957
2014-10-27,26909.0,26223.151237099144
2014-10-28,26864.0,26051.66901233513
2014-10-29,26376.0,25869.749061067996
2014-10-30,25924.0,25865.91342936713
2014-10-31,25868.0,25907.864199324442
2014-11-03,25810.0,25955.036708375028
2014-11-04,25348.0,26174.057567220414
2014-11-05,25467.0,26276.744256519847
2014-11-06,25926.0,26225.963573567766
2014-11-07,25719.0,26304.85791044287
2014-11-10,25793.0,26590.459859879767
2014-11-11,25794.0,26276.84237385744
2014-11-12,25827.0,26384.18104732333
2014-11-13,26458.0,26703.778609270255
2014-11-14,26411.0,27441.32857034745
2014-11-16,26319.0,27189.37177572857
2014-11-17,26587.0,27180.789629201176
2014-11-18,26710.0,26810.80486887978
2014-11-19,26459.0,29196.358384799092
2014-11-20,26390.0,27199.158702870198
2014-11-21,26473.0,27818.128284572704
2014-11-24,26338.0,27314.161033471573
2014-11-25,26397.0,27206.342497730762
2014-11-26,26237.0,27154.27032281552
2014-11-27,25853.0,27488.09578019264
2014-11-28,26546.0,27460.08814625206
2014-12-01,26224.0,26823.4040956895
2014-12-02,26496.0,26713.95246997124
2014-12-03,26488.0,26807.18184786396
2014-12-04,26279.0,26770.23190010092
2014-12-05,26228.0,26800.252456261664
2014-12-08,27023.0,26845.647753666362
2014-12-09,27054.0,27803.001585184073
2014-12-10,27142.0,27636.97763252955
2014-12-11,27088.0,27121.681474553905
2014-12-12,27173.0,27179.55989062536
2014-12-15,27044.0,27179.551960170593
2014-12-16,26802.0,27459.842803210737
2014-12-17,26659.0,27223.289105860673
2014-12-18,26859.0,27114.96637878537
2014-12-19,26458.0,27053.749156401846
2014-12-22,26468.0,27084.651736816442
2014-12-23,26433.0,27722.176150589166
2014-12-24,26894.0,27513.131337938612
2014-12-26,26598.0,27613.58268968067
2014-12-29,26908.0,27216.15246698417
2014-12-30,26594.0,27015.797733223495
2014-12-31,26586.0,26591.28653035227
2015-01-01,26700.0,26170.642606802252
2015-01-02,26847.0,26717.12798500225
2015-01-05,27385.0,26744.525929361207
2015-01-06,27159.0,27188.023063172033
2015-01-07,26808.0,27068.49690540539
2015-01-08,26806.0,26564.598130506598
2015-01-09,27032.0,26636.733515667762
2015-01-12,27071.0,27056.102204079143
2015-01-13,27210.0,27138.013246066814
2015-01-14,27493.0,27194.598912359284
2015-01-15,27673.0,28520.93545915559
2015-01-16,27627.0,29019.542158333606
2015-01-17,27718.0,28611.475475950374
2015-01-19,28098.0,29050.49066255411
2015-01-20,27992.0,28590.468212048727
2015-01-21,28055.0,30232.859342026004
2015-01-22,27884.0,28473.342529174402
2015-01-23,27887.0,28477.679455926387
2015-01-25,27934.0,28654.042175066956
2015-01-27,27795.0,29225.26653013804
2015-01-28,27470.0,27885.600210550096
2015-01-29,27911.0,29302.026794303918
2015-01-30,28071.0,27969.988540082788
2015-02-02,27687.0,28009.035500987564
2015-02-03,27814.0,27379.30616436404
2015-02-04,27683.0,27252.244628544104
2015-02-05,26968.0,27146.61078765946
2015-02-06,27119.0,26849.16980754362
2015-02-09,27016.0,26657.432260304777
2015-02-10,26817.0,26393.126648509406
2015-02-11,26635.0,26268.128483197197
2015-02-12,26694.0,26255.417008046992
2015-02-13,26742.0,26268.231840406916
2015-02-16,26241.0,26218.50780477106
2015-02-17,26181.0,26192.24880910711
2015-02-18,26294.0,26696.705882047278
2015-02-19,26317.0,26935.9673377522
2015-02-20,26319.0,26876.82752436664
2015-02-21,26178.0,26685.033310673036
2015-02-23,26077.0,27077.049997757673
2015-02-24,26142.0,26629.66921625273
2015-02-25,26239.0,27121.794381838452
2015-02-26,26206.0,26555.305873529767
2015-02-27,26480.0,26895.62484987597
2015-02-28,26541.0,27075.933257692013
2015-03-02,26453.0,26832.463989431304
2015-03-03,26539.0,26674.621485348624
2015-03-04,26473.0,26662.793815468456
2015-03-05,26058.0,26514.528001788596
2015-03-06,26062.0,26154.249211496757
2015-03-09,25960.0,25876.487820068112
2015-03-10,25716.0,26026.17613805242
2015-03-11,25690.0,25913.989452588587
2015-03-12,25909.0,26145.212614078493
2015-03-13,25922.0,26195.559089264745
2015-03-14,25797.0,26330.96790945627
2015-03-16,25635.0,25845.587611194824
2015-03-17,25653.0,25566.838078442353
2015-03-18,25970.0,26051.526839338905
2015-03-19,26195.0,26737.38220694118
2015-03-20,26208.0,27286.676277964816
2015-03-23,26350.0,26785.057674309865
2015-03-24,26491.0,27107.860216856876
2015-03-25,26805.0,27239.214459291918
2015-03-26,26564.0,26924.247985438073
2015-03-27,26239.0,27177.918051131677
2015-03-30,26061.0,27130.28947195714
2015-03-31,26510.0,26891.31941652399
2015-04-01,26548.0,26958.858801617327
2015-04-02,26941.0,27000.996212760627
2015-04-06,26829.0,27211.088703542056
2015-04-07,26682.0,26942.846443183684
2015-04-08,26452.0,26405.979363300743
2015-04-09,26703.0,26272.651865155633
2015-04-10,26616.0,26597.617128447426
2015-04-13,26454.0,26293.682142691054
2015-04-14,26644.0,26222.935407041536
2015-04-15,26533.0,26388.880036379433
2015-04-16,26702.0,26379.784199557675
2015-04-17,26719.0,26573.092482937867
2015-04-20,26803.0,26568.240669194518
2015-04-21,26489.0,26825.50516557066
2015-04-22,26777.0,26503.73135161523
2015-04-23,26574.0,26767.32984642536
2015-04-24,26944.0,26541.58533013023
2015-04-27,27036.0,27106.484741190678
2015-04-28,27096.0,27243.623812593098
2015-04-29,26593.0,27137.85458946732
2015-04-30,26483.0,26334.10814241396
2015-05-01,26747.0,26412.26625620593
2015-05-04,26852.0,26966.2347797803
2015-05-05,26928.0,26982.762032768973
2015-05-06,26951.0,27017.23257064797
2015-05-07,26903.0,26768.408547309715
2015-05-08,26853.0,26739.498264767873
2015-05-11,27180.0,26640.795726968146
2015-05-12,27539.0,27378.595423217746
2015-05-13,27444.0,27600.60102215559
2015-05-14,27473.0,27635.092722210426
2015-05-15,27629.0,27816.57400501276
2015-05-18,27309.0,28366.030214074082
2015-05-19,27299.0,27514.35619640985
2015-05-20,27130.0,27545.222667929458
2015-05-21,27105.0,27416.527101983495
2015-05-22,27180.0,27271.495572379543
2015-05-25,26917.0,27187.300466142835
2015-05-26,26900.0,27158.48548076333
2015-05-27,26899.0,27052.74816494464
2015-05-28,26866.0,26517.615255862293
2015-05-29,26690.0,26450.45588261819
2015-06-01,26856.0,26436.928176660447
2015-06-02,26806.0,26099.086836957133
2015-06-03,26564.0,26032.555617792077
2015-06-04,26439.0,25995.119625232965
2015-06-05,26693.0,26113.620465335665
2015-06-08,26754.0,26205.527538662827
2015-06-09,26850.0,26283.271426177114
2015-06-10,26772.0,26192.16734431237
2015-06-11,26773.0,26110.21996695585
2015-06-12,26915.0,26127.754724954422
2015-06-15,26831.0,26280.90454007502
2015-06-16,26763.0,26183.198892748795
2015-06-17,27031.0,26220.58547835629
2015-06-18,26959.0,26651.60544594974
2015-06-19,26589.0,26462.473104414323
2015-06-22,26478.0,26496.119206426483
2015-06-23,26418.0,26363.091363879237
2015-06-24,26365.0,26356.874922321218
2015-06-25,26399.0,26179.853753310545
2015-06-26,26508.0,26258.566414297355
2015-06-29,26301.0,26291.297732408744
2015-06-30,26182.0,26080.522665332428
2015-07-01,26024.0,26000.258434514944
2015-07-02,26393.0,25949.96999269093
2015-07-03,26335.0,26117.77188344314
2015-07-06,26032.0,26208.861822279567
2015-07-07,26222.0,26260.78367409523
2015-07-08,26071.0,26305.21304415483
2015-07-09,26071.0,26197.50918025782
2015-07-10,26033.0,26122.413130087705
2015-07-13,25934.0,26144.030793773545
2015-07-14,25852.0,25990.616607787415
2015-07-15,25774.0,26106.704936662747
2015-07-16,25505.0,26119.335170746217
2015-07-17,25042.0,25522.972232293243
2015-07-20,24908.0,25384.9771381473
2015-07-21,24688.0,25291.665080649356
2015-07-22,24742.0,25300.85356625822
2015-07-23,24729.0,25207.673785078598
2015-07-24,24910.0,25391.71833996416
2015-07-27,24768.0,25481.3447111123
2015-07-28,24729.0,25729.23864183792
2015-07-29,24739.0,25743.325657144473
2015-07-30,24789.0,26889.48228468329
2015-07-31,24696.0,27322.71578037871
2015-08-03,24638.0,25481.245603362328
2015-08-04,24545.0,25395.66836634153
2015-08-05,24692.0,25493.75782735838
2015-08-06,24796.0,25944.166713479928
2015-08-07,25026.0,26432.25267065829
2015-08-10,25323.0,26797.644836557676
2015-08-11,25898.0,26906.904912506263
2015-08-12,25763.0,27602.00352262931
2015-08-13,25636.0,27432.138423463894
2015-08-14,25924.0,27375.570151225074
2015-08-17,25890.0,27577.40843995016
2015-08-18,26084.0,27736.139574289336
2015-08-19,26723.0,27056.552367758362
2015-08-20,27090.0,27823.248922917875
2015-08-21,27290.0,27557.941905783893
2015-08-24,26595.0,27452.195760648345
2015-08-25,26341.0,27343.205840328832
2015-08-26,26197.0,27381.020181280546
2015-08-27,26490.0,27249.508455405645
2015-08-28,26540.0,27300.07299897507
2015-08-31,26623.0,27318.70070577623
2015-09-01,26417.0,27633.97132198043
2015-09-02,26196.0,27538.64806212668
2015-09-03,26256.0,27539.737496453956
2015-09-04,26506.0,27317.818309965332
2015-09-07,26436.0,27238.42414798472
2015-09-08,26069.0,26890.432251648515
2015-09-09,26179.0,26741.425406878698
2015-09-10,25981.0,26608.044571184193
2015-09-11,26078.0,26612.414399906535
2015-09-14,25982.0,26608.764080987316
2015-09-15,26285.0,26563.650732092734
2015-09-16,26176.0,27004.81069557113
2015-09-17,26476.0,26953.287377496286
2015-09-18,26345.0,27685.424320634073
2015-09-21,26242.0,27779.062519289837
2015-09-22,26476.0,27498.925632686274
2015-09-23,26965.0,27879.326046606413
2015-09-24,26744.0,27784.68868243222
2015-09-25,26508.0,27722.94577793572
2015-09-28,26253.0,27371.850660342734
2015-09-29,25803.0,27289.068953549788
2015-09-30,25782.0,27200.69938325808
2015-10-01,26094.0,27421.855148103023
2015-10-05,26512.0,27456.905074853217
2015-10-06,26449.0,27420.09515561582
2015-10-07,26351.0,27342.986380043516
2015-10-08,26515.0,28264.791433014863
2015-10-09,26678.0,27637.89742777134
2015-10-12,26872.0,27791.94216847656
2015-10-13,27088.0,27824.340715579765
2015-10-14,27142.0,28047.671541022242
2015-10-15,27029.0,28542.2317378815
2015-10-16,26882.0,28264.838566543855
2015-10-19,26993.0,28176.046083192818
2015-10-20,26821.0,28216.21935462746
2015-10-21,26737.0,27695.647941191673
2015-10-22,26676.0,27708.106979356002
2015-10-23,26689.0,27701.845235703415
2015-10-26,26790.0,27631.717115595966
2015-10-27,26930.0,27447.255053716355
2015-10-28,26470.0,27072.67379657723
2015-10-29,26355.0,26846.11667452383
2015-10-30,26228.0,26833.31641799051
2015-11-02,25863.0,26492.91618085387
2015-11-03,25646.0,26286.13224908757
2015-11-04,25791.0,26035.157159694223
2015-11-05,25538.0,26173.881961313662
2015-11-06,25699.0,26135.42090458707
2015-11-09,25604.0,26220.768086433683
2015-11-10,25490.0,26155.38011435147
2015-11-11,25341.0,26098.73938885755
2015-11-12,25388.0,26065.6828530752
2015-11-13,25360.0,26030.064947230112
2015-11-16,25038.0,26021.321091040336
2015-11-17,25108.0,26049.862288076027
2015-11-18,25308.0,26144.509886679614
2015-11-19,25252.0,25966.924541264496
2015-11-20,25180.0,25739.79222257923
2015-11-23,25305.0,25722.687045472627
2015-11-24,25230.0,25710.334491155514
2015-11-25,25288.0,25731.33324349371
2015-11-26,25071.0,26267.93979346831
2015-11-27,25114.0,25797.46218065362
2015-11-30,25018.0,25868.369934000162
2015-12-01,24895.0,26187.90963525331
2015-12-02,25043.0,26157.656894992968
2015-12-03,25631.0,26438.329303260252
2015-12-04,25443.0,27036.9709043633
2015-12-07,25424.0,26866.774945749814
2015-12-08,25499.0,26976.60308561647
2015-12-09,25328.0,27070.657805983068
2015-12-10,25581.0,26676.662255117073
2015-12-11,25256.0,27317.238873072743
2015-12-14,25173.0,26826.016522779108
2015-12-15,25372.0,26718.770945826913
2015-12-16,24766.0,27049.881741379093
2015-12-17,25011.0,26955.420011588816
2015-12-18,25302.0,27222.223622108155
2015-12-21,25176.0,27269.945247751453
2015-12-22,25004.0,27263.57770147485
2015-12-23,25147.0,27123.959887915007
2015-12-24,25077.0,27373.544690502527
2015-12-28,25106.0,27095.15118886586
2015-12-29,25017.0,26925.57968209773
2015-12-30,24952.0,26800.74913604831
2015-12-31,24943.0,26787.199978032346
2016-01-01,25423.0,26946.279755545034
2016-01-04,25430.0,27431.95900302044
2016-01-05,25756.0,27338.01205950108
2016-01-06,26106.0,27638.234716631505
2016-01-07,25989.0,27677.272486473335
2016-01-08,25877.0,27816.61597577204
2016-01-11,25689.0,27720.99589248542
2016-01-12,25750.0,27682.724050789086
2016-01-13,25652.0,27703.01391081085
2016-01-14,26126.0,27868.281332783597
2016-01-15,26070.0,27678.12027265139
2016-01-18,26064.0,27961.48325936474
2016-01-19,26563.0,27962.320061547307
2016-01-20,26190.0,27841.133818525657
2016-01-21,26168.0,28057.289446935432
2016-01-22,26391.0,27613.453735372692
2016-01-25,26736.0,27618.667260377482
2016-01-27,26701.0,27664.1557976022
2016-01-28,26709.0,27713.41011790595
2016-01-29,26973.0,27889.037253009887
2016-02-01,27008.0,28208.00187922101
2016-02-02,27285.0,28682.216093924704
2016-02-03,27656.0,28713.49480019295
2016-02-04,27568.0,28281.972504428613
2016-02-05,28367.0,28340.379814837877
2016-02-08,28325.0,28249.8010769309
2016-02-09,28211.0,28527.016299888433
2016-02-10,29706.0,28722.941657747335
2016-02-11,29287.0,30544.909232997517
2016-02-12,28595.0,30277.105177422724
2016-02-15,28800.0,30235.734378789213
2016-02-16,28781.0,30020.356306837926
2016-02-17,29210.0,30203.939843157597
2016-02-18,29432.0,29831.420045646773
2016-02-19,28916.0,29884.502869383257
2016-02-22,29234.0,29681.52770989928
2016-02-23,29523.0,29864.612301532426
2016-02-24,29735.0,29968.466777377078
2016-02-25,29290.0,29808.35848584546
2016-02-26,29437.0,29735.87878048739
2016-02-29,29097.0,29498.538404234598
2016-03-01,29219.0,29169.88793179166
2016-03-02,29381.0,30304.64724604689
2016-03-03,29519.0,30385.879907148585
2016-03-04,29597.0,30482.209613049345
2016-03-07,29819.0,30380.577845867178
2016-03-08,29597.0,30190.227644834307
2016-03-09,29928.0,30184.722084802845
2016-03-10,29504.0,30661.786208658956
2016-03-11,29204.0,30861.834953296733
2016-03-14,29050.0,30536.580657674935
2016-03-15,28970.0,30338.122799399756
2016-03-16,29357.0,30573.129103360625
2016-03-17,29135.0,31302.292061471435
2016-03-18,28937.0,31028.710574664034
2016-03-21,29047.0,30597.980971765777
2016-03-22,28568.0,30731.797745369167
2016-03-23,28560.0,30708.463804254014
2016-03-24,28400.0,30141.177293529978
2016-03-28,28616.0,29379.289692679304
2016-03-29,28301.0,29424.62914254447
2016-03-30,28441.0,29648.68172625246
2016-03-31,28056.0,28846.86492876414
2016-04-01,28086.0,28749.994744281328
2016-04-04,28562.0,28860.72156388195
2016-04-05,28571.0,28408.744436839588
2016-04-06,28972.0,28518.027547915033
2016-04-07,29047.0,29826.6297703274
2016-04-08,29254.0,29383.57119905851
2016-04-11,29250.0,28802.50099718419
2016-04-12,29128.0,29217.593108594065
2016-04-13,28731.0,28692.193964115828
2016-04-14,28918.0,28345.355221217756
2016-04-15,28935.0,28390.737832136536
2016-04-18,29255.0,28613.65125966997
2016-04-19,29249.0,29444.97153220826
2016-04-20,29287.0,29558.36859674536
2016-04-21,28941.0,29383.24907419932
2016-04-22,29183.0,29161.466477011076
2016-04-25,29158.0,29113.690413764118
2016-04-26,29319.0,29003.61628721017
2016-04-27,29627.0,28895.976671496268
2016-04-28,30138.0,29460.01694467326
2016-04-29,30213.0,29628.643569299784
2016-05-02,30154.0,29844.99069925618
2016-05-03,29934.0,29705.767431101398
2016-05-04,29868.0,28967.127260419747
2016-05-05,30366.0,28899.99124027237
2016-05-06,29805.0,29225.383619898446
2016-05-09,29785.0,29634.709484569747
2016-05-10,29933.0,29820.905123645392
2016-05-11,29904.0,28930.58847728795
2016-05-12,30023.0,29432.643906104968
2016-05-13,29963.0,29211.881619112406
2016-05-16,30045.0,29362.21362507102
2016-05-17,30049.0,29311.820960050783
2016-05-18,29800.0,29642.660676515916
2016-05-19,29693.0,30477.229993036442
2016-05-20,29682.0,30549.68373849932
2016-05-23,29306.0,29037.5862456586
2016-05-24,28945.0,29042.22876529689
2016-05-25,28729.0,29023.0169914567
2016-05-26,28590.0,29103.532048634883
2016-05-27,28590.0,29048.681075907905
2016-05-30,28610.0,29086.89115007812
2016-05-31,28626.0,28981.170406672856
2016-06-01,28554.0,29165.04642974424
2016-06-02,29216.0,28468.705441859755
2016-06-03,29329.0,29289.62199762498
2016-06-06,29239.0,30087.44775965745
2016-06-07,29491.0,29122.503194083616
2016-06-08,29757.0,29114.654542270073
2016-06-09,29851.0,29012.73788668856
2016-06-10,30181.0,29027.529090820528
2016-06-13,30357.0,29003.17952376056
2016-06-14,30262.0,29107.909066764038
2016-06-15,30392.0,29345.982745404195
2016-06-16,30373.0,30124.98706419863
2016-06-17,30478.0,29983.806100962272
2016-06-20,30072.0,29776.697342691215
2016-06-21,29898.0,29713.570106883682
2016-06-22,29686.0,29474.56383585558
2016-06-23,31131.0,29538.91653872638
2016-06-24,31218.0,30818.08792866464
2016-06-27,30999.0,30725.77376376313
2016-06-28,30986.0,30385.01462346556
2016-06-29,30851.0,30270.09282697761
2016-06-30,31077.0,30131.57728521672
2016-07-01,31396.0,30504.186792963745
2016-07-04,30841.0,30730.087531194447
2016-07-05,32018.0,31558.474248754275
2016-07-06,31817.0,31733.898001120102
2016-07-07,31657.0,31515.337006007772
2016-07-08,31524.0,31661.117746061496
2016-07-11,31001.0,31332.011844779634
2016-07-12,31225.0,31124.18828181966
2016-07-13,30895.0,31081.285215796684
2016-07-14,30922.0,30875.179496481705
2016-07-15,30950.0,30665.91113598974
2016-07-18,31021.0,30245.586683537673
2016-07-19,30666.0,30038.238493697794
2016-07-20,30940.0,29835.74109728062
2016-07-21,30794.0,30038.137175011667
2016-07-22,30814.0,29885.312593136143
2016-07-25,30822.0,29967.0527794739
2016-07-26,30878.0,30028.96193519847
2016-07-27,30795.0,29930.937456059884
2016-07-28,31099.0,29470.25332785187
2016-07-29,31011.0,29224.84418745326
2016-08-01,31282.0,29097.575008587406
2016-08-02,31199.0,29376.76323779655
2016-08-03,31317.0,28931.975735774347
2016-08-04,30779.0,29782.47266877044
2016-08-05,30998.0,29274.48412672561
2016-08-08,31133.0,28999.9269528496
2016-08-09,31219.0,29557.368248192804
2016-08-10,31171.0,29255.287538557775
2016-08-11,31080.0,28789.950334139
2016-08-12,31349.0,29529.307863654132
2016-08-16,31314.0,28932.51427827772
2016-08-17,31411.0,28837.408481029674
2016-08-18,31365.0,29103.40485923087
2016-08-19,31395.0,29243.889205804815
2016-08-22,31373.0,29400.315882112853
2016-08-23,31049.0,29014.286363641175
2016-08-24,30945.0,29169.41224641675
2016-08-25,31023.0,28487.106845266535
2016-08-26,31077.0,29077.04606554199
2016-08-29,30840.0,28557.45409137185
2016-08-30,30746.0,28265.48740143038
2016-08-31,30710.0,28272.036671924143
2016-09-01,30900.0,28109.28522979421
2016-09-02,31025.0,29009.25419900537
2016-09-05,31401.0,28776.795261480795
2016-09-06,31336.0,28974.24326006859
2016-09-07,31239.0,28499.206314490428
2016-09-08,31261.0,28854.57141611658
2016-09-09,31087.0,28798.89550802303
2016-09-12,31141.0,28807.319006351063
2016-09-13,31100.0,28515.36059455288
2016-09-14,30950.0,28314.52218144299
2016-09-15,30851.0,28630.863826329616
2016-09-16,30936.0,28215.409362175782
2016-09-19,30892.0,28528.92601814774
2016-09-20,31207.0,28561.920427936777
2016-09-21,31335.0,28660.57709904223
2016-09-22,31288.0,29205.581743830477
2016-09-23,31351.0,28781.249375248364
2016-09-26,31003.0,29289.074963534193
2016-09-27,30963.0,28843.66853460605
2016-09-28,31224.0,29243.976406420523
2016-09-29,30814.0,28318.954085024874
2016-09-30,30749.0,28593.326901196
2016-10-03,30068.0,28418.729722934717
2016-10-04,30004.0,28318.110652102125
2016-10-05,29615.0,28088.832065557657
2016-10-06,29591.0,28822.69929478123
2016-10-07,29662.0,28381.590921000086
2016-10-10,29712.0,28473.854920699054
2016-10-11,29662.0,28420.469314123784
2016-10-12,29697.0,28831.18119823161
2016-10-13,29638.0,28683.162974024614
2016-10-14,29675.0,28808.406142241445
2016-10-17,29773.0,28707.930062954783
2016-10-18,29883.0,28510.930444206875
2016-10-19,29891.0,28671.954140980146
2016-10-20,29936.0,28509.571368678367
2016-10-21,29820.0,28135.840927434405
2016-10-24,30034.0,28188.598041493842
2016-10-25,29913.0,27987.030370319673
2016-10-26,30054.0,27938.277845276425
2016-10-27,30131.0,28016.327975270153
2016-10-28,30151.0,27974.704308172033
2016-10-30,30057.0,28555.974021805458
2016-10-31,30329.0,28357.3995224382
2016-11-01,30759.0,28056.77723650137
2016-11-02,30674.0,28283.281035319542
2016-11-03,30689.0,28832.736016795527
2016-11-04,30118.0,28323.61413649982
2016-11-07,29899.0,28394.95936066714
2016-11-08,29961.0,28488.074547475306
2016-11-09,29986.0,29716.747151598312
2016-11-10,29461.0,29123.040178759562
2016-11-11,29676.0,28520.53410536202
2016-11-14,29391.0,28458.814015131782
2016-11-15,29463.0,28590.210047846314
2016-11-16,29185.0,29011.719177589348
2016-11-17,29005.0,29009.71019192099
2016-11-18,29197.0,29151.79184652447
2016-11-21,29182.0,29264.959555805573
2016-11-22,28885.0,29016.494475671374
2016-11-23,28816.0,28164.758224707144
2016-11-24,28671.0,28102.316610922877
2016-11-25,28793.0,28109.2447775995
2016-11-28,28853.0,28262.85246694425
2016-11-29,28428.0,28323.808826919565
2016-11-30,28062.0,28064.464854317455
2016-12-01,28445.0,28147.47366794144
2016-12-02,28236.0,28571.553485211316
2016-12-05,27944.0,28401.40688948711
2016-12-06,28043.0,28514.796340444285
2016-12-07,27896.0,28223.9095747165
2016-12-08,27701.0,28212.259058165942
2016-12-09,27843.0,27986.121471996485
2016-12-12,27710.0,28101.31648788869
2016-12-13,27746.0,27811.000684663508
2016-12-14,27130.0,27754.082828928164
2016-12-15,27308.0,28100.90004017433
2016-12-16,27392.0,28211.379318486353
2016-12-19,27262.0,28202.899850218462
2016-12-20,27103.0,28122.369719290295
2016-12-21,27152.0,28215.855223459454
2016-12-22,27186.0,28216.647840740457
2016-12-23,27241.0,28294.180370957252
2016-12-26,27431.0,28310.52707424716
2016-12-27,27539.0,28753.025814316123
2016-12-28,27810.0,28858.45999693416
2016-12-29,27700.0,29338.114059108575
2016-12-30,27828.0,28656.120253736164
2017-01-02,28102.0,28572.66590462614
2017-01-03,28085.0,28651.75127014912
2017-01-04,28890.0,28331.65061452132
2017-01-05,27960.0,28936.506217386715
2017-01-06,28124.0,28878.590421576213
2017-01-09,28210.0,28885.930713014022
2017-01-10,28353.0,28694.863404593765
2017-01-11,28463.0,28969.74618919607
2017-01-12,28440.0,29001.002587108214
2017-01-13,28601.0,28839.28807147288
2017-01-16,28797.0,28954.178035413042
2017-01-17,28852.0,29287.390219859863
2017-01-18,28588.0,29234.681957527115
2017-01-19,28685.0,28571.791784434445
2017-01-20,28876.0,28912.58707024937
2017-01-23,28815.0,29123.607745181405
2017-01-24,28472.0,28748.347460888777
2017-01-25,28449.0,28438.35586314471
2017-01-27,28642.0,28516.01331183492
2017-01-30,29172.0,28701.497305210072
2017-01-31,28981.0,29187.444378445896
2017-02-01,29064.0,28864.25928426293
2017-02-02,29166.0,29173.14437899403
2017-02-03,29202.0,29171.392504786647
2017-02-06,29348.0,28321.072325120655
2017-02-07,29371.0,28307.665096997505
2017-02-08,29115.0,28450.993659939657
2017-02-09,29195.0,28599.345527006342
2017-02-10,29057.0,28768.68162818752
2017-02-13,29027.0,28462.426326997404
2017-02-14,29138.0,28617.8384169423
2017-02-15,29377.0,28529.2078914106
2017-02-16,29359.0,28583.623764116353
2017-02-17,29324.0,28596.331566348505
2017-02-20,29314.0,28418.47285937673
2017-02-21,29223.0,28487.304515190917
2017-02-22,29440.0,28436.30102445392
2017-02-23,29613.0,28572.0088587076
2017-02-24,29732.0,28460.989700170776
2017-02-27,29592.0,28449.642957049742
2017-02-28,29529.0,28516.086993322613
2017-03-01,29204.0,28499.057238100566
2017-03-02,29442.0,28706.745669978798
2017-03-03,28979.0,28402.565918796412
2017-03-06,28791.0,28407.979924221545
2017-03-07,28660.0,28476.931127860014
2017-03-08,28491.0,28367.99297191751
2017-03-09,28417.0,28160.913575386305
2017-03-10,28291.0,28044.6338818834
2017-03-13,28100.0,28093.749390583485
2017-03-14,28019.0,28040.663560637444
2017-03-15,28436.0,28008.439428972917
2017-03-16,28528.0,28423.964293113317
2017-03-17,28518.0,28657.388283371638
2017-03-20,28853.0,28622.259304695
2017-03-21,28886.0,29424.59265143758
2017-03-22,28816.0,29570.475357153133
2017-03-23,28809.0,29154.93997058957
2017-03-24,28839.0,28767.415239439426
2017-03-27,28872.0,28692.81608577906
2017-03-28,28762.0,28797.085662444915
2017-03-29,28559.0,28597.87449202279
2017-03-30,28612.0,28557.023519214315
2017-03-31,28720.0,28552.754399900856
2017-04-03,28960.0,28629.62355113254
2017-04-04,28617.0,28433.62518981386
2017-04-05,28697.0,28498.361897588347
2017-04-06,28650.0,28508.512023933075
2017-04-07,28699.0,28670.930514538617
2017-04-10,29149.0,28647.724903875438
2017-04-11,29189.0,28582.435950690437
2017-04-12,29358.0,28626.24705906298
2017-04-13,29392.0,28597.760142735835
2017-04-17,29518.0,28842.000968171073
2017-04-18,29313.0,28881.65605692902
2017-04-19,29308.0,28897.41768058589
2017-04-20,29432.0,28758.541430975874
2017-04-21,29128.0,28825.946243150436
2017-04-24,28827.0,28798.417824079857
2017-04-25,28757.0,28828.015122432
2017-04-26,28784.0,28671.79689554313
2017-04-27,28872.0,28710.865647649982
2017-04-28,28654.0,28730.59150910588
2017-05-01,28571.0,28388.691649002227
2017-05-02,28571.0,28418.7502605461
2017-05-03,28060.0,28366.03466257105
2017-05-04,28184.0,28348.628765274472
2017-05-05,28119.0,28444.848829700342
2017-05-08,27981.0,28361.692174695232
2017-05-09,28007.0,28340.77839363145
2017-05-10,28022.0,28418.672314243082
2017-05-11,28019.0,28429.818470357674
2017-05-12,28008.0,28528.730206323653
2017-05-15,28109.0,28474.923036559394
2017-05-16,28614.0,28518.361844585495
2017-05-17,28710.0,29016.612175628266
2017-05-18,28634.0,29332.49964390194
2017-05-19,28783.0,29306.878735407226
2017-05-22,28808.0,29560.90373297068
2017-05-23,28719.0,29587.71112864117
2017-05-24,28638.0,29735.24260539054
2017-05-25,28847.0,29923.142699031927
2017-05-26,28874.0,29159.695119529024
2017-05-29,28704.0,29012.52158328658
2017-05-30,28905.0,29167.94391732218
2017-05-31,28749.0,28976.03376113653
2017-06-01,28949.0,28971.576742672925
2017-06-02,29111.0,28893.882925053073
2017-06-05,29481.0,28788.303841925226
2017-06-06,29376.0,28993.330511547858
2017-06-07,29049.0,28857.74881081715
2017-06-08,28938.0,28940.739495574137
2017-06-09,28917.0,28844.16395514167
2017-06-12,28862.0,28831.39211751587
2017-06-13,28946.0,28811.757738964214
2017-06-14,28686.0,28854.629060447594
2017-06-15,28616.0,28850.185601276156
2017-06-16,28473.0,28689.35807776949
2017-06-19,28475.0,28685.509120149265
2017-06-20,28495.0,28895.68159572104
2017-06-21,28557.0,28850.108810027315
2017-06-22,28648.0,28960.345038497504
2017-06-23,28426.0,28970.75504174133
2017-06-26,28483.0,28729.522944935823
2017-06-27,28485.0,28695.447791467097
2017-06-28,28527.0,28690.020260654128
2017-06-29,28295.0,28629.38234870772
2017-06-30,27952.0,28193.92431559442
2017-07-03,28043.0,28561.51608438767
2017-07-04,28051.0,28034.44837108031
2017-07-05,28143.0,28077.95828600574
2017-07-06,27812.0,27841.07881412208
2017-07-07,27840.0,28023.934820993276
2017-07-10,27871.0,28100.55715824209
2017-07-11,27889.0,28161.726815718546
2017-07-12,27868.0,28227.964250471945
2017-07-13,28022.0,28107.669214443016
2017-07-14,28147.0,29194.64650009002
2017-07-17,28280.0,29301.97853220973
2017-07-18,28270.0,29153.178135260412
2017-07-19,28345.0,29450.343860505352
2017-07-20,28541.0,29318.30576890032
2017-07-21,28530.0,29339.177741254225
2017-07-24,28490.0,29170.100902534825
2017-07-25,28396.0,29198.594830672
2017-07-26,28477.0,29190.475194221104
2017-07-27,28596.0,29248.669045722814
2017-07-28,28588.0,29207.824723099544
2017-07-31,28514.0,29216.879834911328
2017-08-01,28486.0,29271.978814596056
2017-08-02,28447.0,29073.43223739611
2017-08-03,28373.0,28792.00101735576
2017-08-04,28419.0,28819.61189832607
2017-08-07,28357.0,28802.9896851577
2017-08-08,28800.0,28809.414103822426
2017-08-09,29130.0,29238.273927550108
2017-08-10,29158.0,29384.0056147727
2017-08-11,29042.0,29220.312009594218
2017-08-14,28878.0,29159.917248035523
2017-08-16,29093.0,29199.544484852122
2017-08-17,29109.0,29328.71746710377
2017-08-18,29224.0,29489.95722488449
2017-08-21,29061.0,29403.39380391912
2017-08-22,29090.0,29368.344707158074
2017-08-23,29021.0,29387.384105760884
2017-08-24,29086.0,29306.776685510424
2017-08-25,29425.0,29465.7957390967
2017-08-28,29588.0,29500.078475376617
2017-08-29,29540.0,29484.297608421493
2017-08-30,29756.0,29479.93477053954
2017-08-31,29788.0,29503.874067846937
2017-09-01,30174.0,29442.64616766257
2017-09-04,30226.0,29518.356181614425
2017-09-05,30088.0,29593.240144560874
2017-09-06,30287.0,29432.739966304765
2017-09-07,30271.0,29549.26737373591
2017-09-08,29942.0,30226.165288515564
2017-09-11,29953.0,30250.222064467536
2017-09-12,29896.0,30291.21195317558
2017-09-13,30020.0,29839.88214952145
2017-09-14,29869.0,29899.441474437324
2017-09-15,29561.0,29703.732439210897
2017-09-18,29628.0,29712.552978994343
2017-09-19,29780.0,29833.9782326758
2017-09-20,29584.0,29757.257155776526
2017-09-21,29608.0,29598.934519286664
2017-09-22,30065.0,29592.118584562057
2017-09-25,29885.0,29698.743968931798
2017-09-26,29673.0,29879.369514478552
2017-09-27,29624.0,29721.84094622148
2017-09-28,29549.0,29602.699196228892
2017-09-29,29400.0,29443.05472419712
2017-10-03,29331.0,29288.684402250492
2017-10-04,29412.0,29291.71817246372
2017-10-05,29510.0,29284.626979058034
2017-10-06,29670.0,29468.76434712048
2017-10-09,29768.0,29499.96814731761
2017-10-10,29659.0,29445.71156036651
2017-10-11,29756.0,29485.941970002877
2017-10-12,29800.0,29497.76292711272
2017-10-13,29808.0,29569.601954162063
2017-10-16,29565.0,29454.160269960037
2017-10-17,29536.0,29456.614635641352
2017-10-18,29654.0,29453.883776384893
2017-10-19,29541.0,29560.044131218576
2017-10-20,29499.0,29355.969434034294
2017-10-23,29498.0,29314.514346979
2017-10-24,29362.0,29290.486526623205
2017-10-25,29236.0,29069.045544742174
2017-10-26,29272.0,28831.804429152897
2017-10-27,29349.0,29039.943983681704
2017-10-30,29040.0,29156.08994081146
2017-10-31,29120.0,28515.174617505727
2017-11-01,29242.0,28714.53483210486
2017-11-02,29191.0,28980.851267805
2017-11-03,29363.0,29023.155164206837
2017-11-06,29457.0,29328.350934414706
2017-11-07,29562.0,29335.05204649842
2017-11-08,29670.0,29358.308650540897
2017-11-09,29508.0,29438.166481637287
2017-11-10,29619.0,29537.43787495726
2017-11-13,29620.0,29507.914162547375
2017-11-14,29528.0,29496.699460598993
2017-11-15,29491.0,29530.985713134298
2017-11-16,29658.0,29662.749143916237
2017-11-17,29339.0,29861.1985191088
2017-11-20,29334.0,29934.32299673894
2017-11-21,29504.0,29906.601961022177
2017-11-22,29420.0,29914.976111046162
2017-11-23,29375.0,29913.04481467105
2017-11-24,29460.0,29908.183728489505
2017-11-27,29381.0,29909.53171428416
2017-11-28,29215.0,29856.63129850874
2017-11-29,28992.0,29279.996715844954
2017-11-30,29217.0,28784.402341812376
2017-12-01,29059.0,29340.075544088275
2017-12-04,28893.0,28954.330004068674
2017-12-05,28972.0,28932.11722506539
2017-12-06,28670.0,28766.517217870416
2017-12-07,28588.0,28879.6484892098
2017-12-08,28429.0,28788.28785620286
2017-12-11,28318.0,28703.772539323832
2017-12-12,28377.0,28635.52686570396
2017-12-13,28500.0,28664.277578111316
2017-12-14,28441.0,28861.16696047147
2017-12-15,28663.0,28839.013288189442
2017-12-18,28555.0,29088.946635111122
2017-12-19,28617.0,28896.209059709316
2017-12-20,28596.0,29168.689275342822
2017-12-21,28757.0,29200.187940919976
2017-12-22,28924.0,29537.83287936291
2017-12-26,29092.0,29610.888108308747
2017-12-27,29171.0,29794.720747814117
2017-12-28,29372.0,29690.229778536603
2017-12-29,29324.0,29727.17343890921
2018-01-01,29392.0,29638.21143235697
2018-01-02,29481.0,29648.310560719026
2018-01-03,29472.0,29718.596600326655
2018-01-04,29465.0,29685.13810587331
2018-01-05,29270.0,29825.678236605832
2018-01-08,29173.0,29703.64815442504
2018-01-09,29343.0,29729.935057250692
2018-01-10,29404.0,30009.05273084351
2018-01-11,29553.0,29753.59583573073
2018-01-12,29763.0,29805.0931947973
2018-01-15,29830.0,29834.741293560182
2018-01-16,29761.0,29758.49393780445
2018-01-17,29644.0,29863.175389279568
2018-01-18,29743.0,29835.278974539597
2018-01-19,29806.0,29968.77302249726
2018-01-22,29876.0,29882.399458853328
2018-01-23,30244.0,29944.128732291254
2018-01-24,30367.0,30193.06530074503
2018-01-25,30074.0,30317.036887873113
2018-01-29,30052.0,30393.94198614232
2018-01-30,30064.0,30377.55387432633
2018-01-31,30512.0,30235.1294492925
2018-02-01,30399.0,30307.202617990533
2018-02-02,30286.0,30305.248732930162
2018-02-05,30182.0,30215.233715055223
2018-02-06,29976.0,30276.143009147723
2018-02-07,30103.0,30390.17283651132
2018-02-08,29999.0,30298.460806933665
2018-02-09,30133.0,30257.477826300757
2018-02-12,30195.0,30261.806764675417
2018-02-13,30605.0,30424.131819460614
2018-02-14,30549.0,30345.621013139225
2018-02-15,30785.0,30428.177314353685
2018-02-16,30715.0,30549.986072807424
2018-02-19,30524.0,30893.445358761892
2018-02-20,30459.0,30663.43630857572
2018-02-21,30564.0,30575.588368834462
2018-02-22,30492.0,30386.295766676834
2018-02-23,30518.0,30438.473275444358
2018-02-26,30306.0,30352.025007060074
2018-02-27,30423.0,30381.53160798785
2018-02-28,30181.0,30310.413388979865
2018-03-01,30473.0,30269.04473783609
2018-03-02,30429.0,30378.19663779547
2018-03-05,30568.0,30366.099720811504
2018-03-06,30461.0,30471.14004798731
2018-03-07,30436.0,30440.897725824332
2018-03-08,30408.0,30396.327880473746
2018-03-09,30340.0,30453.96558097074
2018-03-12,30387.0,30410.33204093184
2018-03-13,30413.0,30419.785807779197
2018-03-14,30314.0,30277.666257595334
2018-03-15,30251.0,30403.552597671005
2018-03-16,30432.0,30517.374412151716
2018-03-19,30284.0,30611.742283723215
2018-03-20,30464.0,30635.381708003268
2018-03-21,30506.0,30695.776014031053
2018-03-22,30901.0,30729.477821085264
2018-03-23,30889.0,30848.41804450353
2018-03-26,30717.0,30880.13275515186
2018-03-27,30518.0,30835.093635496814
2018-03-28,30426.0,30851.956227066905
2018-03-29,30961.0,30782.0788326412
2018-04-02,30625.0,31186.21273321674
2018-04-03,30886.0,30929.458121131793
2018-04-04,30505.0,30558.247777950994
2018-04-05,30605.0,30952.95137926334
2018-04-06,30675.0,30934.192376503404
2018-04-09,30798.0,30922.4012474559
2018-04-10,31244.0,30892.033064931144
2018-04-11,30897.0,31709.7849676212
2018-04-12,31005.0,31238.070964787872
2018-04-13,31167.0,31351.45509063618
2018-04-16,31257.0,31453.51653904371
2018-04-17,31410.0,31625.728162499512
2018-04-18,31479.0,32088.52364531181
2018-04-19,31314.0,32083.57205037863
2018-04-20,31164.0,31174.15704806294
2018-04-23,31262.0,30817.741652069897
2018-04-24,31301.0,30870.670552528754
2018-04-25,31158.0,31148.593923143322
2018-04-26,31129.0,30890.70925817708
2018-04-27,30947.0,30869.062824968256
2018-04-30,30874.0,30690.586018419217
2018-05-01,30926.0,30747.867716849643
2018-05-02,31003.0,30776.52712584238
2018-05-03,31068.0,30605.06254182056
2018-05-04,31247.0,30601.077453123064
2018-05-07,31200.0,30743.611119375637
2018-05-08,31303.0,30867.350469890993
2018-05-09,31352.0,30638.773825310265
2018-05-10,31500.0,30663.131883983264
2018-05-11,31496.0,30678.676745185225
2018-05-14,31186.0,30649.841016982613
2018-05-15,31007.0,30893.151869952908
2018-05-16,30986.0,31155.27837184382
2018-05-17,31093.0,30997.390877880567
2018-05-18,31114.0,31245.679713809408
2018-05-21,31111.0,31045.60647006256
2018-05-22,31186.0,31164.908808309534
2018-05-23,31461.0,31075.076957875674
2018-05-24,31194.0,31081.37574646945
2018-05-25,30971.0,31116.440106558653
2018-05-28,31184.0,31120.661059824077
2018-05-29,31030.0,31165.644324414912
2018-05-30,30882.0,31236.51279037841
2018-05-31,30568.0,30763.287966292857
2018-06-01,30708.0,30647.051759187023
2018-06-04,30699.0,30507.385386170048
2018-06-05,30755.0,30610.172221004857
2018-06-06,31055.0,30727.933236238692
2018-06-07,31076.0,31053.536078073852
2018-06-08,31035.0,31053.941329056666
2018-06-11,30952.0,31084.247055892833
2018-06-12,30952.0,31072.395234304662
2018-06-13,31145.0,31015.921774109203
2018-06-14,30804.0,31048.505811562012
2018-06-15,30773.0,31140.797528995445
2018-06-18,30702.0,31059.602089646196
2018-06-19,30605.0,30939.014453071228
2018-06-20,30451.0,30935.334352196704
2018-06-21,30498.0,30712.27553501551
2018-06-22,30540.0,30411.328911126075
2018-06-25,30480.0,30607.916848975412
2018-06-26,30606.0,30528.49707434573
2018-06-27,30431.0,30744.590262557183
2018-06-28,30363.0,30539.16707554671
2018-06-29,30153.0,30012.882859967336
2018-07-02,30469.0,30254.65712151987
2018-07-03,30510.0,30816.0837758032
2018-07-04,30541.0,30954.185960049
2018-07-05,30582.0,30902.73451095341
2018-07-06,30638.0,30902.36235826034
2018-07-09,30551.0,30934.27745812517
2018-07-10,30344.0,30964.86422400994
2018-07-11,30175.0,30783.793519563966
2018-07-12,30131.0,30142.753519540063
2018-07-13,30103.0,29987.779750551646
2018-07-16,29757.0,30014.18189518689
2018-07-17,29799.0,29985.133016490556
2018-07-18,29913.0,30016.21245290439
2018-07-19,29957.0,30061.086884060674
2018-07-20,29914.0,30101.041359856616
2018-07-23,29912.0,30021.522264336254
2018-07-24,29959.0,30161.683455722614
2018-07-25,29836.0,30524.61245689037
2018-07-26,29805.0,30015.221085226713
2018-07-27,29755.0,30044.57068439274
2018-07-30,29638.0,30092.46861346063
2018-07-31,29462.0,30079.59495883861
2018-08-01,29520.0,30275.187913785747
2018-08-02,29800.0,30280.68996064086
2018-08-03,29563.0,31181.28444024447
2018-08-06,29534.0,30347.055781487044
2018-08-07,29544.0,30481.302546440562
2018-08-08,29605.0,30620.984868826778
2018-08-09,29706.0,30933.478824482405
2018-08-10,29665.0,31110.399316326744
2018-08-13,29664.0,31121.296478953023
2018-08-14,29275.0,31087.606714876558
2018-08-16,29275.0,30147.96771815406
2018-08-17,29435.0,30152.078857932425
2018-08-20,29542.0,30884.35562837065
2018-08-21,29627.0,31239.997767687237
2018-08-22,29576.0,31252.538009151518
2018-08-23,29882.0,31206.90884214937
2018-08-24,29973.0,31378.260672325894
2018-08-27,29981.0,31432.86518100247
2018-08-28,30144.0,31430.767029539646
2018-08-29,30131.0,31473.89520014926
2018-08-30,30116.0,31303.458193224935
2018-08-31,30327.0,31312.14763188665
2018-09-03,30221.0,31397.162890384792
2018-09-04,30310.0,31322.928647773235
2018-09-05,30565.0,31383.04902358866
2018-09-06,30509.0,31518.226184388517
2018-09-07,30725.0,31441.05266946159
2018-09-10,30732.0,31516.934968837926
2018-09-11,30664.0,31690.110564977367
2018-09-12,30470.0,32058.91268155767
2018-09-13,30453.0,31958.372460655395
2018-09-14,30778.0,32030.800458041183
2018-09-17,30811.0,32456.380467847794
2018-09-18,30649.0,32236.32601828875
2018-09-19,30623.0,32654.23925526725
2018-09-20,30609.0,32283.125740037205
2018-09-21,30862.0,32426.896505495057
2018-09-24,30838.0,32500.602637980508
2018-09-25,30608.0,32288.973420621634
2018-09-26,30356.0,32353.796352680118
2018-09-27,30479.0,31955.505868250304
2018-09-28,30614.0,32367.796835670233
2018-10-01,31025.0,32129.729459673254
2018-10-03,31136.0,32449.72081683686
2018-10-04,31233.0,31910.670123828117
2018-10-05,31096.0,31928.539637218368
2018-10-08,31161.0,32027.724818895316
2018-10-09,31247.0,32021.300368196207
2018-10-10,31793.0,32001.163359288807
2018-10-11,31670.0,32170.607948377925
2018-10-12,31877.0,32084.155749165893
2018-10-15,31701.0,32070.970975065018
2018-10-16,31702.0,32447.031024609376
2018-10-17,31885.0,32536.992056514355
2018-10-18,31737.0,32939.73651295917
2018-10-19,31729.0,32301.223247440957
2018-10-22,31871.0,32440.287829510828
2018-10-23,31723.0,32321.867125256584
2018-10-24,31683.0,32335.16579558032
2018-10-25,31764.0,32237.048472536368
2018-10-26,31730.0,32335.803399526118
2018-10-29,31725.0,32346.75749051862
2018-10-30,31631.0,32431.105739485927
2018-10-31,31783.0,32353.30601506142
2018-11-01,31737.0,32289.435179142103
2018-11-02,31783.0,32323.011432615298
2018-11-05,31657.0,31859.87684727651
2018-11-06,31602.0,31915.1156743147
2018-11-07,31408.0,31954.594562577884
2018-11-08,31023.0,31541.582063978836
2018-11-09,31014.0,31088.766287971
2018-11-12,30778.0,30867.21792755181
2018-11-13,30838.0,30826.860042279895
2018-11-14,30831.0,30871.8924208277
2018-11-15,31017.0,30866.34069553125
2018-11-16,30888.0,30921.429160651587
2018-11-19,30830.0,31091.703693008025
2018-11-20,30839.0,30961.46885190786
2018-11-21,30613.0,31073.323891266347
2018-11-22,30513.0,31043.434144538558
2018-11-23,30574.0,31073.20146235945
2018-11-26,30423.0,31049.197358511
2018-11-27,30457.0,31041.37869669809
2018-11-28,30253.0,31121.019387565822
2018-11-29,30186.0,31001.27907783875
2018-11-30,30787.0,30990.815091532106
2018-12-03,30964.0,32312.035423629542
2018-12-04,30926.0,32206.8354402783
2018-12-05,31005.0,32206.017155865207
2018-12-06,31440.0,32354.1533799806
2018-12-07,31895.0,32410.139944275626
2018-12-10,31812.0,33094.43530954424
2018-12-11,31626.0,32396.42059172272
2018-12-12,31414.0,32923.166066904945
2018-12-13,31437.0,32619.11124162077
2018-12-14,31501.0,32487.484220527913
2018-12-17,31075.0,32631.975012377425
2018-12-18,31139.0,32589.58923675591
2018-12-19,31219.0,32663.308984203628
2018-12-20,31126.0,32728.932103444513
2018-12-21,31375.0,32735.81735305351
2018-12-24,31463.0,33022.73478150217
2018-12-26,31611.0,33064.36202002172
2018-12-27,31506.0,33388.036197026675
2018-12-28,31489.0,33006.68948765415
2018-12-31,31560.0,33036.96438654551
2019-01-01,31934.0,32880.4021579136
2019-01-02,31939.0,32595.30985654947
2019-01-03,31679.0,32534.52531666267
2019-01-04,31652.0,32646.15323400826
2019-01-07,31736.0,32818.27077416787
2019-01-08,31993.0,32808.11452473531
2019-01-09,31878.0,32807.476026787524
2019-01-10,31924.0,32941.83539968146
2019-01-11,32130.0,32977.77639882666
2019-01-14,32169.0,33354.407457486814
2019-01-15,32272.0,33483.51906259809
2019-01-16,32253.0,33462.62032740591
2019-01-17,32089.0,33721.9020040389
2019-01-18,32039.0,33769.25073902792
2019-01-21,32154.0,33591.97675513195
2019-01-22,32135.0,33591.15611494921
2019-01-23,32016.0,33369.81869883802
2019-01-24,32339.0,33328.79666844925
2019-01-25,32536.0,33469.41178463329
2019-01-28,32891.0,33438.99339020926
2019-01-29,32903.0,33620.0013413501
2019-01-30,33100.0,33562.81035904322
2019-01-31,33405.0,33514.07973040091
2019-02-01,33455.0,33498.95661133409
2019-02-04,33381.0,33389.65892354529
2019-02-05,33222.0,34077.43141648668
2019-02-06,33056.0,33708.88261627502
2019-02-07,33125.0,33627.60685778745
2019-02-08,32931.0,32942.81419929294
2019-02-11,32747.0,33127.41508161491
2019-02-12,32909.0,33032.90504177405
2019-02-13,32970.0,33066.214123847814
2019-02-14,33263.0,33077.00304668197
2019-02-15,33463.0,33369.904031854385
2019-02-18,33753.0,33313.64255144357
2019-02-19,33719.0,33447.82764630772
2019-02-20,33302.0,33357.25289656721
2019-02-21,33369.0,33559.81996983494
2019-02-22,33159.0,33644.85769923554
2019-02-25,33228.0,33458.00553871614
2019-02-26,33171.0,33587.183288057204
2019-02-27,32902.0,33384.05381213205
2019-02-28,32533.0,33124.115260805345
2019-03-01,32505.0,32980.334167786306
2019-03-04,32015.0,32927.70793843957
2019-03-05,31954.0,32729.514725677363
2019-03-06,31946.0,32894.63274308879
2019-03-07,32174.0,32893.17648300311
2019-03-08,31915.0,33135.32615914005
2019-03-11,32015.0,32690.17281322834
2019-03-12,32225.0,32740.16794833018
2019-03-13,31832.0,33001.52604995363
2019-03-14,31853.0,33621.75802216271
2019-03-15,31685.0,32890.98165990402
2019-03-18,31985.0,32484.831097740258
2019-03-19,31740.0,32439.623807285127
2019-03-20,31842.0,32468.31408310976
2019-03-21,32155.0,32650.60867197089
2019-03-22,32223.0,33905.56423549644
2019-03-25,32113.0,33870.740976444766
2019-03-26,32019.0,33939.61516563051
2019-03-27,31624.0,34004.53487596673
2019-03-28,31703.0,34228.73858824094
2019-03-29,31570.0,32722.463955288906
2019-04-01,31535.0,32464.411745684934
2019-04-02,31450.0,33686.79305876798
2019-04-03,31503.0,33329.80293636146
2019-04-04,31566.0,33349.31198004757
2019-04-05,32076.0,33534.16075391077
2019-04-08,32098.0,33454.26309933603
2019-04-09,32174.0,33377.24194263355
2019-04-10,31663.0,33274.641624049225
2019-04-11,31760.0,33517.17867524452
2019-04-12,31760.0,33493.82236324615
2019-04-15,31474.0,33207.03216202956
2019-04-16,31410.0,33283.78957783132
2019-04-17,31403.0,33349.58685563951
2019-04-18,31531.0,33394.44496307542
2019-04-22,31525.0,33878.397915067006
2019-04-23,31759.0,33796.620529302025
2019-04-24,31843.0,33947.535491141956
2019-04-25,31868.0,34014.39041998628
2019-04-26,31625.0,33940.819586018115
2019-04-30,31563.0,33931.44798838215
2019-05-01,31203.0,33886.725757327804
2019-05-02,31341.0,33277.490683558004
2019-05-03,31578.0,33217.679474612254
2019-05-06,31739.0,33454.76129245148
2019-05-07,31697.0,33861.53647199728
2019-05-08,31926.0,34662.736268767185
2019-05-09,31917.0,34752.74024540654
2019-05-10,32499.0,34954.59013059382
2019-05-13,32248.0,34548.25194095817
2019-05-14,32261.0,34500.789979829584
2019-05-15,31985.0,34674.3620657622
2019-05-16,31809.0,34695.88899638931
2019-05-17,31566.0,34544.451991531096
2019-05-20,31442.0,34156.260915501654
2019-05-21,31452.0,33707.24059254868
2019-05-22,31696.0,33138.50627991531
2019-05-23,31554.0,34372.20362507888
2019-05-24,31630.0,34035.51473534087
2019-05-27,31569.0,34266.372072390135
2019-05-28,31760.0,34435.05266467642
2019-05-29,31831.0,34484.26957007181
2019-05-30,32131.0,34805.286071819566
2019-05-31,32405.0,34334.13072698024
2019-06-03,32465.0,34351.25228662129
2019-06-04,32607.0,34548.772102470895
2019-06-05,32734.0,34791.925108651405
2019-06-06,32867.0,34392.80052557028
2019-06-07,32611.0,34643.21856847449
2019-06-10,32576.0,34529.85312069039
2019-06-11,32685.0,34851.28826193141
2019-06-12,32884.0,35075.12706227651
2019-06-13,32984.0,34503.01518646843
2019-06-14,32961.0,35242.302003786805
2019-06-17,32939.0,34898.42597638242
2019-06-18,32976.0,35206.5672319977
2019-06-19,33838.0,35607.400232524575
2019-06-20,33960.0,35098.20165717985
2019-06-21,34214.0,35423.61490955469
2019-06-24,34300.0,35645.17685831383
2019-06-25,34135.0,36335.516415555365
2019-06-26,33931.0,36261.06789077368
2019-06-27,33947.0,35708.235460206306
2019-06-28,33348.0,35470.185570478076
2019-07-01,33779.0,35721.69995171029
2019-07-02,34077.0,36088.2762967074
2019-07-03,34023.0,36436.17766743632
2019-07-04,34370.0,35895.928064610205
2019-07-05,34535.0,35729.982664951705
2019-07-08,34533.0,35834.912952905834
2019-07-09,34765.0,35762.49105807851
2019-07-10,34612.0,36165.10936121523
2019-07-11,34812.0,36799.161344331376
2019-07-12,34792.0,37238.46947285049
2019-07-15,34738.0,37206.264201111044
2019-07-16,35039.0,38015.43793670035
2019-07-17,35117.0,37704.36895426603
2019-07-18,35033.0,37025.63984392904
2019-07-19,35143.0,37930.36902470972
2019-07-22,35030.0,37485.95413559762
2019-07-23,35036.0,37389.71506251679
2019-07-24,34850.0,37163.844685744996
2019-07-25,34815.0,36690.79880478432
2019-07-26,34788.0,36497.92853093106
2019-07-29,34737.0,36342.56961436837
2019-07-30,34714.0,36394.9576439964
2019-07-31,35134.0,36490.50908873
2019-08-01,35705.0,36437.2488785421
2019-08-02,36711.0,36375.29985288485
2019-08-05,37182.0,36811.23546090067
2019-08-06,37899.0,37271.175703246445
2019-08-07,37311.0,38412.39143884352
2019-08-08,37558.0,38359.54549240247
2019-08-09,37812.0,37961.39318206611
2019-08-12,37268.0,37532.515808191034
2019-08-13,37688.0,38928.410877470276
2019-08-14,37487.0,38997.91360815442
2019-08-16,37484.0,38282.04533604033
2019-08-19,37640.0,38445.921572396386
2019-08-20,37598.0,39382.708698239796
2019-08-21,37779.0,38618.942772949675
2019-08-22,38357.0,38273.01129144966
2019-08-23,38415.0,38465.09820741237
2019-08-26,38644.0,38669.25707672346
2019-08-27,38772.0,39024.193241349094
2019-08-28,38426.0,38632.25073061976
2019-08-29,38300.0,38060.074698010394
2019-08-30,38708.0,38030.594230911454
2019-09-02,39314.0,38882.24206456415
2019-09-03,39337.0,39608.302092217884
2019-09-04,38504.0,38350.22967615455
2019-09-05,38551.0,39086.63799628649
2019-09-06,38459.0,38989.32566440562
2019-09-09,38248.0,38924.21427668139
2019-09-10,37965.0,38098.103585498706
2019-09-11,37747.0,37733.692600791735
2019-09-12,37517.0,39390.85485499361
2019-09-13,38161.0,38993.68718321836
2019-09-16,37995.0,39294.73032335967
2019-09-17,37837.0,39345.97530720047
2019-09-18,37672.0,38767.27290457903
2019-09-19,37669.0,38861.15176713286
2019-09-20,37905.0,38420.49681717692
2019-09-23,38091.0,39227.088071227925
2019-09-24,37571.0,39268.215283921105
2019-09-25,37773.0,38738.157033967786
2019-09-26,37706.0,38883.86846818817
2019-09-27,36873.0,38678.10746776193
2019-09-30,37377.0,37723.003889450454
2019-10-01,38012.0,37202.9213524254
2019-10-03,38002.0,39468.53158962866
2019-10-04,37978.0,37501.10184320786
2019-10-07,38242.0,38982.88612058327
2019-10-08,38384.0,38431.03754124928
2019-10-09,38120.0,38501.7007271128
2019-10-10,37839.0,37247.903339731645
2019-10-11,38250.0,37957.286746914564
2019-10-14,38067.0,37296.02421418709
2019-10-15,38248.0,37324.97836220111
2019-10-16,38216.0,38087.67612945268
2019-10-17,38121.0,38716.408327591
2019-10-18,37969.0,38440.76874928657
2019-10-21,38025.0,38138.51690637549
2019-10-22,38124.0,38223.43912124467
2019-10-23,38452.0,38530.28358689372
2019-10-24,38362.0,38662.9670645241
2019-10-25,38280.0,38478.481357808014
2019-10-27,38103.0,37839.8796163666
2019-10-28,38110.0,37085.55994584149
2019-10-29,38369.0,36945.8854367035
2019-10-30,38842.0,36967.56677833486
2019-10-31,38652.0,37848.51988256096
2019-11-01,38734.0,36929.970613076395
2019-11-04,38458.0,36316.561780028285
2019-11-05,38239.0,36169.13139761486
2019-11-06,37595.0,36185.38854884371
2019-11-07,37705.0,36213.816545462505
2019-11-08,37688.0,36681.09433113695
2019-11-11,37740.0,36867.995001079056
2019-11-12,38107.0,36742.40487129088
2019-11-13,38269.0,37024.45962845382
2019-11-14,38002.0,37525.71509447195
2019-11-15,38228.0,37240.87416495308
2019-11-18,38206.0,38478.27848731539
2019-11-19,38155.0,38417.51389266671
2019-11-20,37971.0,38260.17704212726
2019-11-21,37927.0,38127.065833489534
2019-11-22,37782.0,38035.08693342811
2019-11-25,37775.0,37879.09271505953
2019-11-26,37578.0,37852.75679518768
2019-11-27,37780.0,37684.0480350206
2019-11-28,37961.0,37998.04094225467
2019-11-29,37915.0,38203.37855203859
2019-12-02,38267.0,37098.78493836689
2019-12-03,38188.0,38083.128840716774
2019-12-04,38095.0,37362.81131899848
2019-12-05,37748.0,37175.88402841712
2019-12-06,37638.0,36422.43894963315
2019-12-09,37604.0,36306.56386170539
2019-12-10,37693.0,36091.20012075664
2019-12-11,37559.0,36245.078083162305
2019-12-12,37776.0,36583.62696031271
2019-12-13,37873.0,37667.31019853324
2019-12-16,37961.0,37189.789357266985
2019-12-17,37932.0,37712.79237791032
2019-12-18,38110.0,37857.974414044984
2019-12-19,38002.0,38049.291986732256
2019-12-20,38231.0,38018.98380243131
2019-12-23,38624.0,37326.6037042249
2019-12-24,38767.0,37503.99468421696
2019-12-26,38978.0,37493.288479251045
2019-12-27,38823.0,37612.11200832362
2019-12-30,38999.0,37312.01022291379
2019-12-31,38938.0,37261.482131035955
2020-01-01,39220.0,37590.309880523404
2020-01-02,39925.0,38865.7225373077
2020-01-03,40448.0,37647.39050176178
2020-01-06,40635.0,38573.038462536446
2020-01-07,40078.0,38417.27797820688
2020-01-08,39806.0,38934.31525371546
2020-01-09,39849.0,38621.11144192012
2020-01-10,39541.0,39307.7994526119
2020-01-13,39443.0,40508.06502507857
2020-01-14,39598.0,40109.943801475136
2020-01-15,39676.0,38914.43157429208
2020-01-16,39920.0,39975.8125165371
2020-01-17,39927.0,40951.33836282276
2020-01-20,39892.0,39916.17370721572
2020-01-21,39893.0,39789.41531733498
2020-01-22,40255.0,39610.41682910204
2020-01-23,40322.0,39834.37496187471
2020-01-24,40557.0,39757.1161695656
2020-01-27,40200.0,39594.793988841775
2020-01-28,40321.0,39679.7710896779
2020-01-29,40897.0,39905.31007279094
2020-01-30,41012.0,40045.36857329852
2020-01-31,41099.0,39102.50607093952
2020-02-01,40633.0,39458.927218118755
2020-02-03,40056.0,39124.325752360375
2020-02-04,40213.0,39132.610621652326
2020-02-05,40287.0,38664.84991217136
2020-02-06,40563.0,39495.65301856357
2020-02-07,40607.0,38575.91666334102
2020-02-10,40353.0,38067.17613924163
2020-02-11,40427.0,39137.22411070911
2020-02-12,40580.0,39375.258552755055
2020-02-13,40879.0,38597.01207472155
2020-02-14,40686.0,38824.4967012798
2020-02-17,41311.0,38276.44995068718
2020-02-18,41463.0,39575.33577664844
2020-02-19,41886.0,40119.65243811667
2020-02-20,42511.0,40742.722577821274
2020-02-21,43456.0,41054.6987900928
2020-02-24,42675.0,40550.48799857546
2020-02-25,42349.0,41433.66268039723
2020-02-26,42193.0,41195.539628031795
2020-02-27,41763.0,41020.09694089136
2020-02-28,42017.0,39567.49768404344
2020-03-02,43100.0,42417.73203015148
2020-03-03,43235.0,42793.021416214426
2020-03-04,43874.0,43196.07825107052
2020-03-05,44098.0,42945.916184595575
2020-03-06,44308.0,44148.7819970797
2020-03-09,43694.0,44565.39129395566
2020-03-10,43334.0,43582.91254137722
2020-03-11,42217.0,41845.54045546589
2020-03-12,40382.0,42623.52269765782
2020-03-13,39548.0,42224.118545109915
2020-03-16,40279.0,42833.15602232946
2020-03-17,39764.0,42805.22652261547
2020-03-18,39889.0,42492.51956303036
2020-03-19,40419.0,42931.21473646725
2020-03-20,41317.0,43483.80430274569
2020-03-23,41873.0,43932.01150477747
2020-03-24,42713.0,44406.45911513836
2020-03-25,43631.0,44978.29031814802
2020-03-26,43590.0,45431.25654183804
2020-03-27,43883.0,44856.89913996135
2020-03-30,43225.0,44219.86830379134
2020-03-31,43578.0,44449.652521121374
2020-04-01,44298.0,44241.247749400354
2020-04-03,45043.0,45345.350550956486
2020-04-07,44944.0,46146.70438156625
2020-04-08,45279.0,44439.08134953627
2020-04-09,46270.0,44599.751186766276
2020-04-13,46696.0,45022.57865731855
2020-04-15,47203.0,45030.57807223975
2020-04-16,45855.0,43856.34325309958
2020-04-17,45724.0,43850.30253558357
2020-04-20,45383.0,42929.27695778403
2020-04-21,46189.0,42925.0805908431
2020-04-22,46475.0,43548.01049889347
2020-04-23,46550.0,45028.468277740234
2020-04-24,46353.0,45650.18895734509
2020-04-27,46188.0,45757.512639877845
2020-04-28,45439.0,45787.098230918346
2020-04-29,44647.0,44641.096974319415
2020-04-30,45251.0,44557.01474662088
2020-05-01,45762.0,44868.56673537936
2020-05-04,45539.0,45421.05333455586
2020-05-05,45387.0,45492.05209765399
2020-05-06,46147.0,46206.437307071
2020-05-07,45820.0,45663.78847633488
2020-05-08,45785.0,45769.005199469815
2020-05-11,45635.0,45831.309318023465
2020-05-12,45983.0,45660.31774627976
2020-05-13,46631.0,46448.89075070056
2020-05-14,47352.0,46676.15759081767
2020-05-15,46652.0,46656.966140996854
2020-05-18,47036.0,46792.03862755231
2020-05-19,47129.0,47211.05083183093
2020-05-20,46417.0,46930.69331002828
2020-05-21,47057.0,46854.98751878647
2020-05-22,46953.0,46926.301244391965
2020-05-25,46393.0,46578.009242528584
2020-05-26,46647.0,46278.68878457627
2020-05-27,46474.0,46709.57619629157
2020-05-28,46858.0,46720.30464783157
2020-05-29,47018.0,46894.955583931536
2020-06-01,46796.0,46095.042876927815
2020-06-02,46203.0,46836.30860136359
2020-06-03,46781.0,46287.889312796186
2020-06-04,46346.0,46426.69848389664
2020-06-05,46110.0,44422.597647031
2020-06-08,46595.0,46602.742224352696
2020-06-09,46629.0,46661.7257775281
2020-06-10,47405.0,46626.70145194089
2020-06-11,47325.0,45789.968719272765
2020-06-12,46999.0,46840.74192684305
2020-06-15,47534.0,46734.36405289706
2020-06-16,47320.0,47267.73325899302
2020-06-17,47328.0,47136.54099607961
2020-06-18,47907.0,47726.98335580933
2020-06-19,47912.0,47660.446256903175
2020-06-22,48186.0,47945.98861334742
2020-06-23,48105.0,48079.39376923517
2020-06-24,47952.0,47995.54558301963
2020-06-25,48363.0,48350.04997037387
2020-06-26,48194.0,48258.37607531519
2020-06-29,48861.0,47640.83367387852
2020-06-30,48400.0,47564.70551880393
2020-07-01,48437.0,47000.120281742355
2020-07-02,48336.0,48583.70459750374
2020-07-03,48247.0,48350.10636874398
2020-07-06,48796.0,46834.44697782594
2020-07-07,49160.0,48890.32729790162
2020-07-08,48896.0,48545.738852522336
2020-07-09,48883.0,48128.844970243874
2020-07-10,49180.0,48559.92456355069
2020-07-13,49277.0,48442.26470132205
2020-07-14,49182.0,48858.901873499504
2020-07-15,48811.0,49396.65112043186
2020-07-16,49001.0,49458.29241760136
2020-07-17,49067.0,49435.881942727705
2020-07-20,49559.0,49475.19140105547
2020-07-21,50115.0,49241.66527444635
2020-07-22,50762.0,50136.300827884945
2020-07-23,51120.0,50578.8224957069
2020-07-24,52227.0,51429.33398908385
2020-07-27,52731.0,51177.367211432276
2020-07-28,53207.0,51230.36391545625
2020-07-29,52986.0,51962.388701018535
2020-07-30,53582.0,51615.591295123835
2020-07-31,53927.0,51119.59354965804
2020-08-03,54784.0,51011.359130842764
2020-08-04,55597.0,51702.12946715997
2020-08-05,56117.0,51248.394645794826
2020-08-06,55018.0,51142.00458700771
2020-08-07,55243.0,49634.07807663094
2020-08-10,52144.0,49234.601793335045
2020-08-11,52505.0,47501.99938275726
2020-08-12,53148.0,49869.23945248622
2020-08-13,52451.0,51198.552482627
2020-08-14,53435.0,50993.30617441687
2020-08-17,53738.0,51076.39523477743
2020-08-18,52824.0,49972.238505987094
2020-08-19,52302.0,50904.30417033169
2020-08-20,52045.0,50612.44386623289
2020-08-21,51385.0,49758.4817978251
2020-08-24,50936.0,48763.27637303957
2020-08-25,51619.0,48633.73374415392
2020-08-26,50507.0,49136.55433166807
2020-08-27,51050.0,47787.28286958781
2020-08-28,51099.0,49640.54476089127
2020-08-31,51017.0,49426.310709407604
2020-09-01,50577.0,48910.070800911046
2020-09-02,50768.0,48817.43064537493
2020-09-03,50728.0,49453.57310895794
2020-09-04,51149.0,49914.48690812468
2020-09-07,51433.0,50248.59736213969
2020-09-08,51486.0,49004.33656525795
2020-09-09,51832.0,50341.357281471304
2020-09-10,51393.0,46685.35861700935
2020-09-11,51759.0,47587.9586100993
2020-09-14,51818.0,49389.372239832235
2020-09-15,51876.0,49707.576049529125
2020-09-16,51498.0,49669.841943958745
2020-09-17,51764.0,49985.73734495785
2020-09-18,50512.0,49790.33301018127
2020-09-21,50454.0,48161.814752265935
2020-09-22,49576.0,49050.71965254665
2020-09-23,49959.0,48156.63177696673
2020-09-24,49539.0,49242.32842234752
2020-09-25,49928.0,49170.73147465533
2020-09-28,50607.0,48818.9245201275
2020-09-29,50232.0,47736.846982830095
2020-09-30,50345.0,48527.14058398498
2020-10-01,50809.0,48949.58542646391
2020-10-05,50617.0,50144.838991952834
2020-10-06,50133.0,49754.91018042568
2020-10-07,50239.0,49464.808432635014
2020-10-08,50872.0,49437.93091648412
2020-10-09,51166.0,46522.48356377009
2020-10-12,50306.0,45474.1886287933
2020-10-13,50614.0,46664.04975240078
2020-10-14,50775.0,47197.45496997201
2020-10-15,50605.0,47670.90429004388
2020-10-16,50751.0,46795.60981022134
2020-10-19,50937.0,46582.74196503312
2020-10-20,51313.0,47029.036885258545
2020-10-21,50741.0,46228.923280468436
2020-10-22,50820.0,46772.132349382664
2020-10-23,50953.0,46908.45631560384
2020-10-26,50984.0,47440.56390885386
2020-10-27,50483.0,46412.505166906434
2020-10-28,50276.0,46083.888300559454
2020-10-29,50641.0,45616.47251738543
2020-10-30,51032.0,44654.39494764519
2020-11-02,51509.0,47199.30754101057
2020-11-03,50829.0,46214.01059856617
2020-11-04,51901.0,46137.69370563877
2020-11-05,52190.0,45195.64689549604
2020-11-06,49795.0,47105.024132110724
2020-11-09,50561.0,48748.21583827448
2020-11-10,50230.0,49424.6778564737
2020-11-11,50652.0,48662.61271188742
2020-11-12,50956.0,49075.05827289232
2020-11-13,50945.0,49075.4686323512
2020-11-14,50870.0,47056.03384915677
2020-11-16,50806.0,48481.02183304968
2020-11-17,50377.0,47067.86889557005
2020-11-18,50063.0,49162.36675342332
2020-11-19,50279.0,48209.01271260064
2020-11-20,49555.0,47311.67486376689
2020-11-23,48683.0,47295.504493609194
2020-11-24,48568.0,46937.83756924751
2020-11-25,48597.0,47662.60801699392
2020-11-26,48189.0,47162.97629223853
2020-11-27,47898.0,46999.26121244786
2020-11-30,48641.0,47030.32687992227
2020-12-01,48959.0,47925.22558495392
2020-12-02,49061.0,47929.4327153389
2020-12-03,49322.0,47855.60364538252
2020-12-04,49923.0,46931.681258956676
2020-12-07,50049.0,47684.27932010187
2020-12-08,49256.0,46450.936184684506
2020-12-09,49081.0,47200.73111171279
2020-12-10,49306.0,46468.47385949998
2020-12-11,48916.0,46659.257817196994
2020-12-14,49416.0,46663.772331488915
2020-12-15,49544.0,48183.51832487305
2020-12-16,50263.0,49177.86630154649
2020-12-17,50100.0,48401.91311326674
2020-12-18,50146.0,48964.20871946387
2020-12-21,49768.0,49047.09567239653
2020-12-22,49909.0,49738.420779391614
2020-12-23,49787.0,49598.39849097032
2020-12-24,49761.0,49023.623286001784
2020-12-28,49722.0,48588.832880896036
2020-12-29,49881.0,48100.24761974552
2020-12-30,50081.0,47072.415017879226
2020-12-31,50081.0,48581.801375704184
2021-01-01,51349.0,48363.93283683456
2021-01-04,51456.0,48363.0458745595
2021-01-05,50545.0,44801.788129502944
2021-01-06,50918.0,47289.60809451971
2021-01-07,49035.0,47283.345671329356
2021-01-08,49386.0,49092.520466928465
2021-01-11,49098.0,48230.855747100286
2021-01-12,49354.0,48879.56513390688
2021-01-13,49238.0,48831.608640261824
2021-01-14,48745.0,48621.74153846402
2021-01-15,48918.0,47982.917681011895
2021-01-18,49011.0,48996.076640311316
2021-01-19,49528.0,48493.42500750855
2021-01-20,49418.0,48876.80191904633
2021-01-21,49131.0,49287.578159885845
2021-01-22,49144.0,48256.15714520146
2021-01-25,48879.0,48546.57366791743
2021-01-27,48672.0,48319.20950140104
2021-01-28,49111.0,47871.30947368594
2021-01-29,48424.0,48691.831655806076
2021-02-01,47752.0,46659.82697179475
2021-02-02,47703.0,46997.311744536775
2021-02-03,46695.0,47050.67808182432
2021-02-04,46978.0,46530.498966658124
2021-02-05,47726.0,47114.864214197245
2021-02-08,47818.0,47448.223403097654
2021-02-09,47863.0,47166.65431686968
2021-02-10,47377.0,47097.46320312483
2021-02-11,47169.0,46415.303438919495
2021-02-12,47118.0,46100.5949625004
2021-02-15,46777.0,45401.13791880816
2021-02-16,46134.0,46109.9885730482
2021-02-17,46046.0,46338.54314723315
2021-02-18,46095.0,47117.93434965192
2021-02-19,46782.0,47958.27476917304
2021-02-22,46632.0,48671.97967761431
2021-02-23,46369.0,47671.99141696504
2021-02-24,46085.0,46927.84594391325
2021-02-25,45569.0,46419.72363735915
2021-02-26,45021.0,46123.04309227884
2021-03-01,45224.0,46693.783475726676
2021-03-02,44721.0,46374.9848387437
2021-03-03,44581.0,47160.17933903614
2021-03-04,44442.0,46227.3236913614
2021-03-05,44233.0,46678.31934044514
2021-03-08,44844.0,42196.68683028989
2021-03-09,44774.0,46607.32526304483
2021-03-10,44876.0,45873.65285875445
2021-03-11,44737.0,44684.4172500339
2021-03-12,44906.0,45111.0907970836
2021-03-15,44820.0,45050.25216132628
2021-03-16,44848.0,44978.794996869576
2021-03-17,44942.0,45023.09687007516
2021-03-18,45008.0,45593.71359823696
2021-03-19,44885.0,46489.2924455039
2021-03-22,44636.0,44948.98737272906
2021-03-23,44841.0,44670.99669094114
2021-03-24,44726.0,45104.40742156323
2021-03-25,44629.0,44915.92121046368
2021-03-26,43754.0,44666.46463622443
2021-03-29,43941.0,44531.953581078225
2021-03-30,44418.0,44973.01450575816
2021-03-31,44957.0,44739.98693719455
2021-04-01,44985.0,44755.50473246936
2021-04-05,45685.0,45766.64084489231
2021-04-06,46128.0,45415.35639472263
2021-04-07,46576.0,45272.8033139969
2021-04-08,46344.0,45558.01384679259
2021-04-09,46188.0,45103.08965359763
2021-04-12,46674.0,45246.330529933126
2021-04-13,46317.0,45275.24738813006
2021-04-14,46881.0,45546.82325572575
2021-04-15,47022.0,46905.09948351167
2021-04-16,47084.0,46622.71018153336
2021-04-19,47498.0,46527.32080187593
2021-04-20,47892.0,46747.88319662593
2021-04-21,47426.0,46792.18690838067
2021-04-22,47169.0,46587.60403293207
2021-04-23,47117.0,46512.222676473844
2021-04-26,46960.0,46393.78994245246
2021-04-27,46697.0,46309.58260251767
2021-04-28,46400.0,46081.136451517574
2021-04-29,46431.0,45723.11484920201
2021-04-30,46963.0,45844.91992975593
2021-05-03,46782.0,45577.12617404309
2021-05-04,46591.0,45089.45405493103
2021-05-05,47536.0,45847.068025620305
2021-05-06,47719.0,46161.31988651068
2021-05-07,47925.0,46721.73852498907
2021-05-10,47625.0,46539.3885930125
2021-05-11,47491.0,47282.7657482758
2021-05-12,47452.0,48416.858043543754
2021-05-13,47682.0,45406.91656783332
2021-05-14,48437.0,46100.051811868994
2021-05-17,48288.0,46887.59851787458
2021-05-18,48660.0,46922.71393598158
2021-05-19,48519.0,48001.67595586446
2021-05-20,48368.0,48416.392838484746
2021-05-21,48514.0,47357.9319737884
2021-05-24,48780.0,47238.87543433501
2021-05-25,48728.0,47382.08197031818
2021-05-26,48561.0,47464.85969067833
2021-05-27,48543.0,46847.03410782208
2021-05-28,48807.0,46949.937301414175
2021-05-31,48935.0,47507.357583423334
2021-06-01,49108.0,48005.13295167437
2021-06-02,48293.0,46498.84937638051
2021-06-03,48650.0,47216.197773844244
2021-06-04,48911.0,47372.14573713268
2021-06-07,48908.0,46634.35267482385
2021-06-08,48904.0,46612.68252461903
2021-06-09,48975.0,45347.571546221836
2021-06-10,48717.0,45480.503231252784
2021-06-11,48318.0,46790.59031638039
2021-06-14,48230.0,45359.01394487386
2021-06-15,48279.0,45022.38091323105
2021-06-16,46781.0,45103.010481892175
2021-06-17,46592.0,46436.894323896595
2021-06-18,46904.0,45904.8078573449
2021-06-21,46838.0,45484.48836050794
2021-06-22,46921.0,45578.03795573095
2021-06-23,46701.0,45646.537765832996
2021-06-24,46757.0,45957.73935035934
2021-06-25,46821.0,45838.24908210207
2021-06-28,46438.0,45824.3412836162
2021-06-29,46817.0,45721.89936015389
2021-06-30,46985.0,46080.64966697648
2021-07-01,47286.0,46001.036167700244
2021-07-02,47567.0,46276.64553908042
2021-07-05,47694.0,46559.2036523729
2021-07-06,47887.0,46522.25532941821
2021-07-07,47735.0,46668.79425403863
2021-07-08,47898.0,46544.79136011698
2021-07-09,47768.0,46911.20740300249
2021-07-12,47887.0,46334.895844816914
2021-07-13,48265.0,46398.910599128234
2021-07-14,48358.0,47341.31479251644
2021-07-15,48040.0,46769.696055600216
2021-07-16,48069.0,46384.68146309915
2021-07-19,47861.0,47297.47221399499
2021-07-20,47584.0,47247.52922549142
2021-07-21,47624.0,46663.390404943835
2021-07-22,47521.0,46731.39042509202
2021-07-23,47455.0,46623.85036813963
2021-07-26,47551.0,46501.667483767436
2021-07-27,47535.0,46925.52600054079
2021-07-28,48210.0,46194.71924044608
2021-07-29,47901.0,46215.18921386767
2021-07-30,47937.0,45822.27550900145
2021-08-02,47854.0,45550.645680256945
2021-08-03,47872.0,46353.43135656006
2021-08-04,47959.0,46410.01972572349
2021-08-05,46682.0,45079.13121412063
2021-08-06,45949.0,45891.424237663
2021-08-09,45936.0,45582.788803974334
2021-08-10,46351.0,45551.65205149061
2021-08-11,46335.0,45315.73365443877
2021-08-12,46886.0,45637.174654136485
2021-08-13,47138.0,45708.67543064097
2021-08-16,47206.0,46126.97592389781
2021-08-17,47069.0,46402.18349130871
2021-08-18,47119.0,46510.0610319965
2021-08-19,47110.0,47098.19650310492
2021-08-20,47511.0,46775.17754420161
2021-08-23,47532.0,46910.610502816366
2021-08-24,47108.0,46625.09124972445
2021-08-25,47163.0,45559.69567694871
2021-08-26,47416.0,45749.515630066846
2021-08-27,47049.0,45832.55672338273
2021-08-30,47060.0,45796.56246613897
2021-08-31,47093.0,46732.34184916807
2021-09-01,47048.0,46950.30211380669
2021-09-02,47342.0,46923.1916400438
2021-09-03,47450.0,45953.074586790026
2021-09-06,46989.0,45082.310146809046
2021-09-07,47072.0,45746.492510164826
2021-09-08,47021.0,45418.063962359374
2021-09-09,46858.0,45210.06467999804
2021-09-10,46946.0,45396.61103601547
2021-09-13,47267.0,45487.74233175563
2021-09-14,46949.0,47084.36332798174
2021-09-15,46120.0,46431.21762875495
2021-09-16,46025.0,45919.509499617954
2021-09-17,46297.0,44943.092094685686
2021-09-20,46641.0,45464.180100144426
2021-09-21,46682.0,46270.37827639102
2021-09-22,46083.0,46612.918645673395
2021-09-23,45995.0,45515.72026848748
2021-09-24,46064.0,45340.17241715903
2021-09-27,45819.0,45059.3913312387
2021-09-28,45550.0,45093.377165238046
2021-09-29,46221.0,45068.8770864855
2021-09-30,46315.0,46749.79869044452
2021-10-01,46618.0,47382.64218096965
2021-10-04,46459.0,47486.460699078656
2021-10-05,46781.0,48064.82514608016
2021-10-06,46737.0,47437.06269225344
2021-10-07,46922.0,47371.05521767948
2021-10-08,46941.0,47424.33797050442
2021-10-11,47097.0,47558.69841802235
2021-10-12,47753.0,47362.95920331706
2021-10-13,47748.0,48098.31153977689
2021-10-14,47106.0,46608.57122556639
2021-10-15,47186.0,47067.47494453942
2021-10-18,47196.0,46999.65390033866
2021-10-19,47380.0,47086.71316646102
2021-10-20,47314.0,47419.564050086556
2021-10-21,47668.0,47580.74214736356
2021-10-22,48030.0,47737.72108966758
2021-10-25,47680.0,47674.26909613321
2021-10-26,47804.0,47402.49554605798
2021-10-27,47777.0,47982.855040288276
2021-10-28,47502.0,47245.63404983619
2021-10-29,47692.0,48050.11662980183
2021-11-01,47683.0,47112.95782225095
2021-11-02,46961.0,47598.67656165854
2021-11-03,47559.0,46456.80313575557
2021-11-04,47959.0,46598.231786446086
2021-11-05,48025.0,47305.69419557165
2021-11-08,48263.0,47724.51104376781
2021-11-09,48857.0,47767.13730939406
2021-11-10,49208.0,48594.83013379098
2021-11-11,49277.0,48790.25543754244
2021-11-12,49269.0,47889.698621375515
2021-11-15,49038.0,48186.20518474471
2021-11-16,49262.0,47930.19127135495
2021-11-17,49047.0,48656.36383837923
2021-11-18,48829.0,48431.670865509885
2021-11-19,47963.0,48500.48961980666
2021-11-22,47460.0,48768.30841119947
2021-11-23,47469.0,48808.47698647056
2021-11-24,47444.0,48496.87544090926
2021-11-25,47610.0,48642.814492059115
2021-11-26,47613.0,48674.542107145986
2021-11-29,47439.0,48346.14210068454
2021-11-30,47525.0,48469.46469973339
2021-12-01,47307.0,46837.787655786386
2021-12-02,47425.0,46688.238112383224
2021-12-03,47787.0,46842.3075866861
2021-12-06,47922.0,47286.66509982778
2021-12-07,47900.0,47036.65623743667
2021-12-08,47802.0,46879.08187067178
2021-12-09,47993.0,46719.49026766814
2021-12-10,48106.0,46995.997156457604
2021-12-13,47895.0,46839.5922890854
2021-12-14,47900.0,47218.463602241114
2021-12-15,48407.0,47098.72538811041
2021-12-16,48467.0,47261.25522865602
2021-12-17,48130.0,47890.2326451191
2021-12-20,47933.0,47801.5434920962
2021-12-21,48026.0,47843.31058211568
2021-12-22,48012.0,47736.14346718311
2021-12-23,47982.0,47388.6832084177
2021-12-24,47933.0,47697.64138456114
2021-12-27,47888.0,47237.14556525411
2021-12-28,47673.0,47298.1169858846
2021-12-29,47746.0,47195.41223078721
2021-12-30,47994.0,47288.128849553344
2021-12-31,47473.0,46844.28950188394
2022-01-03,47763.0,46583.06182652352
2022-01-04,47974.0,46967.562037994394
2022-01-05,47499.0,47200.466840028756
2022-01-06,47481.0,47164.339191952175
2022-01-07,47471.0,47462.96534064437
2022-01-10,47694.0,47316.872655319785
2022-01-11,47802.0,47442.06768898
2022-01-12,47759.0,47581.95950609481
2022-01-13,47803.0,48022.87885660014
2022-01-14,47908.0,47883.92678639707
2022-01-17,47926.0,47851.06680029363
2022-01-18,48368.0,47678.904348928016
2022-01-19,48372.0,47997.02813112065
2022-01-20,48243.0,47796.47129888198
2022-01-21,48537.0,47976.20453128797
2022-01-24,48836.0,48065.11882676849
2022-01-25,47974.0,47884.3966421528
2022-01-27,47652.0,48102.77028898807
2022-01-28,47840.0,48087.21664977137
2022-01-31,47966.0,48337.09235375439
2022-02-01,48049.0,48685.512568892955
2022-02-02,47884.0,47839.9732226544
2022-02-03,48081.0,47833.03605401341
2022-02-04,48168.0,48007.97394628543
2022-02-07,48345.0,47819.09680038807
2022-02-08,48575.0,47884.44404207001
2022-02-09,48867.0,48038.52331995444
2022-02-10,49024.0,48156.322211579136
2022-02-11,49827.0,48222.046595254855
2022-02-14,49332.0,48464.07881529487
2022-02-15,49546.0,48619.11018201901
2022-02-16,50277.0,48953.887881738185
2022-02-17,50034.0,49943.387217268864
2022-02-18,49998.0,50392.290458572206
2022-02-21,50186.0,50198.313763783655
2022-02-22,50226.0,50437.55363113581
2022-02-23,51403.0,50244.35390157356
2022-02-24,50039.0,52000.164648185
2022-02-25,50530.0,49888.97559195782
2022-02-28,51565.0,50559.75283047635
2022-03-01,51133.0,51687.367416938774
2022-03-02,51569.0,50684.263288433285
2022-03-03,52274.0,51683.03165812611
2022-03-04,53461.0,51325.38648476622
2022-03-07,54146.0,51772.946464824796
2022-03-08,52724.0,53551.73745526425
2022-03-09,53183.0,55714.46568202386
2022-03-10,52828.0,55830.229761082075
2022-03-11,52238.0,55684.37643590721
2022-03-14,51522.0,54686.54240414752
2022-03-15,51105.0,54673.202203525
2022-03-16,51597.0,54091.43314244231
2022-03-17,51383.0,53486.3699152209
2022-03-18,51546.0,53842.03806065604
2022-03-21,51219.0,53207.16904403848
2022-03-22,51580.0,52631.44830921362
2022-03-23,51841.0,53888.31459855096
2022-03-24,51687.0,53519.01033038671
2022-03-25,51442.0,51943.68266885071
2022-03-28,50730.0,51219.60121401367
2022-03-29,51042.0,50619.984951259394
2022-03-30,51633.0,49997.67838597326
2022-03-31,51264.0,50482.72552751041
2022-04-01,51229.0,50918.160746729736
2022-04-04,51619.0,51116.57756940981
2022-04-05,51433.0,51365.77346641605
2022-04-06,51681.0,51393.14068134917
2022-04-07,51854.0,50634.03480921515
2022-04-08,51985.0,50467.09725867903
2022-04-11,52656.0,50779.27234056057
2022-04-12,52871.0,50367.52284751071
2022-04-13,52793.0,50261.72108412659
2022-04-14,53104.0,50658.98198441978
2022-04-18,52603.0,50931.72879915573
2022-04-19,52499.0,51052.466821474656
2022-04-20,52356.0,50801.542692374445
2022-04-21,52250.0,51005.48698698257
2022-04-22,51462.0,51167.16927799849
2022-04-25,51655.0,50689.89120526341
2022-04-26,51357.0,50240.483146301456
2022-04-27,51391.0,50512.760548305094
2022-04-28,51809.0,50217.87564973799
2022-04-29,50831.0,50347.61679792124
2022-05-02,51022.0,51230.38433865967
2022-05-03,50836.0,51249.91427722818
2022-05-04,51653.0,51095.33536579669
2022-05-05,51381.0,51120.20711356099
2022-05-06,51026.0,51029.2826602761
2022-05-09,50662.0,50518.62297467574
2022-05-10,50862.0,50479.84209043583
2022-05-11,50249.0,50175.70951055295
2022-05-12,49944.0,50194.62514081911
2022-05-13,50291.0,50201.46558936971
2022-05-16,50237.0,50376.15191901302
2022-05-17,50235.0,50341.01735601174
2022-05-18,50579.0,50767.32342824377
2022-05-19,50842.0,51777.459087127005
2022-05-20,50934.0,52088.767562659006
2022-05-23,51146.0,51938.880150407815
2022-05-24,50815.0,52413.68392773394
2022-05-25,50858.0,51034.44283758991
2022-05-26,50961.0,51186.948315273105
2022-05-27,50908.0,51045.21240632766
2022-05-30,50924.0,50450.7409701943
2022-05-31,50504.0,50634.31298335239
2022-06-01,51078.0,51153.43395143468
2022-06-02,51287.0,50388.08871203455
2022-06-03,50871.0,50804.35307647646
2022-06-06,50929.0,50314.50576676672
2022-06-07,51036.0,50469.966633702774
2022-06-08,50971.0,50396.46644842351
2022-06-09,51645.0,50200.164314018744
2022-06-10,50682.0,50842.90040735979
2022-06-13,50251.0,51684.27265176402
2022-06-14,50433.0,50835.68335252166
2022-06-15,50945.0,51047.001110322264
2022-06-16,50824.0,51801.529155541226
2022-06-17,50748.0,51965.059446450716
2022-06-20,50775.0,51905.20612631365
2022-06-21,50898.0,51574.16575726486
2022-06-22,50608.0,51375.6185770427
2022-06-23,50614.0,52044.77580672257
2022-06-24,50681.0,51319.73243387741
2022-06-27,50824.0,51311.33142621249
2022-06-28,50836.0,51279.01681701949
2022-06-29,50719.0,51342.21960111871
2022-06-30,52227.0,51411.699836216176
2022-07-01,51808.0,53068.97377636446
2022-07-04,52238.0,53258.99189561743
2022-07-05,50581.0,53241.090663841016
2022-07-06,50691.0,52195.19522704022
2022-07-07,50832.0,51804.82488264767
2022-07-08,50709.0,51625.35447867225
2022-07-11,50532.0,51386.500002655725
2022-07-12,50849.0,51260.26519868883
2022-07-13,50323.0,51848.78920453553
2022-07-14,50212.0,51622.43665147083
2022-07-15,50457.0,51534.81729501128
2022-07-18,50395.0,52106.530570312796
2022-07-19,50309.0,51949.377095959615
2022-07-20,50427.0,51795.87126884025
2022-07-21,50720.0,52034.51294191223
2022-07-22,50567.0,52531.84747352691
2022-07-25,50612.0,52207.64665849359
2022-07-26,50722.0,52099.15369203493
2022-07-27,51274.0,52153.434040474865
2022-07-28,51365.0,53574.009809432755
2022-07-29,51260.0,53190.5621180899
2022-08-01,51274.0,52967.64199199986
2022-08-02,51216.0,53486.29376308077
2022-08-03,51802.0,51207.0334082942
2022-08-04,51641.0,51554.1994300294
2022-08-05,52183.0,51876.68357268837
2022-08-08,52383.0,51896.862239028305
2022-08-09,52184.0,51745.15811158651
2022-08-10,52246.0,51870.31716672369
2022-08-11,52456.0,51694.91718612536
2022-08-12,51821.0,51524.942863042954
2022-08-16,51563.0,52097.39746104295
2022-08-17,51642.0,51962.79096376024
2022-08-18,51517.0,51871.75136974833
2022-08-19,51217.0,51971.328841374794
2022-08-22,51458.0,52019.03724251662
2022-08-23,51480.0,52273.64117752861
2022-08-24,51628.0,52230.38644052678
2022-08-25,51242.0,52264.70558065847
2022-08-26,51181.0,51834.322210267404
2022-08-29,50701.0,51561.707086252005
2022-08-30,50520.0,51605.0410767583
2022-08-31,50169.0,51585.78799895383
2022-09-01,50313.0,51532.27512205421
2022-09-02,50604.0,51052.55198603837
2022-09-05,50354.0,51929.597570076774
2022-09-06,50570.0,50590.60671721356
2022-09-07,50429.0,50849.628212506235
2022-09-08,50592.0,50802.509198253
2022-09-09,50696.0,51496.853592390704
2022-09-12,50233.0,52198.3533069729
2022-09-13,50101.0,50829.12122725973
2022-09-14,49394.0,51073.08544212415
2022-09-15,49451.0,50819.218817296656
2022-09-16,49361.0,51214.09343387638
2022-09-19,49218.0,51192.07602763911
2022-09-20,49428.0,51076.32084656805
2022-09-21,49955.0,51538.22565445386
2022-09-22,49382.0,53560.542430428075
2022-09-23,49110.0,51845.460042133695
2022-09-26,49160.0,51856.65420360732
2022-09-27,49726.0,51549.90369081829
2022-09-28,49902.0,53610.98535441171
2022-09-29,50029.0,53980.19111258202
2022-09-30,50245.0,54059.78012910799
2022-10-03,51127.0,54186.53010789361
2022-10-04,51361.0,54658.69334992546
2022-10-05,51711.0,54588.66769511773
2022-10-06,51716.0,54256.71192011298
2022-10-07,50871.0,54784.04832334617
2022-10-10,50874.0,53808.05817852365
2022-10-11,50713.0,53697.05908917268
2022-10-12,50615.0,53443.477724691504
2022-10-13,50067.0,53243.1683248916
2022-10-14,50231.0,53396.000646304165
2022-10-17,50192.0,53368.01060467512
2022-10-18,49981.0,53426.389521462996
2022-10-19,49938.0,53319.74342064641
2022-10-20,50361.0,53540.948360765564
2022-10-21,50319.0,54052.672772950675
2022-10-24,50353.0,53892.195943391656
2022-10-25,50411.0,54319.16164443612
2022-10-26,50450.0,54381.03160614913
2022-10-27,49956.0,53924.78320904954
2022-10-28,50070.0,52786.16101399097
2022-10-31,50250.0,53197.37196527387
2022-11-01,50414.0,53602.08161222797
2022-11-02,49876.0,53550.113159365515
2022-11-03,50615.0,53242.60744918557
2022-11-04,50901.0,53289.22729308215
2022-11-07,51581.0,53644.16555357498
2022-11-08,51474.0,53999.729649303976
2022-11-09,52033.0,53898.870710848765
2022-11-10,52275.0,53790.82540121641
2022-11-11,52601.0,54456.20114439945
2022-11-14,52545.0,54539.16579243841
2022-11-15,52883.0,55170.65042528517
2022-11-16,52698.0,55310.775514703695
2022-11-17,52501.0,55376.24086014053
2022-11-18,52201.0,55375.39189715083
2022-11-21,52161.0,54658.342582616635
2022-11-22,52259.0,54914.74575739036
2022-11-23,52494.0,54498.630028185966
2022-11-24,52386.0,54557.05812973065
2022-11-25,52148.0,54494.37389847465
2022-11-28,52357.0,54505.68595485341
2022-11-29,52434.0,54549.21708570018
2022-11-30,53339.0,54243.99754195919
2022-12-01,53346.0,54478.46853462397
2022-12-02,53300.0,54418.18349921387
2022-12-05,53446.0,54885.55320422032
2022-12-06,53665.0,54452.09888106094
2022-12-07,53741.0,54518.91751899079
2022-12-08,53950.0,54190.36889574005
2022-12-09,53791.0,54244.49594128025
2022-12-12,54376.0,54281.20751525558
2022-12-13,54340.0,54833.059419656325
2022-12-14,53795.0,54655.16350876929
2022-12-15,53957.0,54799.77492921391
2022-12-16,53945.0,54852.42887503776
2022-12-19,54541.0,54832.11390328347
2022-12-20,54684.0,55501.250876634826
2022-12-21,54066.0,55206.22701419811
2022-12-22,54104.0,55348.096517087055
2022-12-23,54230.0,55312.15036483311
2022-12-26,54546.0,55190.05817565268
2022-12-27,54324.0,55255.9293460376
2022-12-28,54642.0,55033.177989530006
2022-12-29,54779.0,55077.82840626589
2022-12-30,55016.0,55112.01612581244
2023-01-02,55380.0,55239.90459090632
2023-01-03,55688.0,55317.16013427746
2023-01-04,55071.0,55314.87741593368
2023-01-05,55628.0,55786.27663941797
2023-01-06,55792.0,55486.110743344354
2023-01-09,55642.0,55377.79772461068
2023-01-10,55641.0,55455.81938221806
2023-01-11,55801.0,55519.56810181835
2023-01-12,56224.0,55572.35483139385
2023-01-13,56414.0,55735.88294681245
2023-01-16,56306.0,55614.89923987796
2023-01-17,56220.0,55577.03544587245
2023-01-18,56443.0,55748.24326531083
2023-01-19,56569.0,55935.779300701586
2023-01-20,56705.0,56181.131156699514
2023-01-23,56881.0,55973.9203756827
2023-01-24,56865.0,56015.73453530195
2023-01-25,56789.0,56034.706921035686
2023-01-27,56754.0,56086.67179861689
2023-01-30,56864.0,55743.61463956688
2023-01-31,57599.0,55591.02387932114
2023-02-01,57710.0,56239.607211750306
2023-02-02,57424.0,56138.620964676804
2023-02-03,56926.0,56398.046021783826
2023-02-06,57175.0,56106.22702292734
2023-02-07,57128.0,56252.324497777125
2023-02-08,56797.0,56144.55350088543
2023-02-09,56711.0,56190.72692208197
2023-02-10,56486.0,56281.95712209501
2023-02-13,56679.0,56180.058253115174
2023-02-14,56151.0,56366.07619057644
2023-02-15,56229.0,55382.15462641989
2023-02-16,56232.0,55834.964338662336
2023-02-17,56202.0,55869.67523175817
2023-02-20,56157.0,55967.684462157726
2023-02-21,56060.0,55452.98199905639
2023-02-22,55630.0,55095.210319380385
2023-02-23,55535.0,55233.713840960125
2023-02-24,55447.0,55225.67849657603
2023-02-27,55714.0,55045.878364071374
2023-02-28,56047.0,55269.830151173475
2023-03-01,55915.0,55769.26867515047
2023-03-02,55879.0,55701.79326545652
2023-03-03,55752.0,56017.83962577418
2023-03-06,55077.0,55522.20169589107
2023-03-07,54955.0,54824.55404170348
2023-03-08,55272.0,54757.13868053283
2023-03-09,56101.0,55119.29517908191
2023-03-10,57539.0,57421.12880739359
2023-03-13,57417.0,59375.894169362495
2023-03-14,58263.0,59805.50342894956
2023-03-15,57942.0,59899.29786032066
2023-03-16,59231.0,59918.55536213076
2023-03-17,59424.0,60637.80380498822
2023-03-20,58520.0,60384.38506120734
2023-03-21,58684.0,60253.01211080239
2023-03-22,59436.0,60159.18220696967
2023-03-23,59226.0,60812.18330015089
2023-03-24,58496.0,60311.07713019461
2023-03-27,58986.0,60049.86008105217
2023-03-28,58997.0,59774.49988869362
2023-03-29,59389.0,60104.30142839002
2023-03-30,59314.0,59436.486919758776
2023-03-31,59600.0,59795.27214233964
2023-04-03,60435.0,59693.47732903524
2023-04-04,60366.0,60373.77661562244
2023-04-05,60276.0,60181.6980717435
2023-04-06,59867.0,60054.72819105927
2023-04-10,60281.0,59022.67660553801
2023-04-11,60404.0,59880.07809357153
2023-04-12,60987.0,59645.45998506524
2023-04-13,60145.0,60506.06634233695
2023-04-14,60051.0,58531.09531289165
2023-04-17,60331.0,58637.32421699435
2023-04-18,60172.0,59164.05836006947
2023-04-19,60389.0,59394.58572039551
2023-04-20,59810.0,59811.35962649065
2023-04-21,59928.0,59355.232482923435
2023-04-24,60123.0,59625.02574051021
2023-04-25,59849.0,59713.32853429497
2023-04-26,59913.0,60471.75287341017
2023-04-27,60057.0,59172.76695344145
2023-04-28,59979.0,59881.57704737944
2023-05-01,60787.0,58629.45147116308
2023-05-02,61073.0,59590.05586090002
2023-05-03,61683.0,59221.36553204337
2023-05-04,60799.0,59083.443521470464
2023-05-05,60916.0,60591.42813374316
2023-05-08,61359.0,59058.66510581431
2023-05-09,61207.0,59523.835112862886
2023-05-10,60886.0,59961.384248736766
2023-05-11,60843.0,59840.72001236222
2023-05-12,60987.0,60556.78914814078
2023-05-15,60280.0,61252.20532826845
2023-05-16,60189.0,61140.30223891783
2023-05-17,59758.0,59940.57348325807
2023-05-18,60389.0,59332.720086154965
2023-05-19,60271.0,60003.41635798361
2023-05-22,60220.0,59755.088348505415
2023-05-23,59918.0,59664.07918680807
2023-05-24,59493.0,59574.51187973638
2023-05-25,59430.0,59405.990142408
2023-05-26,59358.0,59225.82279578027
2023-05-29,59845.0,59458.80194224734
2023-05-30,60252.0,59040.977116985945
2023-05-31,60033.0,59789.233860956454
2023-06-01,59656.0,59567.078443750725
2023-06-02,59805.0,59146.31229278699
2023-06-05,59902.0,59352.35487636136
2023-06-06,59511.0,59081.27898789778
2023-06-07,59809.0,59502.24452455363
2023-06-08,59777.0,59939.22633480209
2023-06-09,59595.0,59566.89508270572
2023-06-12,59222.0,59705.90640771687
2023-06-13,59249.0,59088.43758978163
2023-06-14,59249.0,59886.63860784231
2023-06-15,59249.0,59884.24133175279
2023-06-16,59043.0,60744.12480251389
2023-06-19,58721.0,59499.895369255806
2023-06-20,58630.0,58887.00961044153
2023-06-21,58144.0,58536.588058881505
2023-06-22,58188.0,58440.593589224765
2023-06-23,58256.0,58417.0846088834
2023-06-26,58015.0,58330.32282362178
2023-06-27,57796.0,58118.52071829758
2023-06-28,57578.0,57993.810586753105
2023-06-29,58020.0,57983.66848346303
2023-06-30,58119.0,58111.1485840328
2023-07-03,58194.0,58156.944500759804
2023-07-04,58308.0,58762.50658004146
2023-07-05,58385.0,59355.6288391125
2023-07-06,58747.0,59612.59491587107
2023-07-07,58635.0,59912.51155280851
2023-07-10,58737.0,59777.42376530334
2023-07-11,59113.0,60241.538485381716
2023-07-12,59185.0,60337.968114038085
2023-07-13,59229.0,60349.163799195616
2023-07-14,59061.0,60450.812875659176
2023-07-17,59633.0,60989.68376456395
2023-07-18,59683.0,61149.37166094851
2023-07-19,59459.0,61334.25213723111
2023-07-20,59221.0,61029.240860019345
2023-07-21,59013.0,61421.8013903692
2023-07-24,59120.0,60989.61312462057
2023-07-25,59347.0,61530.60451707666
2023-07-26,58878.0,60998.84755595188
2023-07-27,59288.0,61177.92575265729
2023-07-28,59628.0,61325.016850701286
2023-07-31,59048.0,61333.954120802344
2023-08-01,59117.0,61484.08785489138
2023-08-02,59078.0,60946.53949362017
2023-08-03,59124.0,61207.56525837136
2023-08-04,59201.0,61179.180516097746
2023-08-07,58997.0,60569.27436484774
2023-08-08,58719.0,60713.03352312459
2023-08-09,58605.0,60814.235598902545
2023-08-10,58629.0,60135.67836420771
2023-08-11,58663.0,60300.31088793845
2023-08-14,58413.0,60202.47256777534
2023-08-16,58027.0,59018.58621889053
2023-08-17,58098.0,58877.602526216935
2023-08-18,58164.0,59178.8991667948
2023-08-21,58221.0,59013.54543901022
2023-08-22,58430.0,59871.590115926534
2023-08-23,58436.0,60644.31532510416
2023-08-24,58273.0,60969.63322088671
2023-08-25,58497.0,60366.92749575491
2023-08-28,58843.0,61350.78778609862
2023-08-29,59117.0,62119.784152430795
2023-08-30,59113.0,62047.42215042441
2023-08-31,59106.0,61411.200908121275
2023-09-01,59385.0,61427.806893201625
2023-09-04,59301.0,61278.48994242316
2023-09-05,59111.0,62317.496606524495
2023-09-06,59016.0,61400.338880332725
2023-09-07,58905.0,61661.71775079153
2023-09-08,58941.0,61459.69071021012
2023-09-11,58642.0,61544.091457461574
2023-09-12,58610.0,61717.54956773377
2023-09-13,58608.0,61582.48144920647
2023-09-14,58992.0,61454.852678363866
2023-09-15,59212.0,61745.47666303632
2023-09-18,59265.0,61874.88306656711
2023-09-19,59363.0,61900.050156355675
2023-09-20,58853.0,61816.316366267565
2023-09-21,58896.0,61954.136026872824
2023-09-22,58707.0,61891.46964674633
2023-09-25,58478.0,61719.62144990568
2023-09-26,57759.0,61568.22541691933
2023-09-27,57146.0,60140.74269194224
2023-09-28,57061.0,60594.0974045468
2023-09-29,56385.0,60227.739128554924
2023-10-03,56229.0,60687.5321503785
2023-10-04,56112.0,60691.33190230387
2023-10-05,56582.0,60942.54273565651
2023-10-06,57268.0,61792.36137321684
2023-10-09,57364.0,63388.98469112185
2023-10-10,57636.0,63710.739050648255
2023-10-11,57613.0,63207.41893142465
2023-10-12,58993.0,63234.791879960925
2023-10-13,58993.0,66084.65308299872
2023-10-16,58922.0,66600.20235868178
2023-10-17,59680.0,66652.73074642656
2023-10-18,59935.0,66254.66168077629
2023-10-19,60405.0,66869.27056175118
2023-10-20,60402.0,67410.16093600985
2023-10-23,60351.0,67054.57752934437
2023-10-24,60652.0,67151.46341124111
2023-10-25,60735.0,67688.60641939218
2023-10-26,60952.0,67571.55734207621
2023-10-27,61077.0,66646.87261181702
2023-10-30,60879.0,65367.03530451665
2023-10-31,60757.0,64360.3513845528
2023-11-01,60805.0,66224.50874471045
2023-11-02,60829.0,64205.102688326275
2023-11-03,60818.0,64235.017948989036
2023-11-06,60365.0,63930.70846511858
2023-11-07,60043.0,64209.77920443641
2023-11-08,60271.0,64296.204154026615
2023-11-09,59697.0,64225.50969769688
2023-11-10,59785.0,63462.30741976921
2023-11-12,59844.0,63419.960354454386
2023-11-13,60083.0,63139.19314417532
2023-11-14,60120.0,63882.5771858899
2023-11-15,60654.0,64442.06690916254
2023-11-16,60678.0,64787.88241692295
2023-11-17,60657.0,65632.49094857131
2023-11-20,61212.0,64726.2503095749
2023-11-21,61065.0,65270.48194848101
2023-11-22,61093.0,65171.52699750591
2023-11-23,61352.0,65230.047084120015
2023-11-24,61557.0,65518.59624193003
2023-11-27,62409.0,64924.47470099936
2023-11-28,62470.0,66318.41030467597
2023-11-29,62639.0,65393.03751368053
2023-11-30,62876.0,64879.293879564044
2023-12-01,62302.0,64781.64078856398
2023-12-04,62600.0,65169.62431906423
2023-12-05,62269.0,65675.59708868568
2023-12-06,62290.0,65209.684125327425
2023-12-07,61597.0,64912.4159622026
2023-12-08,60986.0,66183.70881886239
2023-12-11,60984.0,65449.10387997074
2023-12-12,60992.0,65118.26502847299
2023-12-13,62229.0,64833.63844347406
2023-12-14,61991.0,66807.28249728636
2023-12-15,62057.0,66690.49547236686
2023-12-18,62211.0,66462.56733912636
2023-12-19,62151.0,67463.7576150458
2023-12-20,62257.0,66483.78358613916
2023-12-21,62657.0,68350.85708731678
2023-12-22,62722.0,67154.3853832595
2023-12-26,63292.0,66943.72132894726
2023-12-27,63119.0,65938.18795102568
2023-12-28,62954.0,66127.6218535773
2023-12-29,63001.0,65905.22296811598
2024-01-01,63039.0,65855.13520212815
2024-01-02,62294.0,65667.12425307538
2024-01-03,62444.0,65936.69660990649
2024-01-04,62627.0,65419.225490254175
2024-01-05,62140.0,65794.62368893638
2024-01-08,62211.0,66556.20643233032
2024-01-09,62047.0,66441.34859123913
2024-01-10,61830.0,65995.88352112779
2024-01-11,62372.0,65963.29606365903
2024-01-12,62567.0,66823.5932732338
2024-01-15,62065.0,66887.14765425632
2024-01-16,61561.0,66215.37999703854
2024-01-17,61791.0,64855.58210902224
2024-01-18,62021.0,66124.90081264309
2024-01-19,61888.0,67266.03456135049
2024-01-22,62003.0,66359.8038971012
2024-01-23,62072.0,66713.43305643591
2024-01-24,62036.0,67054.82988848424
2024-01-25,62234.0,66832.40726478116
2024-01-29,62371.0,66993.40713876305
2024-01-30,62865.0,67225.62896112505
2024-01-31,63079.0,67351.21502204887
2024-02-01,62639.0,66576.47856575665
2024-02-02,62542.0,66811.08900952875
2024-02-05,62322.0,67109.53987520751
2024-02-06,62305.0,66369.32452700932
2024-02-07,62219.0,66380.78085888445
2024-02-08,62105.0,66354.21762008927
2024-02-09,61856.0,66429.69548636265
2024-02-12,61267.0,66434.02576949101
2024-02-13,61170.0,64388.44265002381
2024-02-14,61306.0,65016.57289631056
2024-02-15,61498.0,64700.20642550375
2024-02-16,61641.0,66118.82546991664
2024-02-19,61810.0,67097.1690414895
2024-02-20,61744.0,67856.47501886157
2024-02-21,61661.0,67142.81446484446
2024-02-22,61910.0,66628.15059299569
2024-02-23,61766.0,67829.02006197779
2024-02-26,61839.0,67083.2064321339
2024-02-27,61792.0,67013.67672925394
2024-02-28,62293.0,67225.26780009904
2024-02-29,63135.0,67041.52943640634
2024-03-01,63605.0,68503.53420535427
2024-03-04,64193.0,68135.9872927395
2024-03-05,65042.0,68578.66897473347
2024-03-06,65246.0,68659.26499581085
2024-03-07,65847.0,68808.15381296666
2024-03-08,65872.0,69182.03555236936
2024-03-11,65334.0,68639.58714756204
2024-03-12,65717.0,69701.14514151981
2024-03-13,65435.0,69852.80623919176
2024-03-14,65367.0,69196.97580792964
2024-03-15,65429.0,70617.28991903139
2024-03-18,65431.0,68848.03098841727
2024-03-19,65556.0,70051.7915365301
2024-03-20,65939.0,68845.75758971907
2024-03-21,65686.0,69425.36628245586
2024-03-22,65862.0,69463.19302751364
2024-03-25,66027.0,68996.28327549179
2024-03-26,66295.0,70557.98737685944
2024-03-27,67592.0,69465.52934016098
2024-03-28,68263.0,72426.81462586454
2024-04-01,68802.0,70289.07435162425
2024-04-02,69725.0,70190.58060282441
2024-04-03,69612.0,71677.44491733579
2024-04-04,70701.0,69916.18947568204
2024-04-05,70607.0,70872.56878035744
2024-04-08,71130.0,69193.09941038619
2024-04-09,71127.0,71278.16066989095
2024-04-10,71514.0,72572.76920910703
2024-04-11,71857.0,71864.37374436611
2024-04-12,72329.0,72980.01139984252
2024-04-15,73109.0,72878.33584550873
2024-04-16,72695.0,72782.74193031823
2024-04-17,73016.0,74545.70167563792
2024-04-18,73246.0,75194.6814963354
2024-04-19,71936.0,75416.87532210487
2024-04-22,71590.0,74567.95387655201
2024-04-23,71692.0,75235.6812493741
2024-04-24,71725.0,75039.6254966184
2024-04-25,72107.0,75294.4423603085
2024-04-26,72250.0,74149.4474398942
2024-04-29,70969.0,73387.38720295507
2024-04-30,71274.0,72553.52662623418
2024-05-01,71119.0,72466.46485691247
2024-05-02,70998.0,72541.557289909
2024-05-03,71321.0,72540.81378835575
2024-05-06,71136.0,73299.52597545976
2024-05-07,71129.0,70905.02230371427
2024-05-08,71586.0,71316.62128388748
2024-05-09,72595.0,71380.71690698917
2024-05-10,71819.0,74034.62843426804
2024-05-13,72213.0,72409.58827609275
2024-05-14,73001.0,73559.53862207232
2024-05-15,72896.0,75647.21222035633
2024-05-16,73593.0,75197.84280508627
2024-05-17,74283.0,77798.9656366444
2024-05-20,73970.0,77229.72545492834
2024-05-21,73027.0,75840.42373793853
2024-05-22,71632.0,73982.63858576001
2024-05-23,71380.0,73770.73834778997
2024-05-24,72001.0,73919.00531686455
2024-05-27,72145.0,73569.11267507743
2024-05-28,71993.0,74040.53861569497
2024-05-29,71852.0,73021.16444749573
2024-05-30,71703.0,72396.80824144781
2024-05-31,71818.0,73188.35308453573
2024-06-03,71782.0,74394.18419370856
2024-06-04,72485.0,74630.26489355779
2024-06-05,72963.0,74214.95385654438
2024-06-06,71308.0,74632.3043696494
2024-06-07,71303.0,72607.43164163137
2024-06-10,71346.0,74317.24666059043
2024-06-11,71796.0,72319.57447568819
2024-06-12,71030.0,73401.24008126695
2024-06-13,71691.0,72506.93509979398
2024-06-14,71285.0,73614.24308955128
2024-06-17,71503.0,73161.96447347864
2024-06-18,71519.0,74796.99515504838
2024-06-19,72258.0,75320.06509940122
2024-06-20,71429.0,76061.13026212856
2024-06-21,71512.0,74882.29552665657
2024-06-24,71201.0,74495.96443320447
2024-06-25,70919.0,73830.38526126537
2024-06-26,71303.0,73266.88914918252
2024-06-27,71275.0,73925.25319307545
2024-06-28,71329.0,73579.59622607694
2024-07-01,71357.0,73209.51775070332
2024-07-02,72160.0,75111.35900613251
2024-07-03,72151.0,75457.57949454075
2024-07-04,73255.0,75146.76222436976
2024-07-05,72332.0,73211.81569264062
2024-07-08,72385.0,74611.47870527717
2024-07-09,72629.0,74755.02156539915
2024-07-10,73205.0,74432.50530893944
2024-07-11,73159.0,72632.57874460027
2024-07-12,73311.0,72917.54637235991
2024-07-15,74025.0,74533.6671833015
2024-07-16,73924.0,75573.39747317204
2024-07-17,73965.0,74797.88910793271
2024-07-18,72872.0,75954.6710504503
2024-07-19,72641.0,75731.62674831046
2024-07-22,68648.0,74928.84855350373
2024-07-23,69028.0,81155.08534915844
2024-07-24,67491.0,80921.21230191972
2024-07-25,68173.0,80578.12177606874
2024-07-26,68206.0,80814.58067574119
2024-07-29,68617.0,81384.35337291796
2024-07-30,69083.0,82150.94341584678
2024-07-31,69412.0,82342.532254711
2024-08-01,69381.0,84380.29231766037
2024-08-02,68641.0,84427.95819825983
2024-08-05,68742.0,83126.21566515949
2024-08-06,68752.0,82064.27069203867
2024-08-07,69396.0,82945.77100442178
2024-08-08,69604.0,84213.70941830116
2024-08-09,70354.0,85312.9797677464
2024-08-12,70356.0,85555.72113471902
2024-08-13,69874.0,85784.92196074693
2024-08-14,70938.0,85122.99572771256
2024-08-16,71138.0,85370.67129233041
2024-08-19,71340.0,84563.59418981044
2024-08-20,71407.0,84256.81351109542
2024-08-21,70796.0,82031.06717446246
2024-08-22,71295.0,79356.94258026998
2024-08-23,71500.0,79269.92002818391
2024-08-26,71551.0,79198.03930700322
2024-08-27,71328.0,79377.39040704085
2024-08-28,71666.0,78727.79934141257
2024-08-29,71195.0,78935.44410332672
2024-08-30,71233.0,77568.97058922843
2024-09-02,70807.0,76739.92242790067
2024-09-03,71053.0,77242.83890190127
2024-09-04,71890.0,77638.08694125278
2024-09-05,71409.0,77408.05612056819
2024-09-06,71573.0,78640.7013805549
2024-09-09,71821.0,79186.29212872159
2024-09-10,71878.0,78387.3651796375
2024-09-11,72681.0,79009.77447953448
2024-09-12,73367.0,78092.3732927992
2024-09-13,73422.0,78891.34510978208
2024-09-16,73022.0,78910.91696532519
2024-09-17,73029.0,78570.69326524001
2024-09-18,73357.0,79709.06363312199
2024-09-19,73977.0,80788.52190169024
2024-09-20,74183.0,79996.2145682422
2024-09-23,74886.0,79394.44948512205
2024-09-24,75167.0,80524.22081180301
2024-09-25,75339.0,79404.92465712616
2024-09-26,74878.0,79943.09531716123
2024-09-27,74844.0,80217.83307204391
2024-09-30,75660.0,77941.94557209115
2024-10-01,75827.0,79952.96670159379
2024-10-03,75759.0,79048.70628670235
2024-10-04,75657.0,81041.47249902316
2024-10-07,74799.0,78806.8851308746
2024-10-08,74512.0,79807.43962971287
2024-10-09,74834.0,79258.47934788623
2024-10-10,75738.0,79168.88758548244
2024-10-11,75553.0,79602.01035613833
2024-10-14,75838.0,78341.14141951024
2024-10-15,76163.0,79378.42932718484
2024-10-16,76540.0,79457.84153747749
2024-10-17,77159.0,79292.2900605679
2024-10-18,77508.0,80756.2788238191
2024-10-21,78241.0,80431.28362136222
2024-10-22,77482.0,80684.31940161985
2024-10-23,77872.0,80591.9086033241
2024-10-24,78009.0,80946.98939472517
2024-10-25,78159.0,80157.05090087418
2024-10-28,78865.0,80581.87393738732
2024-10-29,79257.0,79932.85069238525
2024-10-30,78326.0,79794.15315624133
2024-10-31,78829.0,78077.1855645001
2024-11-01,78401.0,77687.25340422793
2024-11-04,78490.0,77426.88686663995
2024-11-05,76689.0,77992.54054156653
2024-11-06,77386.0,78881.98513279765
2024-11-07,77248.0,80092.22800823949
2024-11-08,75382.0,79215.89624578753
2024-11-11,74918.0,82887.18660879835
2024-11-12,74514.0,82939.63083328061
2024-11-13,74151.0,81548.3703177846
2024-11-14,73965.0,81488.83495369308
2024-11-15,75039.0,81578.77019033542
2024-11-18,75555.0,82004.53627042056
2024-11-19,76008.0,84438.12776729368
2024-11-20,76689.0,82113.24447062142
2024-11-21,77579.0,82084.28210479098
2024-11-22,75377.0,82460.78453114543
2024-11-25,75293.0,83710.95267092768
2024-11-26,75788.0,83980.16266353455
2024-11-27,75761.0,84037.9827962149
2024-11-28,76485.0,82270.81267526935
2024-11-29,75815.0,83515.9834470682
2024-12-02,75934.0,83438.35977339928
2024-12-03,76036.0,82867.97963794472
2024-12-04,76353.0,83593.48851804576
2024-12-05,76185.0,82373.27835432149
2024-12-06,76999.0,81937.71769680697
2024-12-09,77745.0,82572.1303720481
2024-12-10,78287.0,82996.69677575865
2024-12-11,77400.0,83428.21273193511
2024-12-12,76592.0,83764.3275335889
2024-12-13,76486.0,82899.17617408984
2024-12-16,76314.0,83523.07281338537
2024-12-17,76115.0,83169.8628366365
2024-12-18,75191.0,83963.32940342583
2024-12-19,75786.0,84435.88581980421
2024-12-20,75506.0,85148.6218022313
2024-12-23,75562.0,83871.83960485505
2024-12-24,76114.0,82828.0032446527
2024-12-26,75783.0,81544.5831625932
2024-12-27,75517.0,79457.10987674913
2024-12-30,76232.0,77535.39427901748
2024-12-31,76214.0,81191.60756235909
2025-01-01,76849.0,82257.72159982345
2025-01-02,76813.0,83724.76936869965
2025-01-03,77149.0,83904.88720987488
2025-01-06,77514.0,83129.84674885948
2025-01-07,77737.0,81879.0167315684
2025-01-08,78068.0,82964.91559086651
2025-01-09,78398.0,84110.7966381391
2025-01-10,78159.0,84176.60745002038
2025-01-13,78151.0,85297.83745029989
2025-01-14,78658.0,85137.46944312748
2025-01-15,79160.0,85299.2512742783
2025-01-16,79003.0,85500.14491144971
2025-01-17,78530.0,86472.93422197469
2025-01-20,79179.0,86353.30505696863
2025-01-21,79535.0,85240.0032993882
2025-01-22,79594.0,84687.86903761016
2025-01-23,79944.0,85136.24812430293
2025-01-24,79510.0,84442.62766398593
2025-01-27,80163.0,85087.44480823386
2025-01-28,80310.0,84838.40792468756
2025-01-29,81539.0,84396.07772657719
2025-01-30,81836.0,84621.3100063484
2025-01-31,81663.0,83233.5688915999
2025-02-01,82625.0,86807.89863404563
2025-02-03,83162.0,83628.47399557118
2025-02-04,83976.0,84738.3271910686
2025-02-05,83856.0,84627.87218041881
2025-02-06,84378.0,85508.01570329379
2025-02-07,85308.0,88373.79596680189
2025-02-10,85113.0,91043.61603704908
2025-02-11,85024.0,93598.87842065108
2025-02-12,85368.0,93817.7793362916
2025-02-13,84331.0,92510.27805155725
2025-02-14,84759.0,93710.79592784398
2025-02-17,85742.0,93739.98865852799
2025-02-18,85719.0,91619.05181076891
2025-02-19,85830.0,91436.73089517404
2025-02-20,85795.0,91058.33045322586
2025-02-21,86030.0,90400.26546927296
2025-02-24,85589.0,90517.43629896855
2025-02-25,85837.0,88399.83139993716
2025-02-26,85123.0,88320.32628976734
2025-02-27,84269.0,87726.54153471549
2025-02-28,85355.0,87494.12045906385
2025-03-03,86007.0,90853.95509128142
2025-03-04,85848.0,92377.56079245581
2025-03-05,86002.0,89134.13196171449
2025-03-06,85896.0,91752.74292335156
2025-03-07,85460.0,90970.9493478304
2025-03-10,86113.0,90049.59230748344
2025-03-11,86661.0,90971.96621558233
2025-03-12,87694.0,92191.46081365747
2025-03-13,87924.0,93698.18671068926
2025-03-14,87976.0,91012.72553990413
2025-03-17,88660.0,89314.78626419549
2025-03-18,88564.0,89806.52309172836
2025-03-19,88646.0,89411.72265898189
2025-03-20,87785.0,89302.51930327623
2025-03-21,87313.0,89610.68826391925
2025-03-24,87566.0,89189.28634342006
2025-03-25,87506.0,89772.4686330801
2025-03-26,88213.0,89052.73147993657
2025-03-27,88759.0,90706.69319167631
2025-03-28,90138.0,90431.269526964
2025-03-31,90409.0,91289.7210004595
2025-04-01,90364.0,94181.20986630266
2025-04-02,89763.0,90862.2431599198
2025-04-03,87940.0,103349.16151201815
2025-04-04,86819.0,100752.04619237239
2025-04-07,87449.0,101582.91988616211
2025-04-08,89489.0,105197.97951171295
2025-04-09,91646.0,104199.45708890587
2025-04-10,93280.0,104802.4981208197
2025-04-11,92835.0,105705.46127617755
2025-04-14,93071.0,106173.93105847624
2025-04-15,95163.0,105075.88061503875
2025-04-16,94784.0,106124.47970915984
2025-04-17,96800.0,105566.99438678131
2025-04-21,97057.0,106510.08415317004
2025-04-22,94530.0,106082.19234483615
2025-04-23,95807.0,105821.28503718227
2025-04-24,95071.0,108432.77123883042
2025-04-25,96159.0,106097.05803422396
2025-04-28,95559.0,106683.76391642028
2025-04-29,94718.0,104503.30724067205
2025-04-30,92382.0,103173.36419414722
2025-05-01,92692.0,103182.92997904474
2025-05-02,94667.0,104565.88078993895
2025-05-05,97460.0,105922.02753873623
2025-05-06,97065.0,104265.0300673565
2025-05-07,96153.0,106457.32798805038
2025-05-08,96490.0,106556.7644519658
2025-05-09,92948.0,107053.89897955171
2025-05-12,93659.0,105709.7159539461
2025-05-13,92305.0,108681.2379750753
2025-05-14,93155.0,107637.53836840528
2025-05-15,92443.0,105650.14336118393
2025-05-16,93314.0,108272.02080592324
2025-05-19,94761.0,108179.45767201143
2025-05-20,95473.0,107639.60989298986
2025-05-21,95461.0,107253.14980471451
2025-05-22,96210.0,107076.1031011531
2025-05-23,95814.0,107197.51098072276
2025-05-26,95055.0,107307.77843492411
2025-05-27,95177.0,107206.83945268975
2025-05-28,95295.0,107300.6109147293
2025-05-29,94712.0,104711.39004461055
2025-05-30,97393.0,103849.16531742859
2025-06-02,97208.0,101762.24876358984
2025-06-03,97973.0,103061.41648272953
2025-06-04,97415.0,104755.5206773392
2025-06-05,96645.0,106516.91389492665
2025-06-06,96703.0,105986.64973999806
2025-06-09,96442.0,108169.8687680629
2025-06-10,96267.0,108001.61653042023
2025-06-11,97786.0,109072.28618782443
2025-06-12,99555.0,108223.67711631101
2025-06-13,98594.0,108431.87947536808
2025-06-16,98911.0,108271.74987690306
2025-06-17,99045.0,108860.27051449132
2025-06-18,98868.0,108803.12494164899
2025-06-19,98574.0,108586.23913190154
2025-06-20,98852.0,108958.45963426594
2025-06-23,96521.0,109197.45621140716
2025-06-24,96760.0,108156.84398408888
2025-06-25,96452.0,108721.10391551991
2025-06-26,94908.0,108053.49802031765
2025-06-27,95678.0,105505.34980193591
2025-06-30,97239.0,102253.15991922468
2025-07-01,97351.0,104001.52998329286
2025-07-02,96801.0,105453.4392401069
2025-07-03,96967.0,105513.86015790516
2025-07-04,97231.0,106385.82997323647
2025-07-07,96485.0,107525.21088788648
2025-07-08,96451.0,108778.09365271978
2025-07-09,96678.0,108451.23555470501
2025-07-10,97759.0,106596.11600452696
2025-07-11,97749.0,110553.53140002294
2025-07-14,97214.0,112551.4321576751
2025-07-15,97758.0,111804.35368425159
2025-07-16,97454.0,112969.48529033866
2025-07-17,97965.0,112673.97319277727
2025-07-18,99217.0,113129.1271649322
2025-07-21,100168.0,111947.81080632974
2025-07-22,99304.0,116362.29959660722
2025-07-23,98668.0,112469.73422294106
2025-07-24,97842.0,112040.79079453807
2025-07-25,97505.0,112475.03414337053
2025-07-28,98125.0,111239.38655882026
2025-07-29,98003.0,108933.85915971936
2025-07-30,98358.0,107678.83443881643
2025-07-31,99240.0,105241.46144652985
2025-08-01,100607.0,108279.23616731247
2025-08-04,100765.0,112840.07639721598
2025-08-05,100687.0,115405.8387296644
2025-08-06,100835.0,115198.62557305876
2025-08-07,101212.0,115877.98798925578
2025-08-08,99785.0,116584.25183076141
2025-08-11,99620.0,115057.06165390718
2025-08-12,99656.0,115767.61222685943
2025-08-13,99362.0,115375.15230497354
2025-08-14,99020.0,114557.15938011117
2025-08-18,98359.0,114659.78276506279
2025-08-19,98903.0,109988.02561036195
2025-08-20,99035.0,110589.00211625753
2025-08-21,99857.0,109015.6265814203
2025-08-22,100118.0,111038.72995664892
2025-08-25,100531.0,107273.40797485628
2025-08-26,100967.0,102093.65779416713
2025-08-27,101481.0,100316.43783279878
2025-08-28,103164.0,99079.84624303052
2025-08-29,103904.0,99239.52663831534
2025-09-01,105695.0,98779.27804299405
2025-09-02,107080.0,102503.48398633947
2025-09-03,106310.0,108823.53679827493
2025-09-04,107605.0,113665.32051246542
2025-09-05,108393.0,119390.41594540702
2025-09-08,108907.0,118810.42583237348
2025-09-09,108884.0,122424.90888452345
2025-09-10,108870.0,122320.12852830144
2025-09-11,109237.0,120399.13348431558
2025-09-12,110045.0,120633.23114591425
2025-09-15,110040.0,120998.3641409393
2025-09-16,109692.0,120950.7942799071
2025-09-17,108951.0,120493.25973030723
2025-09-18,109715.0,118836.49326146745
2025-09-19,112070.0,118834.0389788926
2025-09-22,113715.0,120487.82033715835
2025-09-23,112475.0,120964.79636272673
2025-09-24,112606.0,116086.58662047374
2025-09-25,113664.0,115676.41808410299
2025-09-26,115734.0,116561.4516398935
2025-09-29,116573.0,117697.72023850218
2025-09-30,116968.0,119152.12842433582
2025-10-01,117370.0,119966.1580053896
2025-10-03,119524.0,122450.63375806838
2025-10-06,120354.0,120377.36977090119
2025-10-07,122542.0,121710.12232462651
2025-10-08,119869.0,121516.98409552527
2025-10-09,120727.0,116746.73221808797
2025-10-10,123964.0,118851.3349847919
2025-10-13,125753.0,118893.49810022135
2025-10-14,126641.0,118334.65954031808
2025-10-15,128735.0,119106.70025231896
2025-10-16,125951.0,119056.27814698667
2025-10-17,129493.0,117555.80890230736
2025-10-20,127365.0,118250.23257800596
2025-10-21,121069.0,118343.96823657861
2025-10-22,123305.0,117073.4313940793
2025-10-23,122549.0,120420.08157526003
2025-10-24,120002.0,118916.22990988758
2025-10-27,118699.0,119056.96518954872
2025-10-28,119424.0,117767.83011554244
2025-10-29,120251.0,117159.16626159578
2025-10-30,121209.0,118852.30258363154
2025-10-31,121415.0,122100.63118938364
2025-11-03,119830.0,119757.48080787978
2025-11-04,120494.0,117585.84352648066
2025-11-05,120587.0,120116.7518930643
2025-11-06,121056.0,119299.59863739238
2025-11-07,123897.0,120479.82523637389
2025-11-10,123897.0,118038.31604396203
2025-11-11,126363.0,119451.81500485637
2025-11-12,126668.0,119612.77839628265
2025-11-13,123454.0,118494.6832724338
2025-11-14,122789.0,118056.2247229632
2025-11-17,122591.0,119045.12966694759
2025-11-18,122904.0,119094.6096243022
2025-11-19,122578.0,117951.15525792404
2025-11-20,123849.0,118927.50890889751
2025-11-21,123614.0,118813.93996720272
2025-11-24,124916.0,119462.52485661073
2025-11-25,125674.0,119231.15797795187
2025-11-26,125465.0,119973.13557933072
2025-11-27,126943.0,118742.9300930261
2025-11-28,128034.0,121483.51848021164
2025-12-01,128666.0,122947.49361582828
2025-12-02,129305.0,122146.04533293667
2025-12-03,128894.0,123895.47128435403
2025-12-04,129206.0,121621.77525764066
2025-12-05,128736.0,122561.95594337203
2025-12-08,128853.0,122640.65265808835
2025-12-09,128500.0,122744.49733355743
2025-12-10,130905.0,123190.96068568743
2025-12-11,131645.0,121017.67431026704
2025-12-12,132491.0,126744.19276588621
2025-12-15,132627.0,127905.84463108455
2025-12-16,133115.0,127397.03515173613
2025-12-17,132684.0,126625.46115483828
2025-12-18,132427.0,126261.71548008765
2025-12-19,134638.0,125395.64691603811
2025-12-22,135799.0,125961.96256397913
2025-12-23,136104.0,128238.39300085841
2025-12-24,137789.0,128862.10250576884
2025-12-26,132595.0,129836.00942930368
2025-12-29,133974.0,122079.13444451887
2025-12-30,135454.0,123849.26495251695
2025-12-31,135771.0,124142.47850265894
2026-01-01,135793.0,122541.77823432731
