Date,Actual,Predicted
2014-01-30,29499,29561.244846144713
2014-01-31,29482,29507.540859976973
2014-02-03,29789,29546.98826583941
2014-02-04,29534,29501.582083152378
2014-02-05,29719,29238.046938133702
2014-02-06,29231,29492.652698120244
2014-02-07,29310,29439.39415913118
2014-02-10,29471,29510.76633444338
2014-02-11,29670,29325.771126797463
2014-02-12,29698,29090.51140388857
2014-02-13,29726,29197.420657864626
2014-02-14,29932,29382.133400277173
2014-02-17,30664,29497.906618163855
2014-02-18,30766,29514.843398378507
2014-02-19,30712,29499.970968831218
2014-02-20,30608,29998.905235540158
2014-02-21,30677,30440.94353634867
2014-02-24,30927,30475.850849047656
2014-02-25,30972,30408.468999635
2014-02-26,30810,30367.576350518502
2014-02-27,30839,30550.520459925225
2014-02-28,30634,30755.52418372866
2014-03-03,32051,30673.97007272016
2014-03-04,31126,30737.56497355736
2014-03-05,32351,30290.602721709085
2014-03-06,30416,31265.499150965188
2014-03-07,30307,31101.841835239524
2014-03-10,30327,31579.17510568475
2014-03-11,30421,30990.534072522187
2014-03-12,30627,30190.377456621885
2014-03-13,30697,30233.974711323037
2014-03-14,30719,30254.371397422077
2014-03-17,30557,30400.394723178368
2014-03-18,30389,30496.00990540352
2014-03-19,30169,30548.851791212062
2014-03-20,29924,30455.00976862025
2014-03-21,29850,30313.148090952734
2014-03-24,29182,30162.505647768434
2014-03-25,28971,29896.676249567314
2014-03-26,28595,29865.23060768324
2014-03-27,28521,29467.586427903047
2014-03-28,28434,29067.671651307708
2014-03-31,28470,28761.25227187381
2014-04-01,28116,28527.73041544378
2014-04-02,28404,28397.60816847151
2014-04-03,28460,28438.071977521882
2014-04-04,28519,28172.466068494523
2014-04-05,28549,28119.297591935756
2014-04-07,28574,28287.030401391294
2014-04-08,28754,28318.75000922765
2014-04-09,28710,28366.204218520408
2014-04-10,29094,28352.380280310896
2014-04-11,29085,28500.982086086893
2014-04-14,29350,28487.232297476225
2014-04-15,29342,28704.938815923615
2014-04-16,29290,28848.68511865834
2014-04-17,29293,28986.555534047668
2014-04-19,29339,29140.831708873797
2014-04-21,29548,29110.683557819793
2014-04-22,29423,29103.77802881848
2014-04-23,29752,29093.520514098174
2014-04-25,29741,29293.89413135696
2014-04-27,29695,29261.78296383223
2014-04-28,29824,29383.831411223808
2014-04-29,29713,29571.980133851583
2014-04-30,31014,29496.925603932843
2014-05-01,30380,29656.293115068915
2014-05-02,30182,29335.326122413542
2014-05-05,29967,30111.675562199045
2014-05-06,29109,30241.131596994313
2014-05-07,28747,30020.941868852562
2014-05-08,28734,29917.879391238188
2014-05-09,28741,29490.336559754192
2014-05-12,28860,28881.463738351496
2014-05-13,28673,28726.198602241715
2014-05-14,28911,28688.482238093668
2014-05-15,28624,28770.94446668969
2014-05-16,28322,28626.207137439484
2014-05-19,28336,28678.385426604014
2014-05-20,28424,28686.4265905017
2014-05-21,27501,28352.43057705748
2014-05-22,27386,28146.387032025817
2014-05-23,27528,28401.427508107605
2014-05-26,27586,27942.687393969263
2014-05-27,27087,27364.143612998247
2014-05-28,26987,27372.068660351182
2014-05-29,26984,27555.18376911397
2014-05-30,27151,27292.04023842809
2014-06-02,26626,26972.43109238729
2014-06-03,26732,26856.342048275274
2014-06-04,26708,27045.93360299435
2014-06-05,26771,26797.767153727717
2014-06-06,26400,26584.962027101676
2014-06-09,26545,26601.585676425686
2014-06-10,26712,26690.74139353625
2014-06-11,26736,26484.059765566177
2014-06-12,27014,26335.690560110834
2014-06-13,27235,26525.702530410617
2014-06-16,27395,26560.037712260306
2014-06-17,27418,26687.130795893412
2014-06-18,27353,26922.81215161503
2014-06-19,28160,27110.522013193506
2014-06-20,28154,27264.148342452274
2014-06-23,28111,27078.32163904264
2014-06-24,28167,27521.68161398212
2014-06-25,28221,27887.869076384155
2014-06-26,28126,27906.058432046997
2014-06-27,28063,27924.675429181345
2014-06-30,28076,28020.280719052516
2014-07-01,27975,28019.954582403047
2014-07-02,27788,27939.483386005115
2014-07-03,27802,27945.43528132755
2014-07-04,27913,27936.611872454145
2014-07-07,27564,27779.47093832622
2014-07-08,27594,27650.848205324117
2014-07-09,27667,27800.354224087183
2014-07-10,28565,27646.96209961565
2014-07-11,28441,27512.473085772028
2014-07-12,28413,27381.438340026903
2014-07-13,28413,27924.77447422856
2014-07-14,27860,28211.93057383525
2014-07-15,27752,28170.623177476504
2014-07-16,27767,28199.093255858443
2014-07-17,28237,27961.105916409437
2014-07-18,28028,27718.809590086148
2014-07-20,28030,27595.157544479174
2014-07-21,28120,27924.08688898853
2014-07-22,27939,28020.69449413685
2014-07-23,27915,27870.269828639583
2014-07-24,27651,27963.90345401121
2014-07-25,27973,27889.015826738585
2014-07-27,27960,27857.804832741665
2014-07-28,27909,27638.980087545235
2014-07-29,27855,27692.216016361082
2014-07-30,27936,27860.73102369802
2014-07-31,27788,27823.203641402994
2014-08-01,28037,27740.070083706927
2014-08-04,27952,27803.683395179025
2014-08-05,28392,27704.39570335477
2014-08-06,28559,27811.20659942692
2014-08-07,28695,27798.795760889538
2014-08-08,28515,27907.497353383296
2014-08-10,28510,28121.55949143143
2014-08-11,28554,28373.550542530782
2014-08-12,28641,28323.24962083083
2014-08-13,28567,28360.04284785818
2014-08-14,28489,28378.421202859863
2014-08-18,28167,28441.795794092184
2014-08-19,28124,28387.328649089166
2014-08-20,28079,28374.521882019137
2014-08-21,27599,28159.879210245457
2014-08-22,27634,27959.309385771645
2014-08-25,27632,27994.241863722444
2014-08-26,27720,27788.420600381785
2014-08-27,27599,27563.82490125626
2014-08-28,27884,27560.820127768435
2014-08-29,27794,27633.005203788616
2014-09-01,27679,27527.20484458294
2014-09-02,27340,27614.182128132197
2014-09-03,27355,27675.472648368028
2014-09-04,27282,27614.621597370104
2014-09-05,27225,27412.310881599667
2014-09-08,27207,27268.613444510553
2014-09-09,27272,27258.37024199336
2014-09-10,27194,27188.465462451153
2014-09-11,26996,27128.776115062596
2014-09-12,26909,27152.468538207257
2014-09-13,26900,27161.884273073734
2014-09-15,27006,27021.739353284338
2014-09-16,26954,26880.22011138083
2014-09-17,26907,26808.967540321817
2014-09-18,26659,26871.145880836466
2014-09-19,26497,26885.82971473731
2014-09-22,26605,26866.236554417534
2014-09-23,26682,26737.71349193284
2014-09-24,26552,26496.880491479576
2014-09-25,26919,26458.830930085805
2014-09-26,26694,26608.341423773196
2014-09-27,26693,26471.428342796615
2014-09-29,26819,26652.536301386834
2014-09-30,26805,26674.656704244622
2014-10-01,26790,26556.628104936855
2014-10-03,26439,26643.383830347484
2014-10-05,26424,26686.86537348777
2014-10-06,26637,26698.049385460195
2014-10-07,26673,26538.339734710837
2014-10-08,26633,26327.001698100186
2014-10-09,26847,26441.119357373584
2014-10-10,26855,26587.891210988273
2014-10-13,26855,26526.509834603075
2014-10-14,27128,26610.46336375387
2014-10-16,27328,26695.68291722305
2014-10-17,27151,26657.659229628785
2014-10-20,27302,26776.407906209744
2014-10-21,27394,27081.895084404852
2014-10-22,27333,27034.505391995168
2014-10-23,26940,27109.796907494598
2014-10-24,26963,27125.453403327956
2014-10-27,27008,27178.78290640207
2014-10-28,26909,26980.52441865093
2014-10-29,26864,26879.637103709047
2014-10-30,26376,26932.59873268358
2014-10-31,25924,26780.14850206475
2014-11-03,25868,26711.610476852216
2014-11-04,25810,26521.643939941954
2014-11-05,25348,26149.18125442267
2014-11-06,25467,25878.635526973874
2014-11-07,25926,25926.49077892304
2014-11-10,25719,25616.118167513934
2014-11-11,25793,25318.371317372847
2014-11-12,25794,25685.303498721423
2014-11-13,25827,25753.69137502587
2014-11-14,26458,25658.88208175364
2014-11-16,26411,25734.68931491232
2014-11-17,26319,25585.902112246295
2014-11-18,26587,25926.249641838167
2014-11-19,26710,26177.51327184257
2014-11-20,26459,26125.55378438497
2014-11-21,26390,26208.469440069846
2014-11-24,26473,26440.613966003082
2014-11-25,26338,26368.390754517302
2014-11-26,26397,26301.64201798837
2014-11-27,26237,26385.42812436198
2014-11-28,25853,26283.220169297547
2014-12-01,26546,26230.315940507553
2014-12-02,26224,26264.242281157116
2014-12-03,26496,25915.896545701253
2014-12-04,26488,26224.867013215997
2014-12-05,26279,26166.25154419229
2014-12-08,26228,26268.271533421026
2014-12-09,27023,26331.426332142724
2014-12-10,27054,26386.910122344456
2014-12-11,27142,26071.967244742777
2014-12-12,27088,26628.623635865588
2014-12-15,27173,26789.84392351366
2014-12-16,27044,26918.345770145646
2014-12-17,26802,26897.595014071718
2014-12-18,26659,26932.84687627281
2014-12-19,26859,26895.40647068047
2014-12-22,26458,26833.73819475249
2014-12-23,26468,26620.846572564576
2014-12-24,26433,26764.340894575904
2014-12-26,26894,26549.529619984165
2014-12-29,26598,26573.851372159403
2014-12-30,26908,26335.446306579313
2014-12-31,26594,26733.002314996284
2015-01-01,26586,26524.16708827749
2015-01-02,26700,26710.338428894684
2015-01-05,26847,26590.83086726548
2015-01-06,27385,26572.141704359787
2015-01-07,27159,26702.381215287078
2015-01-08,26808,26669.572753304405
2015-01-09,26806,26985.748963495458
2015-01-12,27032,26987.49118381104
2015-01-13,27071,26859.985313312118
2015-01-14,27210,26786.969715484283
2015-01-15,27493,26919.399972979332
2015-01-16,27673,27015.19818524763
2015-01-17,27627,27117.412249637506
2015-01-19,27718,27269.83477255151
2015-01-20,28098,27430.44430097735
2015-01-21,27992,27514.817594861124
2015-01-22,28055,27531.039480192478
2015-01-23,27884,27797.871131496544
2015-01-25,27887,27783.85848826981
2015-01-27,27934,27876.114492589575
2015-01-28,27795,27822.095378306927
2015-01-29,27470,27790.51124621492
2015-01-30,27911,27772.497964866732
2015-02-02,28071,27831.665921946787
2015-02-03,27687,27623.696056976787
2015-02-04,27814,27709.976248841
2015-02-05,27683,27894.49490118016
2015-02-06,26968,27688.73940369373
2015-02-09,27119,27602.234940519742
2015-02-10,27016,27636.194811673384
2015-02-11,26817,27198.322537330718
2015-02-12,26635,27124.330034167306
2015-02-13,26694,27049.14486483436
2015-02-16,26742,26940.883976697918
2015-02-17,26241,26776.685987959998
2015-02-18,26181,26623.66027724868
2015-02-19,26294,26682.538003409587
2015-02-20,26317,26417.534177960133
2015-02-21,26319,26259.04775157497
2015-02-23,26178,26283.195725265326
2015-02-24,26077,26269.243371822653
2015-02-25,26142,26260.39021599349
2015-02-26,26239,26199.31741331582
2015-02-27,26206,26122.812299170542
2015-02-28,26480,26100.86409385906
2015-03-02,26541,26206.037082128365
2015-03-03,26453,26183.1636194152
2015-03-04,26539,26306.192426569603
2015-03-05,26473,26399.135303591196
2015-03-06,26058,26357.319791900904
2015-03-09,26062,26338.758595535623
2015-03-10,25960,26373.39524602931
2015-03-11,25716,26138.97488800673
2015-03-12,25690,26054.453028157684
2015-03-13,25909,25999.191751363174
2015-03-14,25922,25882.725809637566
2015-03-16,25797,25723.28885435834
2015-03-17,25635,25810.123897887803
2015-03-18,25653,25835.36864248884
2015-03-19,25970,25784.560431280213
2015-03-20,26195,25731.381737344753
2015-03-23,26208,25678.96944810458
2015-03-24,26350,25818.01416414637
2015-03-25,26491,26027.891926396303
2015-03-26,26805,26100.931248955418
2015-03-27,26564,26240.519973341812
2015-03-30,26239,26266.44824743414
2015-03-31,26061,26450.54344577279
2015-04-01,26510,26406.753981623544
2015-04-02,26548,26353.43423826814
2015-04-06,26941,26166.70978408105
2015-04-07,26829,26442.905103269804
2015-04-08,26682,26447.62560717897
2015-04-09,26452,26678.793339304444
2015-04-10,26703,26654.003519337544
2015-04-13,26616,26655.44923965307
2015-04-14,26454,26468.84147868583
2015-04-15,26644,26559.87746661197
2015-04-16,26533,26604.334851383
2015-04-17,26702,26481.076326733582
2015-04-20,26719,26602.433190624564
2015-04-21,26803,26529.261646189494
2015-04-22,26489,26621.25551845
2015-04-23,26777,26577.56523228405
2015-04-24,26574,26731.304976285548
2015-04-27,26944,26505.012567784972
2015-04-28,27036,26717.120815217248
2015-04-29,27096,26608.15420080525
2015-04-30,26593,26797.455296154112
2015-05-01,26483,26793.09720621627
2015-05-04,26747,26904.048309987975
2015-05-05,26852,26717.705510253236
2015-05-06,26928,26587.69142792977
2015-05-07,26951,26694.939351502
2015-05-08,26903,26769.644966821535
2015-05-11,26853,26833.053640856015
2015-05-12,27180,26855.24038526206
2015-05-13,27539,26898.39894581429
2015-05-14,27444,26888.051729065966
2015-05-15,27473,27005.889059078956
2015-05-18,27629,27272.48510901666
2015-05-19,27309,27327.970446564483
2015-05-20,27299,27294.09776931646
2015-05-21,27130,27430.804061642848
2015-05-22,27105,27270.03748069524
2015-05-25,27180,27266.24998026374
2015-05-26,26917,27190.066593095264
2015-05-27,26900,27099.664114427396
2015-05-28,26899,27142.900928738996
2015-05-29,26866,27001.5864489531
2015-06-01,26690,26943.35764712298
2015-06-02,26856,26876.269415442915
2015-06-03,26806,26895.172301850504
2015-06-04,26564,26754.08813457865
2015-06-05,26439,26770.350648158957
2015-06-08,26693,26750.826569311113
2015-06-09,26754,26671.84862353639
2015-06-10,26850,26545.42535937061
2015-06-11,26772,26652.162947354376
2015-06-12,26773,26674.814555860146
2015-06-15,26915,26751.58994924976
2015-06-16,26831,26754.323285893523
2015-06-17,26763,26716.592818540805
2015-06-18,27031,26786.157374944814
2015-06-19,26959,26825.077601237506
2015-06-22,26589,26754.835194866897
2015-06-23,26478,26831.56943584695
2015-06-24,26418,26851.586863836954
2015-06-25,26365,26663.45121185832
2015-06-26,26399,26551.283608985115
2015-06-29,26508,26491.713499827183
2015-06-30,26301,26450.8746927696
2015-07-01,26182,26394.968588763266
2015-07-02,26024,26445.847728562207
2015-07-03,26393,26316.225073774043
2015-07-06,26335,26298.94179413753
2015-07-07,26032,26123.62523352143
2015-07-08,26222,26236.448718489457
2015-07-09,26071,26307.518434282418
2015-07-10,26071,26105.449154818936
2015-07-13,26033,26177.75390970491
2015-07-14,25934,26086.37293165897
2015-07-15,25852,26058.30418797708
2015-07-16,25774,26023.836917741577
2015-07-17,25505,25962.40069962159
2015-07-20,25042,25850.964769859736
2015-07-21,24908,25726.981780452545
2015-07-22,24688,25591.343375047232
2015-07-23,24742,25232.710932333335
2015-07-24,24729,25056.567466743614
2015-07-27,24910,24823.3995550595
2015-07-28,24768,24822.200881329252
2015-07-29,24729,24736.292432448547
2015-07-30,24739,24870.36337757938
2015-07-31,24789,24807.58980692836
2015-08-03,24696,24763.738541360497
2015-08-04,24638,24725.124360974052
2015-08-05,24545,24746.38364755956
2015-08-06,24692,24695.794534590532
2015-08-07,24796,24693.218212769025
2015-08-10,25026,24614.027523972636
2015-08-11,25323,24684.553908782917
2015-08-12,25898,24803.160648090372
2015-08-13,25763,25022.057876322437
2015-08-14,25636,25112.450819124526
2015-08-17,25924,25494.387145645247
2015-08-18,25890,25606.3567375612
2015-08-19,26084,25548.612729653214
2015-08-20,26723,25758.872092209804
2015-08-21,27090,25900.170990386247
2015-08-24,27290,26043.03698980722
2015-08-25,26595,26435.40145209179
2015-08-26,26341,26609.38461358485
2015-08-27,26197,26863.74549361677
2015-08-28,26490,26583.449889464224
2015-08-31,26540,26482.330868825808
2015-09-01,26623,26331.70404561761
2015-09-02,26417,26481.07103444284
2015-09-03,26196,26499.60410271257
2015-09-04,26256,26542.431654017786
2015-09-07,26506,26464.714370524067
2015-09-08,26436,26336.9598615072
2015-09-09,26069,26280.058603093792
2015-09-10,26179,26349.613549662376
2015-09-11,25981,26415.829376583846
2015-09-14,26078,26172.21154497133
2015-09-15,25982,26213.518106051917
2015-09-16,26285,26057.76013494359
2015-09-17,26176,26145.953726388547
2015-09-18,26476,26036.16880119816
2015-09-21,26345,26252.24063499627
2015-09-22,26242,26155.949740282776
2015-09-23,26476,26308.86583605417
2015-09-24,26965,26334.167873199298
2015-09-25,26744,26346.076950599
2015-09-28,26508,26365.786005091388
2015-09-29,26253,26646.443976524257
2015-09-30,25803,26606.499258135078
2015-10-01,25782,26442.650787206356
2015-10-05,26094,26328.9338708975
2015-10-06,26512,26099.081049951903
2015-10-07,26449,26000.105074710053
2015-10-08,26351,26036.778477085845
2015-10-09,26515,26351.79739610903
2015-10-12,26678,26405.518305820835
2015-10-13,26872,26367.104338802026
2015-10-14,27088,26452.872627411154
2015-10-15,27142,26579.28182955904
2015-10-16,27029,26723.290977608827
2015-10-19,26882,26878.29877609901
2015-10-20,26993,26960.21470661347
2015-10-21,26821,26974.318810059776
2015-10-22,26737,26860.510855303713
2015-10-23,26676,26921.492211114088
2015-10-26,26689,26848.65736526175
2015-10-27,26790,26804.518115049512
2015-10-28,26930,26766.709807357613
2015-10-29,26470,26763.193678585143
2015-10-30,26355,26701.380127396285
2015-11-02,26228,26814.100359274747
2015-11-03,25863,26578.80414697203
2015-11-04,25646,26404.922505321643
2015-11-05,25791,26289.823323010794
2015-11-06,25538,26108.95190414777
2015-11-09,25699,25822.620894373344
2015-11-10,25604,25917.68192056994
2015-11-11,25490,25717.76990547734
2015-11-12,25341,25724.99109456115
2015-11-13,25388,25643.948327008937
2015-11-16,25360,25581.523242315056
2015-11-17,25038,25449.422026949906
2015-11-18,25108,25380.716321154912
2015-11-19,25308,25405.8440543525
2015-11-20,25252,25245.72446232885
2015-11-23,25180,25128.44487060027
2015-11-24,25305,25270.92182595057
2015-11-25,25230,25287.76380715146
2015-11-26,25288,25216.706164424126
2015-11-27,25071,25287.774499357187
2015-11-30,25114,25208.848498354386
2015-12-01,25018,25267.306556835847
2015-12-02,24895,25139.110477044796
2015-12-03,25043,25129.350857501697
2015-12-04,25631,25106.96836682483
2015-12-07,25443,25114.267950893685
2015-12-08,25424,24941.90111075835
2015-12-09,25499,25400.83132594051
2015-12-10,25328,25400.542443740836
2015-12-11,25581,25363.931802832318
2015-12-14,25256,25471.094521414634
2015-12-15,25173,25310.45585143352
2015-12-16,25372,25465.36392296808
2015-12-17,24766,25378.44050273461
2015-12-18,25011,25137.20084719322
2015-12-21,25302,25367.483429663025
2015-12-22,25176,25072.26818279978
2015-12-23,25004,24929.643666501164
2015-12-24,25147,25199.325704144037
2015-12-28,25077,25220.891497619446
2015-12-29,25106,25085.991492568974
2015-12-30,25017,25143.52429113644
2015-12-31,24952,25092.925103817666
2016-01-01,24943,25097.063947872124
2016-01-04,25423,25066.377484855435
2016-01-05,25430,25111.765950825335
2016-01-06,25756,24955.60698460297
2016-01-07,26106,25326.224516030914
2016-01-08,25989,25429.839057653717
2016-01-11,25877,25576.94099371261
2016-01-12,25689,25817.701695327007
2016-01-13,25750,25821.212194849122
2016-01-14,25652,25830.675299915238
2016-01-15,26126,25717.234137380292
2016-01-18,26070,25846.595084134824
2016-01-19,26064,25727.59455870598
2016-01-20,26563,25997.25929988101
2016-01-21,26190,26118.08000759988
2016-01-22,26168,26004.525925635797
2016-01-25,26391,26312.6357486899
2016-01-27,26736,26232.033763464355
2016-01-28,26701,26256.966340250976
2016-01-29,26709,26323.690394551577
2016-02-01,26973,26563.208027033146
2016-02-02,27008,26660.462694261463
2016-02-03,27285,26674.21917300431
2016-02-04,27656,26883.436482255216
2016-02-05,27568,26980.269433096408
2016-02-08,28367,27113.949681468275
2016-02-09,28325,27538.58330402609
2016-02-10,28211,27485.821173391603
2016-02-11,29706,27936.82544640202
2016-02-12,29287,28337.705145153188
2016-02-15,28595,28112.462249997865
2016-02-16,28800,28868.220077154685
2016-02-17,28781,29008.553598903476
2016-02-18,29210,28701.549901894854
2016-02-19,29432,28827.212786360393
2016-02-22,28916,28836.522517470003
2016-02-23,29234,28969.734428929387
2016-02-24,29523,29283.34092166022
2016-02-25,29735,29106.252004138092
2016-02-26,29290,29210.67438053753
2016-02-29,29437,29268.820048183487
2016-03-01,29097,29540.167072577096
2016-03-02,29219,29289.78399840546
2016-03-03,29381,29409.8118499333
2016-03-04,29519,29243.83654256348
2016-03-07,29597,29274.764110590157
2016-03-08,29819,29367.05652786348
2016-03-09,29597,29501.417204578665
2016-03-10,29928,29500.18774837829
2016-03-11,29504,29717.04609071268
2016-03-14,29204,29527.34109125311
2016-03-15,29050,29693.118060196633
2016-03-16,28970,29525.04239802427
2016-03-17,29357,29346.343829068497
2016-03-18,29135,29283.940100506974
2016-03-21,28937,29108.293086806716
2016-03-22,29047,29270.25360369914
2016-03-23,28568,29217.384319946683
2016-03-24,28560,28990.326158710224
2016-03-28,28400,29039.479174223743
2016-03-29,28616,28740.800267854294
2016-03-30,28301,28726.715007257302
2016-03-31,28441,28517.7144655916
2016-04-01,28056,28660.112265654043
2016-04-04,28086,28395.619545159938
2016-04-05,28562,28470.542569737263
2016-04-06,28571,28329.880712200575
2016-04-07,28972,28223.954273918283
2016-04-08,29047,28521.105541011766
2016-04-11,29254,28546.391368928515
2016-04-12,29250,28821.406105595477
2016-04-13,29128,28893.147712780916
2016-04-14,28731,29035.6885271492
2016-04-15,28918,29029.186622292913
2016-04-18,28935,29093.432743833564
2016-04-19,29255,28881.715556694602
2016-04-20,29249,28995.03323660701
2016-04-21,29287,28978.32161393708
2016-04-22,28941,29168.40909097086
2016-04-25,29183,29140.860181982953
2016-04-26,29158,29261.0362893434
2016-04-27,29319,29046.95413140979
2016-04-28,29627,29167.602179831643
2016-04-29,30138,29215.97066285659
2016-05-02,30213,29376.63186482894
2016-05-03,30154,29525.525975596443
2016-05-04,29934,29835.501937265166
2016-05-05,29868,29943.501540998914
2016-05-06,30366,29989.5663005106
2016-05-09,29805,30006.752969357247
2016-05-10,29785,29808.814300231126
2016-05-11,29933,30145.216581321234
2016-05-12,29904,29958.299935356004
2016-05-13,30023,29893.856974142127
2016-05-16,29963,29957.67206964203
2016-05-17,30045,29923.41658633058
2016-05-18,30049,30005.5471246536
2016-05-19,29800,29979.12171997141
2016-05-20,29693,29980.237393211486
2016-05-23,29682,29987.936577098055
2016-05-24,29306,29877.09174732127
2016-05-25,28945,29726.09029254398
2016-05-26,28729,29667.234144910297
2016-05-27,28590,29454.308761892134
2016-05-30,28590,29194.77521269871
2016-05-31,28610,29003.47212712162
2016-06-01,28626,28847.73772787236
2016-06-02,28554,28774.618744173218
2016-06-03,29216,28723.96285633385
2016-06-06,29329,28828.015045610857
2016-06-07,29239,28700.061266680037
2016-06-08,29491,28995.4936538677
2016-06-09,29757,29190.95120043573
2016-06-10,29851,29225.91564255712
2016-06-13,30181,29364.863130829603
2016-06-14,30357,29610.325743268895
2016-06-15,30262,29733.729744824646
2016-06-16,30392,29937.590172476826
2016-06-17,30373,30161.92044699913
2016-06-20,30478,30165.306100985006
2016-06-21,30072,30285.9110352949
2016-06-22,29898,30237.492388428065
2016-06-23,29686,30343.820930428312
2016-06-24,31131,30141.60115649815
2016-06-27,31218,30303.48593921096
2016-06-28,30999,29982.896016912477
2016-06-29,30986,30662.303309588962
2016-06-30,30851,30909.434376293244
2016-07-01,31077,30876.005118452988
2016-07-04,31396,30927.096295960673
2016-07-05,30841,30890.657378284763
2016-07-06,32018,30884.66873023643
2016-07-07,31817,31392.978534373673
2016-07-08,31657,31021.721132519575
2016-07-11,31524,31595.995374999184
2016-07-12,31001,31610.814289228634
2016-07-13,31225,31507.903842689135
2016-07-14,30895,31533.457735753207
2016-07-15,30922,31165.43961689608
2016-07-18,30950,31263.804731804612
2016-07-19,31021,31081.499500466278
2016-07-20,30666,31082.480252787514
2016-07-21,30940,30975.64085521198
2016-07-22,30794,31081.421184228995
2016-07-25,30814,30819.783544058584
2016-07-26,30822,30924.73545261799
2016-07-27,30878,30856.080171344965
2016-07-28,30795,30859.495897364082
2016-07-29,31099,30834.78045626666
2016-08-01,31011,30928.744625686966
2016-08-02,31282,30836.69299927905
2016-08-03,31199,31046.51899410667
2016-08-04,31317,30995.954029482407
2016-08-05,30779,31180.975085649327
2016-08-08,30998,31066.37827477219
2016-08-09,31133,31250.082757336975
2016-08-10,31219,30984.41061995094
2016-08-11,31171,31045.992569663867
2016-08-12,31080,31104.58530024106
2016-08-16,31349,31166.885153433144
2016-08-17,31314,31223.703119405858
2016-08-18,31411,31132.209692144763
2016-08-19,31365,31282.910112176112
2016-08-22,31395,31270.61430394285
2016-08-23,31373,31360.94500862952
2016-08-24,31049,31351.42543211741
2016-08-25,30945,31318.91328399892
2016-08-26,31023,31333.33758357832
2016-08-29,31077,31191.10141116616
2016-08-30,30840,31098.356517292515
2016-08-31,30746,31050.682336667458
2016-09-01,30710,31084.663081984996
2016-09-02,30900,30960.39210071024
2016-09-05,31025,30908.072140517645
2016-09-06,31401,30846.00102418869
2016-09-07,31336,30971.829835501456
2016-09-08,31239,30997.56145794965
2016-09-09,31261,31216.043279824724
2016-09-12,31087,31256.41680017632
2016-09-13,31141,31189.970871754
2016-09-14,31100,31231.700233901356
2016-09-15,30950,31139.056688289667
2016-09-16,30851,31140.422664314334
2016-09-19,30936,31123.58750386301
2016-09-20,30892,31070.693690295353
2016-09-21,31207,30966.276047507272
2016-09-22,31335,31040.541634323974
2016-09-23,31288,30997.774115287713
2016-09-26,31351,31131.321424915885
2016-09-27,31003,31253.81967868478
2016-09-28,30963,31193.90006028952
2016-09-29,31224,31269.024572074348
2016-09-30,30814,31151.69468518126
2016-10-03,30749,30995.18581847113
2016-10-04,30068,31151.971203043842
2016-10-05,30004,30852.77917288733
2016-10-06,29615,30841.255998985533
2016-10-07,29591,30364.881885113755
2016-10-10,29662,30253.9505898068
2016-10-11,29712,29975.558039445554
2016-10-12,29662,29872.044780665907
2016-10-13,29697,29828.663197337963
2016-10-14,29638,29823.11537739511
2016-10-17,29675,29754.130163729034
2016-10-18,29773,29747.957135811714
2016-10-19,29883,29718.99541202168
2016-10-20,29891,29730.79448785926
2016-10-21,29936,29775.512891973456
2016-10-24,29820,29860.80433094565
2016-10-25,30034,29863.108994564693
2016-10-26,29913,29952.256117604134
2016-10-27,30054,29857.204569034453
2016-10-28,30131,30006.144058520313
2016-10-30,30151,29969.436174254046
2016-10-31,30057,30045.27983370136
2016-11-01,30329,30086.38613759307
2016-11-02,30759,30181.362000861995
2016-11-03,30674,30191.61808567209
2016-11-04,30689,30267.11234521114
2016-11-07,30118,30553.782019108392
2016-11-08,29899,30487.01326040988
2016-11-09,29961,30559.44758386568
2016-11-10,29986,30307.434188236384
2016-11-11,29461,30124.662175236455
2016-11-14,29676,29999.799023506195
2016-11-15,29391,30107.198482706117
2016-11-16,29463,29741.901973787004
2016-11-17,29185,29805.426563069566
2016-11-18,29005,29558.077679104394
2016-11-21,29197,29533.502519683887
2016-11-22,29182,29412.304104085415
2016-11-23,28885,29239.73190327817
2016-11-24,28816,29226.375850420678
2016-11-25,28671,29227.08681876133
2016-11-28,28793,29047.54580065424
2016-11-29,28853,28990.41321676706
2016-11-30,28428,28868.022453307407
2016-12-01,28062,28801.097168830507
2016-12-02,28445,28813.681460405605
2016-12-05,28236,28704.98905731464
2016-12-06,27944,28299.483970632198
2016-12-07,28043,28377.413420112138
2016-12-08,27896,28385.76206019451
2016-12-09,27701,28161.297785022984
2016-12-12,27843,28096.76067016327
2016-12-13,27710,28060.032307131038
2016-12-14,27746,27842.53936052584
2016-12-15,27130,27900.733421495723
2016-12-16,27308,27696.826158412707
2016-12-19,27392,27790.510201402074
2016-12-20,27262,27509.57962515122
2016-12-21,27103,27298.274232621796
2016-12-22,27152,27472.25591078
2016-12-23,27186,27456.862005239997
2016-12-26,27241,27280.566156479723
2016-12-27,27431,27219.02812374854
2016-12-28,27539,27260.033651650654
2016-12-29,27810,27261.137216497784
2016-12-30,27700,27387.384476605686
2017-01-02,27828,27455.098722122366
2017-01-03,28102,27646.072637009886
2017-01-04,28085,27704.186384390305
2017-01-05,28890,27709.714975439805
2017-01-06,27960,28112.94467030474
2017-01-09,28124,27824.69577565432
2017-01-10,28210,28534.525798622744
2017-01-11,28353,28114.330685164223
2017-01-12,28463,28163.18412878807
2017-01-13,28440,28253.889032384897
2017-01-16,28601,28348.32364336009
2017-01-17,28797,28476.952123283558
2017-01-18,28852,28512.401178312586
2017-01-19,28588,28600.895452066117
2017-01-20,28685,28659.270065143104
2017-01-23,28876,28794.7306499225
2017-01-24,28815,28715.59929992749
2017-01-25,28472,28709.55186900284
2017-01-27,28449,28777.482605337966
2017-01-30,28642,28820.247708732724
2017-01-31,29172,28688.40663684589
2017-02-01,28981,28670.14398906158
2017-02-02,29064,28568.493622252357
2017-02-03,29166,29017.91462700471
2017-02-06,29202,29010.723210706936
2017-02-07,29348,29064.927545706745
2017-02-08,29371,29148.36645596062
2017-02-09,29115,29181.80575283562
2017-02-10,29195,29244.49466311537
2017-02-13,29057,29349.145670086884
2017-02-14,29027,29210.63549414576
2017-02-15,29138,29235.919597673306
2017-02-16,29377,29188.783674224727
2017-02-17,29359,29191.75551138744
2017-02-20,29324,29181.632287224595
2017-02-21,29314,29339.135729773687
2017-02-22,29223,29364.48949005979
2017-02-23,29440,29339.77123196131
2017-02-24,29613,29386.891713605517
2017-02-27,29732,29345.10711802148
2017-02-28,29592,29458.55632184115
2017-03-01,29529,29545.523633009674
2017-03-02,29204,29660.08377023806
2017-03-03,29442,29566.397450621927
2017-03-06,28979,29612.253390067766
2017-03-07,28791,29318.260600492627
2017-03-08,28660,29424.673567333604
2017-03-09,28491,29154.02412735422
2017-03-10,28417,28935.643353821462
2017-03-13,28291,28776.116153408002
2017-03-14,28100,28592.550401463668
2017-03-15,28019,28507.823136022234
2017-03-16,28436,28465.754062208474
2017-03-17,28528,28371.543437829194
2017-03-20,28518,28128.951921537566
2017-03-21,28853,28299.485493823984
2017-03-22,28886,28559.0887703354
2017-03-23,28816,28496.575451634297
2017-03-24,28809,28678.262562397784
2017-03-27,28839,28778.83643442154
2017-03-28,28872,28805.685230367282
2017-03-29,28762,28819.686002234663
2017-03-30,28559,28850.20564668403
2017-03-31,28612,28853.775343133417
2017-04-03,28720,28860.66810027658
2017-04-04,28960,28750.22532524093
2017-04-05,28617,28671.8620889148
2017-04-06,28697,28694.67027300336
2017-04-07,28650,28901.56332734323
2017-04-10,28699,28818.177173163174
2017-04-11,29149,28730.405172448387
2017-04-12,29189,28773.938818344053
2017-04-13,29358,28655.603960384673
2017-04-17,29392,28991.858873044814
2017-04-18,29518,29122.909170857143
2017-04-19,29313,29304.07815211089
2017-04-20,29308,29304.137467562927
2017-04-21,29432,29432.973416766734
2017-04-24,29128,29388.372664485734
2017-04-25,28827,29306.646965966396
2017-04-26,28757,29372.634179453555
2017-04-27,28784,29234.64578782994
2017-04-28,28872,29052.373612101794
2017-05-01,28654,28916.741686983267
2017-05-02,28571,28870.252954418876
2017-05-03,28571,28965.095258819274
2017-05-04,28060,28891.571780699458
2017-05-05,28184,28689.53762037022
2017-05-08,28119,28759.343044062804
2017-05-09,27981,28430.60323042663
2017-05-10,28007,28240.51501407207
2017-05-11,28022,28311.644231057166
2017-05-12,28019,28176.679301045566
2017-05-15,28008,28106.59252295753
2017-05-16,28109,28123.069375959873
2017-05-17,28614,28125.193046962107
2017-05-18,28710,28114.21961383289
2017-05-19,28634,28064.48371131673
2017-05-22,28783,28377.94316473314
2017-05-23,28808,28664.858690356396
2017-05-24,28719,28666.81982916849
2017-05-25,28638,28716.688860300244
2017-05-26,28847,28818.93225077877
2017-05-29,28874,28818.038543374998
2017-05-30,28704,28715.162170096944
2017-05-31,28905,28794.26029406848
2017-06-01,28749,28964.244170727583
2017-06-02,28949,28826.064075492053
2017-06-05,29111,28902.03308258438
2017-06-06,29481,28890.551943936676
2017-06-07,29376,28903.607617056863
2017-06-08,29049,29020.400085327547
2017-06-09,28938,29314.283825128812
2017-06-12,28917,29385.53277970109
2017-06-13,28862,29227.541670072595
2017-06-14,28946,29068.089126049075
2017-06-15,28686,29036.047636836607
2017-06-16,28616,28970.516547968502
2017-06-19,28473,29042.08862109528
2017-06-20,28475,28941.11282344957
2017-06-21,28495,28783.526006472595
2017-06-22,28557,28667.245353151025
2017-06-23,28648,28589.98394589799
2017-06-26,28426,28593.45497568559
2017-06-27,28483,28598.49852596128
2017-06-28,28485,28724.79735870448
2017-06-29,28527,28621.77360330572
2017-06-30,28295,28537.161263595928
2017-07-03,27952,28553.41860587397
2017-07-04,28043,28604.949298716732
2017-07-05,28051,28571.934574450905
2017-07-06,28143,28236.315786896863
2017-07-07,27812,28123.663868509466
2017-07-10,27840,28141.119978269904
2017-07-11,27871,28257.614363940633
2017-07-12,27889,28102.599652709952
2017-07-13,27868,27932.035808583216
2017-07-14,28022,27963.12865809678
2017-07-17,28147,27992.660460836407
2017-07-18,28280,27961.462314873203
2017-07-19,28270,28016.34062371306
2017-07-20,28345,28135.83597720159
2017-07-21,28541,28272.17965647674
2017-07-24,28530,28330.129597001094
2017-07-25,28490,28327.270005947463
2017-07-26,28396,28486.283200365357
2017-07-27,28477,28588.406402350785
2017-07-28,28596,28587.169758636224
2017-07-31,28588,28513.126768180948
2017-08-01,28514,28494.47111485825
2017-08-02,28486,28608.890440980376
2017-08-03,28447,28679.193794631323
2017-08-04,28373,28635.022710018653
2017-08-07,28419,28586.4687330042
2017-08-08,28357,28571.929275357375
2017-08-09,28800,28497.75436778121
2017-08-10,29130,28528.334933322676
2017-08-11,29158,28443.865655532143
2017-08-14,29042,28591.63635483973
2017-08-16,28878,28994.01291436694
2017-08-17,29093,29170.512300212016
2017-08-18,29109,29151.179864354
2017-08-21,29224,28980.852842245244
2017-08-22,29061,29042.337187936508
2017-08-23,29090,29145.563940245378
2017-08-24,29021,29258.686882131093
2017-08-25,29086,29219.410973425278
2017-08-28,29425,29166.660145274465
2017-08-29,29588,29154.992988663762
2017-08-30,29540,29093.981835922437
2017-08-31,29756,29290.591254044233
2017-09-01,29788,29577.054974441508
2017-09-04,30174,29577.39800581812
2017-09-05,30226,29690.634411596177
2017-09-06,30088,29752.834226364354
2017-09-07,30287,29972.57183835072
2017-09-08,30271,30183.38530778645
2017-09-11,29942,30159.38050994324
2017-09-12,29953,30199.506697417186
2017-09-13,29896,30322.16969170329
2017-09-14,30020,30181.57293439156
2017-09-15,29869,30049.377974714123
2017-09-18,29561,30007.913684162242
2017-09-19,29628,30058.99223900227
2017-09-20,29780,30102.161257698866
2017-09-21,29584,29835.294253313663
2017-09-22,29608,29672.187484015212
2017-09-25,30065,29839.382533964254
2017-09-26,29885,29817.222600965375
2017-09-27,29673,29611.786042460233
2017-09-28,29624,29916.062223542842
2017-09-29,29549,30050.366377876464
2017-10-03,29400,29852.263556970713
2017-10-04,29331,29738.664549309724
2017-10-05,29412,29710.439830855124
2017-10-06,29510,29605.773693929426
2017-10-09,29670,29481.869555227986
2017-10-10,29768,29485.48299692678
2017-10-11,29659,29544.60316803905
2017-10-12,29756,29646.027758692577
2017-10-13,29800,29804.712676962296
2017-10-16,29808,29767.060794006655
2017-10-17,29565,29756.952811074723
2017-10-18,29536,29826.92141383584
2017-10-19,29654,29907.011505243685
2017-10-20,29541,29790.28874958352
2017-10-23,29499,29622.901541847732
2017-10-24,29498,29708.13375025995
2017-10-25,29362,29710.00143118891
2017-10-26,29236,29614.03148582999
2017-10-27,29272,29615.40760598448
2017-10-30,29349,29562.415513422755
2017-10-31,29040,29411.620370440156
2017-11-01,29120,29336.726589976373
2017-11-02,29242,29470.49622303046
2017-11-03,29191,29314.107178056398
2017-11-06,29363,29164.93991006445
2017-11-07,29457,29304.406239733926
2017-11-08,29562,29295.375915532197
2017-11-09,29670,29345.20538793439
2017-11-10,29508,29473.234593352427
2017-11-13,29619,29541.901236263177
2017-11-14,29620,29695.58004061517
2017-11-15,29528,29639.319052328727
2017-11-16,29491,29619.1544141004
2017-11-17,29658,29707.85790341555
2017-11-20,29339,29675.72632099201
2017-11-21,29334,29558.367133328426
2017-11-22,29504,29708.705817245715
2017-11-23,29420,29623.429866461967
2017-11-24,29375,29407.03658719899
2017-11-27,29460,29530.836266939157
2017-11-28,29381,29579.314741178874
2017-11-29,29215,29476.682717223335
2017-11-30,28992,29511.841474190893
2017-12-01,29217,29532.656338692996
2017-12-04,29059,29449.294606830026
2017-12-05,28893,29184.732401009544
2017-12-06,28972,29229.65387618548
2017-12-07,28670,29296.526367138416
2017-12-08,28588,29070.3255261322
2017-12-11,28429,29092.117263863114
2017-12-12,28318,28965.891666980224
2017-12-13,28377,28779.346296761614
2017-12-14,28500,28678.971129410143
2017-12-15,28441,28525.266363522085
2017-12-18,28663,28466.032091878078
2017-12-19,28555,28583.928491624778
2017-12-20,28617,28546.907212687638
2017-12-21,28596,28654.72800030382
2017-12-22,28757,28691.22501731711
2017-12-26,28924,28674.902789312535
2017-12-27,29092,28678.58588385895
2017-12-28,29171,28736.9393921311
2017-12-29,29372,28889.543290106758
2018-01-01,29324,29062.8098848907
2018-01-02,29392,29149.28240006067
2018-01-03,29481,29318.410976656978
2018-01-04,29472,29392.53484083576
2018-01-05,29465,29391.37912641927
2018-01-08,29270,29495.37130034902
2018-01-09,29173,29534.659560985077
2018-01-10,29343,29567.795311510403
2018-01-11,29404,29490.956099162657
2018-01-12,29553,29309.090494810425
2018-01-15,29763,29360.96535790472
2018-01-16,29830,29466.096539195838
2018-01-17,29761,29532.174528649615
2018-01-18,29644,29705.94664001825
2018-01-19,29743,29853.50933816914
2018-01-22,29806,29873.595380016257
2018-01-23,29876,29761.235466153877
2018-01-24,30244,29763.73306171925
2018-01-25,30367,29869.327602882004
2018-01-29,30074,29872.226446459055
2018-01-30,30052,30077.233434961017
2018-01-31,30064,30395.725936995364
2018-02-01,30512,30284.893309965504
2018-02-02,30399,30150.862155769657
2018-02-05,30286,30068.873986404244
2018-02-06,30182,30356.0592967972
2018-02-07,29976,30543.419115906643
2018-02-08,30103,30419.277197077707
2018-02-09,29999,30361.985072981133
2018-02-12,30133,30162.29164572462
2018-02-13,30195,30166.942142384225
2018-02-14,30605,30157.359167098504
2018-02-15,30549,30185.60178236262
2018-02-16,30785,30195.407729708975
2018-02-19,30715,30475.388039532296
2018-02-20,30524,30594.514445004053
2018-02-21,30459,30690.979835050093
2018-02-22,30564,30822.734404425824
2018-02-23,30492,30698.041627161496
2018-02-26,30518,30554.03713229
2018-02-27,30306,30615.384668339957
2018-02-28,30423,30618.76649661144
2018-03-01,30181,30642.210556107588
2018-03-02,30473,30498.09853758663
2018-03-05,30429,30518.271420870387
2018-03-06,30568,30378.794079447915
2018-03-07,30461,30431.207264444645
2018-03-08,30436,30527.693927587967
2018-03-09,30408,30588.70421143664
2018-03-12,30340,30603.631737424497
2018-03-13,30387,30530.062600442787
2018-03-14,30413,30527.151650020332
2018-03-15,30314,30467.09253015233
2018-03-16,30251,30453.793838942693
2018-03-19,30432,30511.245943669393
2018-03-20,30284,30488.60197685149
2018-03-21,30464,30350.49364709307
2018-03-22,30506,30466.217248851943
2018-03-23,30901,30438.49261759822
2018-03-26,30889,30470.698287385545
2018-03-27,30717,30509.518782146013
2018-03-28,30518,30741.65970773411
2018-03-29,30426,30961.84003715498
2018-04-02,30961,30884.373805650885
2018-04-03,30625,30745.98643224288
2018-04-04,30886,30472.991534315533
2018-04-05,30505,30833.725718494225
2018-04-06,30605,30842.427745371955
2018-04-09,30675,30886.476532840174
2018-04-10,30798,30797.790326877133
2018-04-11,31244,30638.10956076636
2018-04-12,30897,30745.735072730316
2018-04-13,31005,30733.67616452756
2018-04-16,31167,31133.080762565474
2018-04-17,31257,31140.10289283014
2018-04-18,31410,30983.133851575214
2018-04-19,31479,31139.897825288634
2018-04-20,31314,31250.025233966204
2018-04-23,31164,31361.783464596447
2018-04-24,31262,31512.453080964395
2018-04-25,31301,31494.603272441786
2018-04-26,31158,31306.55761206227
2018-04-27,31129,31286.02617366393
2018-04-30,30947,31398.359203962405
2018-05-01,30874,31328.715190535786
2018-05-02,30926,31271.96128763987
2018-05-03,31003,31174.2662627765
2018-05-04,31068,31027.51118985172
2018-05-07,31247,31010.03822767298
2018-05-08,31200,31075.841246899065
2018-05-09,31303,31102.700172663735
2018-05-10,31352,31244.724240791238
2018-05-11,31500,31285.523754510974
2018-05-14,31496,31311.45042674495
2018-05-15,31186,31368.1695404744
2018-05-16,31007,31463.622431524178
2018-05-17,30986,31598.163130086432
2018-05-18,31093,31457.125756203197
2018-05-21,31114,31214.915621976237
2018-05-22,31111,31105.070283130844
2018-05-23,31186,31156.828100281717
2018-05-24,31461,31223.834183138093
2018-05-25,31194,31222.43368926778
2018-05-28,30971,31181.492636889463
2018-05-29,31184,31413.79323501154
2018-05-30,31030,31457.749299668365
2018-05-31,30882,31133.200629347273
2018-06-01,30568,31183.098991902763
2018-06-04,30708,31226.819799472793
2018-06-05,30699,31127.932382375497
2018-06-06,30755,30848.818317811856
2018-06-07,31055,30775.228888604055
2018-06-08,31076,30847.13159981254
2018-06-11,31035,30795.4716728844
2018-06-12,30952,30984.412838865184
2018-06-13,30952,31142.957709733066
2018-06-14,31145,31132.423867377256
2018-06-15,30804,31077.8422419364
2018-06-18,30773,30985.71143069679
2018-06-19,30702,31175.86227982411
2018-06-20,30605,31086.9951704671
2018-06-21,30451,30901.072531447084
2018-06-22,30498,30869.52528349197
2018-06-25,30540,30808.863548645062
2018-06-26,30480,30660.908429112576
2018-06-27,30606,30595.005363221717
2018-06-28,30431,30661.8615982521
2018-06-29,30363,30597.25149512299
2018-07-02,30153,30664.501100598427
2018-07-03,30469,30628.7266541648
2018-07-04,30510,30554.526159540674
2018-07-05,30541,30340.901772856017
2018-07-06,30582,30409.227142817916
2018-07-09,30638,30595.189111187963
2018-07-10,30551,30610.403448122313
2018-07-11,30344,30631.29751618205
2018-07-12,30175,30687.90714719767
2018-07-13,30131,30701.629204758236
2018-07-16,30103,30574.152456110554
2018-07-17,29757,30391.31614695349
2018-07-18,29799,30273.90341035747
2018-07-19,29913,30313.73413725172
2018-07-20,29957,30093.58255934175
2018-07-23,29914,29910.949435603812
2018-07-24,29912,29987.46702621947
2018-07-25,29959,30063.47028709469
2018-07-26,29836,30050.294129483176
2018-07-27,29805,30003.49061414115
2018-07-30,29755,30051.818654518218
2018-07-31,29638,30005.660637342116
2018-08-01,29462,29930.06353419299
2018-08-02,29520,29907.40986274542
2018-08-03,29800,29855.123992341305
2018-08-06,29563,29697.266579399635
2018-08-07,29534,29568.02557536298
2018-08-08,29544,29807.388107986815
2018-08-09,29605,29810.559142562735
2018-08-10,29706,29658.324486513695
2018-08-13,29665,29650.18443012615
2018-08-14,29664,29663.781198250523
2018-08-16,29275,29759.24147955822
2018-08-17,29275,29764.643285056027
2018-08-20,29435,29823.768481553612
2018-08-21,29542,29609.56036285965
2018-08-22,29627,29384.470366340804
2018-08-23,29576,29474.152766390216
2018-08-24,29882,29591.34206842365
2018-08-27,29973,29711.813155165488
2018-08-28,29981,29657.86250375796
2018-08-29,30144,29782.862487823975
2018-08-30,30131,30000.77610675883
2018-08-31,30116,30012.145376642795
2018-09-03,30327,30120.089652616654
2018-09-04,30221,30221.86459728093
2018-09-05,30310,30158.658468974172
2018-09-06,30565,30309.873573578057
2018-09-07,30509,30364.656611826143
2018-09-10,30725,30301.30936422026
2018-09-11,30732,30527.88614237149
2018-09-12,30664,30582.858183897097
2018-09-13,30470,30666.918899525244
2018-09-14,30453,30795.105050610706
2018-09-17,30778,30800.163154580925
2018-09-18,30811,30684.290702359725
2018-09-19,30649,30520.31471750064
2018-09-20,30623,30694.672361952278
2018-09-21,30609,30911.85472995881
2018-09-24,30862,30828.655798292588
2018-09-25,30838,30748.393139066582
2018-09-26,30608,30679.106160261952
2018-09-27,30356,30809.077917183276
2018-09-28,30479,30962.607896029986
2018-10-01,30614,30873.679574079702
2018-10-03,31025,30595.779629823104
2018-10-04,31136,30540.738363894732
2018-10-05,31233,30608.295353741174
2018-10-08,31096,30885.668096575173
2018-10-09,31161,31124.38211811467
2018-10-10,31247,31250.960078459244
2018-10-11,31793,31213.397098892103
2018-10-12,31670,31200.895078396592
2018-10-15,31877,31182.137170830807
2018-10-16,31701,31586.663511058137
2018-10-17,31702,31749.746359235025
2018-10-18,31885,31828.27872151946
2018-10-19,31737,31861.034857539747
2018-10-22,31729,31725.334227419877
2018-10-23,31871,31882.592182507397
2018-10-24,31723,31912.098291378672
2018-10-25,31683,31795.47169200069
2018-10-26,31764,31908.563907348675
2018-10-29,31730,31911.47514122985
2018-10-30,31725,31785.905720803545
2018-10-31,31631,31827.045480463807
2018-11-01,31783,31846.509453882572
2018-11-02,31737,31848.420877334167
2018-11-05,31783,31758.87553444608
2018-11-06,31657,31810.363793504734
2018-11-07,31602,31845.318472351184
2018-11-08,31408,31864.670820385592
2018-11-09,31023,31820.016174287914
2018-11-12,31014,31740.540925094603
2018-11-13,30778,31687.73035707864
2018-11-14,30838,31356.60322250836
2018-11-15,30831,31213.65312374208
2018-11-16,31017,31066.753749048272
2018-11-19,30888,30979.03826932923
2018-11-20,30830,30952.141765756704
2018-11-21,30839,31060.0840605373
2018-11-22,30613,31080.03374188247
2018-11-23,30513,30948.202705181997
2018-11-26,30574,30970.01531877709
2018-11-27,30423,30869.60949801207
2018-11-28,30457,30675.477234076832
2018-11-29,30253,30700.8757440302
2018-11-30,30186,30625.861536420158
2018-12-03,30787,30595.5061472594
2018-12-04,30964,30544.58669571273
2018-12-05,30926,30275.612967556357
2018-12-06,31005,30545.214739740106
2018-12-07,31440,30962.796451592083
2018-12-10,31895,31013.747853377034
2018-12-11,31812,30971.96257958831
2018-12-12,31626,31171.945506084507
2018-12-13,31414,31668.600255013072
2018-12-14,31437,31881.176593908283
2018-12-17,31501,31787.111871966285
2018-12-18,31075,31593.423539627103
2018-12-19,31139,31482.139723851447
2018-12-20,31219,31645.33991462464
2018-12-21,31126,31432.52919192174
2018-12-24,31375,31226.146852502043
2018-12-26,31463,31345.97744865508
2018-12-27,31611,31269.798095699553
2018-12-28,31506,31342.59598368477
2018-12-31,31489,31482.62171698858
2019-01-01,31560,31619.321809676345
2019-01-02,31934,31637.488307482006
2019-01-03,31939,31583.159353386895
2019-01-04,31679,31548.803822872753
2019-01-07,31652,31789.22305137542
2019-01-08,31736,32042.024992829905
2019-01-09,31993,31897.251683658484
2019-01-10,31878,31754.60359684383
2019-01-11,31924,31742.85863703916
2019-01-14,32130,31964.406438017955
2019-01-15,32169,32032.959784582035
2019-01-16,32272,31953.615944931636
2019-01-17,32253,32097.973363717123
2019-01-18,32089,32200.293511521384
2019-01-21,32039,32271.462766812794
2019-01-22,32154,32353.167889171313
2019-01-23,32135,32271.719053373414
2019-01-24,32016,32139.573257945347
2019-01-25,32339,32189.69067704892
2019-01-28,32536,32286.77881727158
2019-01-29,32891,32146.32268128471
2019-01-30,32903,32249.566171344653
2019-01-31,33100,32454.88017143604
2019-02-01,33405,32752.562795362963
2019-02-04,33455,32915.669487657615
2019-02-05,33381,32970.381986231856
2019-02-06,33222,33244.9031210996
2019-02-07,33056,33444.44521057306
2019-02-08,33125,33462.26088220422
2019-02-11,32931,33391.36116175196
2019-02-12,32747,33209.09216302964
2019-02-13,32909,33208.73534892138
2019-02-14,32970,33193.349318725595
2019-02-15,33263,32954.60250914252
2019-02-18,33463,32958.41727734243
2019-02-19,33753,33022.19320461821
2019-02-20,33719,33178.06149051858
2019-02-21,33302,33371.294840477414
2019-02-22,33369,33611.15184411566
2019-02-25,33159,33828.595710124704
2019-02-26,33228,33546.39437394639
2019-02-27,33171,33440.01081386335
2019-02-28,32902,33366.01663825979
2019-03-01,32533,33298.35719828876
2019-03-04,32505,33345.83629967617
2019-03-05,32015,33231.0408698718
2019-03-06,31954,32851.08956597441
2019-03-07,31946,32744.80061205731
2019-03-08,32174,32467.30597509009
2019-03-11,31915,32181.025109451883
2019-03-12,32015,32085.865098173363
2019-03-13,32225,32251.79206702808
2019-03-14,31832,32188.405608078443
2019-03-15,31853,32019.275776571027
2019-03-18,31685,32277.257341420885
2019-03-19,31985,32130.991029844867
2019-03-20,31740,31987.499544427967
2019-03-21,31842,31842.84097711686
2019-03-22,32155,31983.436539809776
2019-03-25,32223,31993.25709524583
2019-03-26,32113,31849.03166843557
2019-03-27,32019,32067.493327766024
2019-03-28,31624,32271.984668752204
2019-03-29,31703,32230.3428356371
2019-04-01,31570,32212.003260419442
2019-04-02,31535,31927.304150615706
2019-04-03,31450,31801.82328735633
2019-04-04,31503,31787.510629810487
2019-04-05,31566,31713.534092864036
2019-04-08,32076,31635.247185052773
2019-04-09,32098,31627.069473161504
2019-04-10,32174,31575.30245122066
2019-04-11,31663,31886.619217115523
2019-04-12,31760,32110.378253011153
2019-04-15,31760,32259.18738977521
2019-04-16,31474,31994.105492196326
2019-04-17,31410,31779.18078201132
2019-04-18,31403,31917.176580601088
2019-04-22,31531,31766.416837338988
2019-04-23,31525,31595.853765220116
2019-04-24,31759,31535.23740367471
2019-04-25,31843,31610.055332995627
2019-04-26,31868,31613.138615483498
2019-04-30,31625,31718.348534927616
2019-05-01,31563,31862.78784197422
2019-05-02,31203,31955.614082200114
2019-05-03,31341,31824.12712885408
2019-05-06,31578,31755.90402235093
2019-05-07,31739,31519.85890071249
2019-05-08,31697,31377.360342389915
2019-05-09,31926,31560.246050607304
2019-05-10,31917,31780.847179979595
2019-05-13,32499,31772.615412812527
2019-05-14,32248,31907.018779841113
2019-05-15,32261,31884.939082290915
2019-05-16,31985,32262.273735471692
2019-05-17,31809,32412.430872401113
2019-05-20,31566,32330.697917316607
2019-05-21,31442,32228.804393370174
2019-05-22,31452,32040.167630566993
2019-05-23,31696,31857.964501628743
2019-05-24,31554,31681.647294165094
2019-05-27,31630,31570.008991012517
2019-05-28,31569,31735.65713834358
2019-05-29,31760,31744.010927649913
2019-05-30,31831,31714.943466837372
2019-05-31,32131,31681.965462922344
2019-06-03,32405,31755.01619691553
2019-06-04,32465,31849.34853020911
2019-06-05,32607,31998.888812595455
2019-06-06,32734,32308.69713749358
2019-06-07,32867,32453.279356120027
2019-06-10,32611,32547.989287035747
2019-06-11,32576,32663.28006805231
2019-06-12,32685,32869.20181994687
2019-06-13,32884,32816.64409278943
2019-06-14,32984,32666.720589800985
2019-06-17,32961,32697.733291101773
2019-06-18,32939,32850.19084314754
2019-06-19,32976,33011.53801143807
2019-06-20,33838,33051.23727261154
2019-06-21,33960,33068.82556922581
2019-06-24,34214,32906.1888062868
2019-06-25,34300,33415.096141580776
2019-06-26,34135,33883.90185642668
2019-06-27,33931,34040.29873948892
2019-06-28,33947,34257.10116330627
2019-07-01,33348,34261.07737739504
2019-07-02,33779,34042.55561597178
2019-07-03,34077,34131.06257860084
2019-07-04,34023,33751.66858873461
2019-07-05,34370,33626.1909054871
2019-07-08,34535,34069.67166234057
2019-07-09,34533,34096.336330603335
2019-07-10,34765,34212.07671314862
2019-07-11,34612,34499.18849804189
2019-07-12,34812,34514.53472374389
2019-07-15,34792,34692.98381897999
2019-07-16,34738,34703.741571417755
2019-07-17,35039,34747.50398673661
2019-07-18,35117,34886.108143240366
2019-07-19,35033,34790.23880488075
2019-07-22,35143,34922.64502181468
2019-07-23,35030,35152.68626317744
2019-07-24,35036,35108.41776862993
2019-07-25,34850,35155.271893045116
2019-07-26,34815,35147.47195736494
2019-07-29,34788,35130.88441767733
2019-07-30,34737,35043.96426941836
2019-07-31,34714,34936.73949862115
2019-08-01,35134,34919.1130044998
2019-08-02,35705,34901.54154584085
2019-08-05,36711,34803.27376698554
2019-08-06,37182,34964.51696788626
2019-08-07,37899,35316.17966557191
2019-08-08,37311,36106.41712888067
2019-08-09,37558,36691.68395183525
2019-08-12,37812,37294.90928962596
2019-08-13,37268,37278.90466977435
2019-08-14,37688,37257.11649738523
2019-08-16,37487,37666.36168078531
2019-08-19,37484,37501.90323356549
2019-08-20,37640,37532.85553501513
2019-08-21,37598,37682.63945736251
2019-08-22,37779,37529.71095336684
2019-08-23,38357,37639.76948864615
2019-08-26,38415,37694.59656716081
2019-08-27,38644,37650.83797869321
2019-08-28,38772,38073.75698459661
2019-08-29,38426,38362.50045238015
2019-08-30,38300,38458.123102561025
2019-09-02,38708,38648.93456413582
2019-09-03,39314,38570.9379668911
2019-09-04,39337,38372.16585344318
2019-09-05,38504,38440.79082038224
2019-09-06,38551,38954.43304562298
2019-09-09,38459,39236.887608522804
2019-09-10,38248,38874.580658525054
2019-09-11,37965,38579.830553953594
2019-09-12,37747,38618.728651794605
2019-09-13,37517,38497.953618983265
2019-09-16,38161,38268.5436361436
2019-09-17,37995,38087.38457186655
2019-09-18,37837,37686.88610320907
2019-09-19,37672,37944.62707215588
2019-09-20,37669,38197.00190154334
2019-09-23,37905,38014.44787568058
2019-09-24,38091,37853.34083918321
2019-09-25,37571,37728.37200265507
2019-09-26,37773,37795.347832997104
2019-09-27,37706,38143.55090442025
2019-09-30,36873,37889.451957458725
2019-10-01,37377,37692.80639847364
2019-10-03,38012,37969.045579922524
2019-10-04,38002,37390.639485796906
2019-10-07,37978,37121.07665198884
2019-10-08,38242,37772.849720166516
2019-10-09,38384,38076.253984660056
2019-10-10,38120,37974.411046769776
2019-10-11,37839,38076.585658423704
2019-10-14,38250,38338.06291384767
2019-10-15,38067,38291.135107529066
2019-10-16,38248,37967.084517391355
2019-10-17,38216,38136.01369935507
2019-10-18,38121,38213.44909953335
2019-10-21,37969,38207.36764026772
2019-10-22,38025,38304.6379591492
2019-10-23,38124,38259.83014506264
2019-10-24,38452,38116.51864377639
2019-10-25,38362,38073.896804480006
2019-10-27,38280,38095.13838527238
2019-10-28,38103,38340.6826667967
2019-10-29,38110,38460.27002925975
2019-10-30,38369,38391.58836978913
2019-10-31,38842,38269.485210459075
2019-11-01,38652,38162.88315775423
2019-11-04,38734,38215.428619993574
2019-11-05,38458,38665.36851081239
2019-11-06,38239,38756.61697082732
2019-11-07,37595,38734.19191908969
2019-11-08,37705,38642.82496378129
2019-11-11,37688,38523.24747907406
2019-11-12,37740,38039.547580758786
2019-11-13,38107,37793.093925460045
2019-11-14,38269,37869.61763633121
2019-11-15,38002,37794.61738057883
2019-11-18,38228,37963.855355642256
2019-11-19,38206,38292.71148584526
2019-11-20,38155,38147.4766473523
2019-11-21,37971,38133.60634120013
2019-11-22,37927,38259.06482443071
2019-11-25,37782,38253.073284299506
2019-11-26,37775,38133.63365896073
2019-11-27,37578,38055.15151683954
2019-11-28,37780,37946.7909177162
2019-11-29,37961,37917.77157874985
2019-12-02,37915,37772.680320805914
2019-12-03,38267,37737.933520211474
2019-12-04,38188,37973.87370465137
2019-12-05,38095,37943.18557584464
2019-12-06,37748,38122.62389971939
2019-12-09,37638,38259.622774849064
2019-12-10,37604,38223.61835514783
2019-12-11,37693,38010.814989629405
2019-12-12,37559,37797.23615340793
2019-12-13,37776,37712.58647738851
2019-12-16,37873,37786.84491686368
2019-12-17,37961,37711.302364080795
2019-12-18,37932,37735.63417980659
2019-12-19,38110,37877.1669048603
2019-12-20,38002,37976.15105244561
2019-12-23,38231,37957.91867287754
2019-12-24,38624,38082.76027336522
2019-12-26,38767,38094.49453086645
2019-12-27,38978,38093.815829868996
2019-12-30,38823,38432.53650251592
2019-12-31,38999,38658.738893632515
2020-01-01,38938,38889.533543348945
2020-01-02,39220,38876.061799764444
2020-01-03,39925,38935.63201829489
2020-01-06,40448,38994.34003336443
2020-01-07,40635,39015.40405248658
2020-01-08,40078,39422.96313117329
2020-01-09,39806,39991.48020436998
2020-01-10,39849,40311.125073921445
2020-01-13,39541,40155.43219366857
2020-01-14,39443,39922.150901765934
2020-01-15,39598,39917.32342701367
2020-01-16,39676,39824.09500876518
2020-01-17,39920,39591.599732052215
2020-01-20,39927,39636.84282222394
2020-01-21,39892,39695.581076996335
2020-01-22,39893,39843.560984970325
2020-01-23,40255,39968.31761727914
2020-01-24,40322,39962.01269916431
2020-01-27,40557,39872.97868073313
2020-01-28,40200,40088.88254755891
2020-01-29,40321,40250.863277075405
2020-01-30,40897,40445.81256095376
2020-01-31,41012,40369.00029250268
2020-02-01,41099,40192.04382922696
2020-02-03,40633,40542.1254534975
2020-02-04,40056,40835.609905051075
2020-02-05,40213,40972.875210576756
2020-02-06,40287,40864.71596671424
2020-02-07,40563,40406.13412635399
2020-02-10,40607,40226.87349050527
2020-02-11,40353,40321.808438224405
2020-02-12,40427,40483.197551768615
2020-02-13,40580,40684.86742339061
2020-02-14,40879,40539.541322003985
2020-02-17,40686,40424.89934350457
2020-02-18,41311,40483.96961168341
2020-02-19,41463,40793.64575713217
2020-02-20,41886,40712.6214202642
2020-02-21,42511,40909.92717248212
2020-02-24,43456,41279.17252424145
2020-02-25,42675,41701.867683584234
2020-02-26,42349,41907.62588887343
2020-02-27,42193,42708.15661368013
2020-02-28,41763,42526.27836451987
2020-03-02,42017,42310.75846256913
2020-03-03,43100,42304.50519817389
2020-03-04,43235,42235.87284438145
2020-03-05,43874,41964.9937094913
2020-03-06,44098,42857.09660420904
2020-03-09,44308,43109.13929470074
2020-03-10,43694,43525.72312340683
2020-03-11,43334,43626.41396758814
2020-03-12,42217,43859.86943079603
2020-03-13,40382,43472.187980943425
2020-03-16,39548,43072.27688287234
2020-03-17,40279,42218.787496666875
2020-03-18,39764,41412.685848249246
2020-03-19,39889,40204.68244478618
2020-03-20,40419,40331.41429033916
2020-03-23,41317,40398.4677013901
2020-03-24,41873,40029.57920379559
2020-03-25,42713,40191.058313849375
2020-03-26,43631,40691.135356299244
2020-03-27,43590,41327.923010431725
2020-03-30,43883,41897.82301201004
2020-03-31,43225,42895.36379211904
2020-04-01,43578,42971.55885491457
2020-04-03,44298,43437.61134553237
2020-04-07,45043,43334.35112434107
2020-04-08,44944,43610.23828832111
2020-04-09,45279,43973.92647110416
2020-04-13,46270,44624.101760175516
2020-04-15,46696,44905.14422748229
2020-04-16,47203,45115.52122299647
2020-04-17,45855,45779.272020337274
2020-04-20,45724,45908.10120362479
2020-04-21,45383,46525.63182037474
2020-04-22,46189,45948.721190968296
2020-04-23,46475,45993.219219178616
2020-04-24,46550,45709.07857666937
2020-04-27,46353,46094.246437394315
2020-04-28,46188,46305.489724943145
2020-04-29,45439,46416.5840949043
2020-04-30,44647,46211.154708773654
2020-05-01,45251,46020.470521757205
2020-05-04,45762,45803.0374876067
2020-05-05,45539,45298.65914185481
2020-05-06,45387,45212.27700634805
2020-05-07,46147,45646.577909205116
2020-05-08,45820,45744.32585545525
2020-05-11,45785,45480.886263875305
2020-05-12,45635,45863.14963406507
2020-05-13,45983,45738.327768441006
2020-05-14,46631,45814.25027205384
2020-05-15,47352,45828.07776475513
2020-05-18,46652,46065.045377917886
2020-05-19,47036,46240.4744900618
2020-05-20,47129,46905.12023440937
2020-05-21,46417,46675.200916030066
2020-05-22,47057,46717.1127988027
2020-05-25,46953,47015.27962850655
2020-05-26,46393,46610.85219846422
2020-05-27,46647,46818.657281773994
2020-05-28,46474,46945.43751941203
2020-05-29,46858,46612.93226795735
2020-06-01,47018,46741.89793059539
2020-06-02,46796,46632.99186630981
2020-06-03,46203,46755.75092112354
2020-06-04,46781,46785.0571023444
2020-06-05,46346,46896.31176643405
2020-06-08,46110,46404.736438311586
2020-06-09,46595,46623.98353898917
2020-06-10,46629,46552.655294025346
2020-06-11,47405,46345.35902363794
2020-06-12,47325,46684.666532775715
2020-06-15,46999,46630.23505552295
2020-06-16,47534,47013.207548936996
2020-06-17,47320,47212.431272456015
2020-06-18,47328,47001.22831943277
2020-06-19,47907,47283.78816912629
2020-06-22,47912,47354.69067769015
2020-06-23,48186,47334.55411677037
2020-06-24,48105,47710.45249512314
2020-06-25,47952,47772.29368474305
2020-06-26,48363,47947.29013072174
2020-06-29,48194,48055.03868757339
2020-06-30,48861,47934.669504871825
2020-07-01,48400,48290.34998753785
2020-07-02,48437,48109.179471161005
2020-07-03,48336,48559.733010329495
2020-07-06,48247,48384.975066803156
2020-07-07,48796,48398.87056693352
2020-07-08,49160,48444.547447465644
2020-07-09,48896,48396.638308959584
2020-07-10,48883,48596.86953768597
2020-07-13,49180,48891.838808411376
2020-07-14,49277,48903.690753500836
2020-07-15,49182,48869.48271726322
2020-07-16,48811,49002.57673447938
2020-07-17,49001,49055.107772510884
2020-07-20,49067,49138.29787259415
2020-07-21,49559,48953.30286180423
2020-07-22,50115,49092.61791282503
2020-07-23,50762,49168.89398791757
2020-07-24,51120,49508.445380974554
2020-07-27,52227,49876.556529490525
2020-07-28,52731,50500.10913162294
2020-07-29,53207,50801.58741329885
2020-07-30,52986,51560.21990744231
2020-07-31,53582,51987.284169432096
2020-08-03,53927,52610.503061028096
2020-08-04,54784,52697.52448714355
2020-08-05,55597,53246.09538903028
2020-08-06,56117,53648.00683105863
2020-08-07,55018,54280.193004012195
2020-08-10,55243,54689.25722715187
2020-08-11,52144,55381.73067300456
2020-08-12,52505,54408.53113040823
2020-08-13,53148,54924.48601961582
2020-08-14,52451,53374.46111045644
2020-08-17,53435,52968.82063693399
2020-08-18,53738,53439.551840246815
2020-08-19,52824,53037.47208084815
2020-08-20,52302,53217.32835259702
2020-08-21,52045,53378.47505479313
2020-08-24,51385,52939.64690665245
2020-08-25,50936,52403.554740606894
2020-08-26,51619,52164.56652482912
2020-08-27,50507,51917.03031873118
2020-08-28,51050,51249.81732545503
2020-08-31,51099,51715.88954474018
2020-09-01,51017,51054.74875655258
2020-09-02,50577,51131.67495620628
2020-09-03,50768,51034.474328440454
2020-09-04,50728,51068.948062322386
2020-09-07,51149,50761.67469544126
2020-09-08,51433,50867.005191720484
2020-09-09,51486,50841.53988083296
2020-09-10,51832,51020.27068923213
2020-09-11,51393,51295.37521170812
2020-09-14,51759,51267.89689688708
2020-09-15,51818,51604.967829482426
2020-09-16,51876,51403.57230653779
2020-09-17,51498,51600.24048520628
2020-09-18,51764,51607.9950117844
2020-09-21,50512,51792.404314657484
2020-09-22,50454,51363.296699941115
2020-09-23,49576,51606.91640757455
2020-09-24,49959,50799.481676453404
2020-09-25,49539,50773.37812410666
2020-09-28,49928,50080.53084553241
2020-09-29,50607,50235.990553548996
2020-09-30,50232,50025.095144636034
2020-10-01,50345,49982.42136235135
2020-10-05,50809,50383.27811088942
2020-10-06,50617,50307.46444495644
2020-10-07,50133,50261.85901336181
2020-10-08,50239,50437.090532277536
2020-10-09,50872,50506.89993652757
2020-10-12,51166,50372.05895987724
2020-10-13,50306,50365.5114460936
2020-10-14,50614,50514.16355812078
2020-10-15,50775,50912.969948418395
2020-10-16,50605,50536.605868865016
2020-10-19,50751,50571.738216318954
2020-10-20,50937,50690.40543597341
2020-10-21,51313,50653.40724918682
2020-10-22,50741,50783.44451200142
2020-10-23,50820,50760.24883754048
2020-10-26,50953,51074.18594517818
2020-10-27,50984,50836.02797562076
2020-10-28,50483,50838.76214994958
2020-10-29,50276,50803.388671271074
2020-10-30,50641,50865.76501997561
2020-11-02,51032,50708.91851523377
2020-11-03,51509,50563.395924319375
2020-11-04,50829,50731.935947839316
2020-11-05,51901,50770.814182316855
2020-11-06,52190,51372.88400081207
2020-11-09,49795,51027.12368117169
2020-11-10,50561,51080.52981325831
2020-11-11,50230,51771.50021053309
2020-11-12,50652,50471.15215828714
2020-11-13,50956,50735.524345565485
2020-11-14,50945,50527.21528757009
2020-11-16,50870,50691.666306195395
2020-11-17,50806,50845.006883299575
2020-11-18,50377,50894.455923717745
2020-11-19,50063,50765.79240930796
2020-11-20,50279,50672.44801182154
2020-11-23,49555,50540.2205296502
2020-11-24,48683,50158.004562156115
2020-11-25,48568,50140.32500070593
2020-11-26,48597,49827.88445613971
2020-11-27,48189,49261.86428109455
2020-11-30,47898,48916.93424516133
2020-12-01,48641,48796.58858190467
2020-12-02,48959,48670.65164541442
2020-12-03,49061,48368.880770237825
2020-12-04,49322,48627.2635661294
2020-12-07,49923,48847.25401259909
2020-12-08,50049,49032.258603146634
2020-12-09,49256,49164.434351209115
2020-12-10,49081,49387.98208885188
2020-12-11,49306,49639.73407893226
2020-12-14,48916,49378.49449368001
2020-12-15,49416,49151.125892215845
2020-12-16,49544,49365.80316789322
2020-12-17,50263,49147.79029064362
2020-12-18,50100,49496.40044921791
2020-12-21,50146,49490.18651141212
2020-12-22,49768,49931.18066249174
2020-12-23,49909,49861.424793745784
2020-12-24,49787,50001.47670088912
2020-12-28,49761,49791.38717671025
2020-12-29,49722,49853.19331827682
2020-12-30,49881,49813.29818860419
2020-12-31,50081,49838.63694683727
2021-01-01,50081,49833.73575083885
2021-01-04,51349,49872.620088591786
2021-01-05,51456,50219.15401685161
2021-01-06,50545,50117.192461858824
2021-01-07,50918,50642.61423475945
2021-01-08,49035,51061.63510777334
2021-01-11,49386,50313.60467443018
2021-01-12,49098,50731.12968116964
2021-01-13,49354,49658.815268867
2021-01-14,49238,49712.48858152777
2021-01-15,48745,49429.80791695337
2021-01-18,48918,49445.08830149268
2021-01-19,49011,49420.17482441864
2021-01-20,49528,49077.754827573524
2021-01-21,49418,49135.00989053008
2021-01-22,49131,49033.34560936713
2021-01-25,49144,49290.688501443416
2021-01-27,48879,49333.469018873555
2021-01-28,48672,49153.00909100017
2021-01-29,49111,49109.50297703812
2021-02-01,48424,49055.21373957347
2021-02-02,47752,48743.407513721555
2021-02-03,47703,48895.01997812436
2021-02-04,46695,48636.283003142235
2021-02-05,46978,48006.64287752888
2021-02-08,47726,47988.10512498595
2021-02-09,47818,47462.35426325177
2021-02-10,47863,47128.75638439037
2021-02-11,47377,47666.714670694506
2021-02-12,47169,47690.35138072704
2021-02-15,47118,47737.95495217638
2021-02-16,46777,47482.25885053933
2021-02-17,46134,47250.92593748139
2021-02-18,46046,47082.68880399001
2021-02-19,46095,46956.86511390224
2021-02-22,46782,46583.259091690554
2021-02-23,46632,46476.00728301707
2021-02-24,46369,46194.63070782444
2021-02-25,46085,46617.28077429318
2021-02-26,45569,46573.87719863357
2021-03-01,45021,46371.290393420015
2021-03-02,45224,46118.604357130695
2021-03-03,44721,45859.98670986107
2021-03-04,44581,45282.019649300855
2021-03-05,44442,45283.159228650795
2021-03-08,44233,44977.826050184485
2021-03-09,44844,44666.569759442726
2021-03-10,44774,44641.05990521487
2021-03-11,44876,44432.44770935464
2021-03-12,44737,44723.43308776969
2021-03-15,44906,44770.46841208236
2021-03-16,44820,44886.61170436959
2021-03-17,44848,44772.61283547749
2021-03-18,44942,44869.295604652245
2021-03-19,45008,44859.32257578591
2021-03-22,44885,44886.796621430934
2021-03-23,44636,44924.67647469006
2021-03-24,44841,44946.46597491789
2021-03-25,44726,44959.01257588304
2021-03-26,44629,44759.28168268472
2021-03-29,43754,44806.1901979714
2021-03-30,43941,44659.49430538169
2021-03-31,44418,44695.44321316542
2021-04-01,44957,44329.02126453058
2021-04-05,44985,43918.35475715541
2021-04-06,45685,44128.5732306636
2021-04-07,46128,44809.50567497264
2021-04-08,46576,44895.332096709404
2021-04-09,46344,45410.08795046998
2021-04-12,46188,45700.6208782504
2021-04-13,46674,46073.28379180762
2021-04-14,46317,46218.88730938592
2021-04-15,46881,46088.774057463444
2021-04-16,47022,46525.258684381275
2021-04-19,47084,46394.64579064306
2021-04-20,47498,46722.00706645742
2021-04-21,47892,46949.88372360258
2021-04-22,47426,47078.852265247086
2021-04-23,47169,47201.562900012505
2021-04-26,47117,47508.571990607496
2021-04-27,46960,47397.973330666864
2021-04-28,46697,47230.23522869276
2021-04-29,46400,47150.260229892985
2021-04-30,46431,47032.30649024153
2021-05-03,46963,46909.48509835377
2021-05-04,46782,46793.34799736254
2021-05-05,46591,46520.55100478198
2021-05-06,47536,46847.24284311105
2021-05-07,47719,46988.48343678609
2021-05-10,47925,46780.90030311125
2021-05-11,47625,47279.44207253528
2021-05-12,47491,47412.68438417573
2021-05-13,47452,47634.6739783066
2021-05-14,47682,47563.660915439774
2021-05-17,48437,47554.59222795254
2021-05-18,48288,47631.97205049011
2021-05-19,48660,47651.56700049937
2021-05-20,48519,48202.974947739305
2021-05-21,48368,48177.158309188206
2021-05-24,48514,48406.23711910905
2021-05-25,48780,48432.41319297581
2021-05-26,48728,48414.598572776646
2021-05-27,48561,48458.24934342205
2021-05-28,48543,48621.19941281277
2021-05-31,48807,48682.200850585636
2021-06-01,48935,48659.34018356635
2021-06-02,49108,48630.20781290703
2021-06-03,48293,48775.031374930615
2021-06-04,48650,48713.30881758941
2021-06-07,48911,49012.96801695772
2021-06-08,48908,48624.20395824969
2021-06-09,48904,48688.63225598769
2021-06-10,48975,48825.80428792547
2021-06-11,48717,48895.28983821898
2021-06-14,48318,48862.537639550435
2021-06-15,48230,48861.41260831966
2021-06-16,48279,48762.35467842533
2021-06-17,46781,48529.05159734114
2021-06-18,46592,48148.41113989556
2021-06-21,46904,48273.72720978391
2021-06-22,46838,47474.10821026331
2021-06-23,46921,46911.2435145418
2021-06-24,46701,47023.491590583304
2021-06-25,46757,47004.45635540542
2021-06-28,46821,47062.8447592697
2021-06-29,46438,46909.25246050495
2021-06-30,46817,46788.07202169062
2021-07-01,46985,46885.65118607815
2021-07-02,47286,46676.47199102173
2021-07-05,47567,46833.30538001699
2021-07-06,47694,46998.22827395931
2021-07-07,47887,47192.40622696817
2021-07-08,47735,47417.35676032292
2021-07-09,47898,47509.7290640641
2021-07-12,47768,47719.94572029059
2021-07-13,47887,47657.96401304126
2021-07-14,48265,47818.46882582913
2021-07-15,48358,47849.39696541225
2021-07-16,48040,47905.73871107174
2021-07-19,48069,48067.43479990945
2021-07-20,47861,48230.62529113248
2021-07-21,47584,48068.80038243414
2021-07-22,47624,48033.490648857995
2021-07-23,47521,47960.08573351337
2021-07-26,47455,47764.9963898496
2021-07-27,47551,47740.279818631105
2021-07-28,47535,47692.331170978774
2021-07-29,48210,47608.8671831111
2021-07-30,47901,47743.22726758621
2021-08-02,47937,47571.92168232844
2021-08-03,47854,47982.555359150974
2021-08-04,47872,47881.582552006876
2021-08-05,47959,47923.768096811924
2021-08-06,46682,47892.10576825917
2021-08-09,45949,47663.42626859262
2021-08-10,45936,47739.0993613702
2021-08-11,46351,47023.13938196045
2021-08-12,46335,46442.19633943695
2021-08-13,46886,46111.916481372566
2021-08-16,47138,46464.45280149848
2021-08-17,47206,46474.00482974478
2021-08-18,47069,46738.09784677851
2021-08-19,47119,46968.49067516017
2021-08-20,47110,47057.9085551601
2021-08-23,47511,47013.80937072056
2021-08-24,47532,47140.14849780365
2021-08-25,47108,47130.020277147014
2021-08-26,47163,47293.31890998253
2021-08-27,47416,47446.958967377985
2021-08-30,47049,47301.372518904696
2021-08-31,47060,47161.6975836273
2021-09-01,47093,47353.96507848984
2021-09-02,47048,47202.947468100196
2021-09-03,47342,47166.86326267627
2021-09-06,47450,47225.185279264486
2021-09-07,46989,47176.555978574965
2021-09-08,47072,47209.25204537955
2021-09-09,47021,47384.83305279635
2021-09-10,46858,47153.24598376999
2021-09-13,46946,47115.240921148696
2021-09-14,47267,47110.45199442802
2021-09-15,46949,47067.97498987492
2021-09-16,46120,46918.57994414227
2021-09-17,46025,47050.260826318845
2021-09-20,46297,46933.73002679764
2021-09-21,46641,46494.89162766842
2021-09-22,46682,46113.50229766254
2021-09-23,46083,46325.36574387965
2021-09-24,45995,46500.72816549911
2021-09-27,46064,46609.09419402212
2021-09-28,45819,46392.67668617738
2021-09-29,45550,46092.5176500352
2021-09-30,46221,46138.57080333505
2021-10-01,46315,46104.7285210325
2021-10-04,46618,45713.254501456235
2021-10-05,46459,45921.107939515256
2021-10-06,46781,46250.24189887138
2021-10-07,46737,46461.289099509464
2021-10-08,46922,46371.3596496536
2021-10-11,46941,46650.7622817545
2021-10-12,47097,46658.49664441146
2021-10-13,47753,46854.98609686927
2021-10-14,47748,47029.69579731772
2021-10-15,47106,47006.85737808861
2021-10-18,47186,47352.357862554796
2021-10-19,47196,47556.80759259382
2021-10-20,47380,47277.51225033179
2021-10-21,47314,47288.440852370026
2021-10-22,47668,47250.91006442597
2021-10-25,48030,47443.00686588258
2021-10-26,47680,47466.95698757008
2021-10-27,47804,47498.31185931137
2021-10-28,47777,47852.43734367098
2021-10-29,47502,47710.81552791884
2021-11-01,47692,47729.36337228223
2021-11-02,47683,47798.778699676324
2021-11-03,46961,47649.128298066345
2021-11-04,47559,47565.0727886454
2021-11-05,47959,47802.967042591525
2021-11-08,48025,47425.29876047314
2021-11-09,48263,47398.385448972826
2021-11-10,48857,47875.47314326159
2021-11-11,49208,48069.33865454227
2021-11-12,49277,48226.71984123923
2021-11-15,49269,48572.74383238569
2021-11-16,49038,48867.6998463432
2021-11-17,49262,48981.8762586819
2021-11-18,49047,49146.798075314764
2021-11-19,48829,49016.111804551074
2021-11-22,47963,49132.65537360488
2021-11-23,47460,48939.41694935989
2021-11-24,47469,48845.85118041354
2021-11-25,47444,48328.985647374575
2021-11-26,47610,47811.067552952394
2021-11-29,47613,47653.88246335251
2021-11-30,47439,47588.59176392776
2021-12-01,47525,47641.42256036141
2021-12-02,47307,47750.69507797506
2021-12-03,47425,47561.18450285976
2021-12-06,47787,47597.40441129398
2021-12-07,47922,47518.53984692439
2021-12-08,47900,47455.5026729256
2021-12-09,47802,47684.57979924446
2021-12-10,47993,47830.427245287734
2021-12-13,48106,47907.79783826648
2021-12-14,47895,47866.97459598214
2021-12-15,47900,47918.714747958176
2021-12-16,48407,48037.15416881975
2021-12-17,48467,48063.305497460635
2021-12-20,48130,47964.80024455443
2021-12-21,47933,48197.119265556204
2021-12-22,48026,48322.84723270992
2021-12-23,48012,48231.591235432876
2021-12-24,47982,48089.06210608324
2021-12-27,47933,48090.05435191541
2021-12-28,47888,48080.89186762175
2021-12-29,47673,48069.43797429986
2021-12-30,47746,48008.258747588014
2021-12-31,47994,48000.323942929535
2022-01-03,47473,47894.76841640578
2022-01-04,47763,47680.7954154873
2022-01-05,47974,48008.89008988879
2022-01-06,47499,47746.4897714189
2022-01-07,47481,47633.760877268476
2022-01-10,47471,47906.89289655113
2022-01-11,47694,47657.35383311184
2022-01-12,47802,47540.78695688739
2022-01-13,47759,47549.020775576326
2022-01-14,47803,47684.954787134535
2022-01-17,47908,47802.774909132444
2022-01-18,47926,47827.355787048196
2022-01-19,48368,47839.30363939352
2022-01-20,48372,47974.81584194621
2022-01-21,48243,47912.30982742257
2022-01-24,48537,48197.05961039045
2022-01-25,48836,48346.966636767764
2022-01-27,47974,48341.89417000913
2022-01-28,47652,48265.57745093198
2022-01-31,47840,48565.28191014718
2022-02-01,47966,48170.092024784106
2022-02-02,48049,47870.46194617018
2022-02-03,47884,47885.416260983104
2022-02-04,48081,48002.83731037306
2022-02-07,48168,48135.195586014066
2022-02-08,48345,48034.44834231308
2022-02-09,48575,48102.480197266894
2022-02-10,48867,48207.70055684805
2022-02-11,49024,48354.93757549897
2022-02-14,49827,48519.88103426117
2022-02-15,49332,48863.05390221927
2022-02-16,49546,48834.245676772494
2022-02-17,50277,49430.29751237043
2022-02-18,50034,49431.25243185188
2022-02-21,49998,49439.094911150605
2022-02-22,50186,49904.085325351676
2022-02-23,50226,49966.11062394371
2022-02-24,51403,49989.41298848789
2022-02-25,50039,50321.683115261825
2022-02-28,50530,49956.895174378566
2022-03-01,51565,50925.39466378122
2022-03-02,51133,50520.217014172784
2022-03-03,51569,50337.67403872909
2022-03-04,52274,51192.88629838097
2022-03-07,53461,51225.10543249505
2022-03-08,54146,51633.830317289394
2022-03-09,52724,52071.29992648304
2022-03-10,53183,52538.511091469714
2022-03-11,52828,53390.82741926025
2022-03-14,52238,52774.95439799151
2022-03-15,51522,52907.27364648218
2022-03-16,51105,52689.80521785627
2022-03-17,51597,52420.058297414565
2022-03-18,51383,52113.05770805503
2022-03-21,51546,51569.65796161967
2022-03-22,51219,51779.614556936234
2022-03-23,51580,51577.50913192203
2022-03-24,51841,51725.98858359175
2022-03-25,51687,51508.436374785466
2022-03-28,51442,51563.660657863016
2022-03-29,50730,51680.062245332585
2022-03-30,51042,51553.57243361549
2022-03-31,51633,51577.31801137755
2022-04-01,51264,51225.18760517108
2022-04-04,51229,51029.409656843265
2022-04-05,51619,51484.223346609615
2022-04-06,51433,51454.29320735998
2022-04-07,51681,51334.12806922851
2022-04-08,51854,51569.47978439134
2022-04-11,51985,51510.61697702556
2022-04-12,52656,51646.42171755939
2022-04-13,52871,51895.958957549075
2022-04-14,52793,51984.93873663395
2022-04-18,53104,52341.82769286819
2022-04-19,52603,52649.52398522826
2022-04-20,52499,52590.75976524536
2022-04-21,52356,52839.381064632194
2022-04-22,52250,52641.39605007141
2022-04-25,51462,52573.986447819705
2022-04-26,51655,52351.99932115155
2022-04-27,51357,52414.40385222633
2022-04-28,51391,51881.28232728817
2022-04-29,51809,51888.83224976524
2022-05-02,50831,51745.62795487111
2022-05-03,51022,51391.04467917248
2022-05-04,50836,51780.99105724333
2022-05-05,51653,51222.727106829065
2022-05-06,51381,51359.23663412535
2022-05-09,51026,50996.4925082677
2022-05-10,50662,51422.91257698737
2022-05-11,50862,51332.60339318148
2022-05-12,50249,51231.65276775098
2022-05-13,49944,50836.759389707986
2022-05-16,50291,50866.45946659865
2022-05-17,50237,50632.88647121906
2022-05-18,50235,50239.504327864626
2022-05-19,50579,50334.72874622835
2022-05-20,50842,50455.71043023236
2022-05-23,50934,50413.45668985768
2022-05-24,51146,50561.167126514185
2022-05-25,50815,50782.77754926593
2022-05-26,50858,50792.595157085074
2022-05-27,50961,50999.43845848076
2022-05-30,50908,50902.4776142187
2022-05-31,50924,50895.671120504616
2022-06-01,50504,50969.72298264698
2022-06-02,51078,50900.68671445885
2022-06-03,51287,51073.4020394395
2022-06-06,50871,50819.81405271291
2022-06-07,50929,50882.60336509811
2022-06-08,51036,51182.47846196646
2022-06-09,50971,51037.78836406109
2022-06-10,51645,51010.09404780867
2022-06-13,50682,51183.20198050096
2022-06-14,50251,50877.37380181977
2022-06-15,50433,51311.25945081051
2022-06-16,50945,50966.76433978413
2022-06-17,50824,50721.98208618066
2022-06-20,50748,50451.85696186744
2022-06-21,50775,50862.39176511399
2022-06-22,50898,50902.32620202208
2022-06-23,50608,50885.66357598455
2022-06-24,50614,50811.85409388197
2022-06-27,50681,50884.21718657975
2022-06-28,50824,50761.70881990121
2022-06-29,50836,50769.457459810474
2022-06-30,50719,50776.665063273824
2022-07-01,52227,50837.48522722965
2022-07-04,51808,51150.99057913345
2022-07-05,52238,50668.54676612924
2022-07-06,50581,51772.47447601416
2022-07-07,50691,51398.811035695486
2022-07-08,50832,51913.000266745454
2022-07-11,50709,51069.9894844786
2022-07-12,50532,50800.701152147085
2022-07-13,50849,50907.78134804341
2022-07-14,50323,50979.47346875794
2022-07-15,50212,50633.92143427367
2022-07-18,50457,50869.981097634634
2022-07-19,50395,50592.36774608659
2022-07-20,50309,50339.228785532956
2022-07-21,50427,50461.587705024605
2022-07-22,50720,50517.475468709345
2022-07-25,50567,50500.100913990675
2022-07-26,50612,50441.713744355766
2022-07-27,50722,50686.15609719319
2022-07-28,51274,50652.39879951839
2022-07-29,51365,50770.013502209404
2022-08-01,51260,50712.42020370469
2022-08-02,51274,51082.0354310371
2022-08-03,51216,51242.282300817715
2022-08-04,51802,51245.70275918143
2022-08-05,51641,51387.379989282694
2022-08-08,52183,51261.615280697784
2022-08-09,52383,51722.457885139636
2022-08-10,52184,51709.37853480091
2022-08-11,52246,51983.52122611009
2022-08-12,52456,52207.87437277636
2022-08-16,51821,52213.894003045134
2022-08-17,51563,52126.14673031855
2022-08-18,51642,52296.65665462115
2022-08-19,51517,52066.52786485685
2022-08-22,51217,51829.64266601344
2022-08-23,51458,51737.272367199614
2022-08-24,51480,51760.96296876211
2022-08-25,51628,51499.94191172459
2022-08-26,51242,51544.70794339341
2022-08-29,51181,51510.16177034248
2022-08-30,50701,51635.55987759404
2022-08-31,50520,51333.47357941582
2022-09-01,50169,51237.08482475402
2022-09-02,50313,50986.32462537667
2022-09-05,50604,50765.85858566355
2022-09-06,50354,50550.05534501258
2022-09-07,50570,50368.226663217894
2022-09-08,50429,50668.14328398366
2022-09-09,50592,50587.67864504356
2022-09-12,50696,50595.17147276792
2022-09-13,50233,50594.561395061086
2022-09-14,50101,50552.886672036264
2022-09-15,49394,50747.64999067024
2022-09-16,49451,50560.25551260574
2022-09-19,49361,50409.9705468978
2022-09-20,49218,49938.17319157928
2022-09-21,49428,49621.57140929136
2022-09-22,49955,49657.314416755355
2022-09-23,49382,49494.10573743282
2022-09-26,49110,49377.38714931515
2022-09-27,49160,49871.95394494796
2022-09-28,49726,49800.87009541602
2022-09-29,49902,49390.94811197834
2022-09-30,50029,49201.11282033072
2022-10-03,50245,49529.21441098608
2022-10-04,51127,49899.79700198029
2022-10-05,51361,50048.48954596691
2022-10-06,51711,50050.22659193003
2022-10-07,51716,50545.92594520779
2022-10-10,50871,50954.11867076479
2022-10-11,50874,51220.43147299006
2022-10-12,50713,51638.9784847723
2022-10-13,50615,51201.22722018341
2022-10-14,50067,50978.478312691805
2022-10-17,50231,50938.305327197224
2022-10-18,50192,50937.75625575117
2022-10-19,49981,50537.82541966583
2022-10-20,49938,50337.963462482876
2022-10-21,50361,50439.96772472849
2022-10-24,50319,50296.11660215844
2022-10-25,50353,50060.65655804781
2022-10-26,50411,50286.15037139508
2022-10-27,50450,50463.02842847375
2022-10-28,49956,50423.96893074142
2022-10-31,50070,50445.058370710496
2022-11-01,50250,50609.48238357391
2022-11-02,50414,50334.610889731
2022-11-03,49876,50125.369055168354
2022-11-04,50615,50247.83495514349
2022-11-07,50901,50579.97103587773
2022-11-08,51581,50205.68123224031
2022-11-09,51474,50324.79630750233
2022-11-10,52033,50735.9197073488
2022-11-11,52275,51265.8795702823
2022-11-14,52601,51394.887815317445
2022-11-15,52545,51608.63243841289
2022-11-16,52883,51901.86154598253
2022-11-17,52698,52238.56079548045
2022-11-18,52501,52286.23284691802
2022-11-21,52201,52658.25103785549
2022-11-22,52161,52630.34800830122
2022-11-23,52259,52640.28529633559
2022-11-24,52494,52479.28533515935
2022-11-25,52386,52330.37691447981
2022-11-28,52148,52324.88725601759
2022-11-29,52357,52512.81782151309
2022-11-30,52434,52578.97623763307
2022-12-01,53339,52372.953325804294
2022-12-02,53346,52407.276212361416
2022-12-05,53300,52321.28743466526
2022-12-06,53446,52971.009814462224
2022-12-07,53665,53237.62529872477
2022-12-08,53741,53316.81740072461
2022-12-09,53950,53405.99217929359
2022-12-12,53791,53602.30803952299
2022-12-13,54376,53671.52838696106
2022-12-14,54340,53974.353162872045
2022-12-15,53795,53890.54751975978
2022-12-16,53957,54119.247988783245
2022-12-19,53945,54284.17368456823
2022-12-20,54541,54028.744116259
2022-12-21,54684,54176.33824836294
2022-12-22,54066,54086.53963060449
2022-12-23,54104,54287.423574409615
2022-12-26,54230,54574.39538037255
2022-12-27,54546,54334.56752951895
2022-12-28,54324,54322.45446429531
2022-12-29,54642,54258.56953225298
2022-12-30,54779,54569.12323782295
2023-01-02,55016,54497.750608408445
2023-01-03,55380,54700.23923838183
2023-01-04,55688,54840.20962265061
2023-01-05,55071,55015.31242702731
2023-01-06,55628,55127.722107693364
2023-01-09,55792,55561.51939567101
2023-01-10,55642,55293.544977357175
2023-01-11,55641,55512.520535226926
2023-01-12,55801,55692.827912501874
2023-01-13,56224,55724.85763859996
2023-01-16,56414,55802.984851330424
2023-01-17,56306,55887.76752505413
2023-01-18,56220,56105.69394206402
2023-01-19,56443,56277.54277260031
2023-01-20,56569,56356.32259704718
2023-01-23,56705,56327.05309003936
2023-01-24,56881,56457.12586260845
2023-01-25,56865,56588.250032858225
2023-01-27,56789,56693.83456077119
2023-01-30,56754,56828.207693360346
2023-01-31,56864,56870.33365608144
2023-02-01,57599,56875.77686832448
2023-02-02,57710,56984.934506794554
2023-02-03,57424,56988.65161558342
2023-02-06,56926,57344.53547067608
2023-02-07,57175,57467.93630288652
2023-02-08,57128,57499.38050477539
2023-02-09,56797,57185.81374241636
2023-02-10,56711,57199.47679704514
2023-02-13,56486,57213.7124179431
2023-02-14,56679,57024.51282477832
2023-02-15,56151,56999.50363588924
2023-02-16,56229,56705.33888335599
2023-02-17,56232,56816.91123738222
2023-02-20,56202,56509.90626464341
2023-02-21,56157,56461.31176153077
2023-02-22,56060,56421.831686240206
2023-02-23,55630,56368.48398124881
2023-02-24,55535,56255.32472399922
2023-02-27,55447,56212.24729237938
2023-02-28,55714,55949.42063007328
2023-03-01,56047,55867.572794191474
2023-03-02,55915,55748.02843761754
2023-03-03,55879,55739.308130035686
2023-03-06,55752,56039.92512982741
2023-03-07,55077,55994.94421824015
2023-03-08,54955,55862.25514952051
2023-03-09,55272,55815.79909497041
2023-03-10,56101,55455.55253504443
2023-03-13,57539,55324.989036511884
2023-03-14,57417,55549.83565820451
2023-03-15,58263,55759.55430070572
2023-03-16,57942,57080.02643422439
2023-03-17,59231,57108.72219483296
2023-03-20,59424,57944.76110245958
2023-03-21,58520,57825.557451671906
2023-03-22,58684,58434.609409011544
2023-03-23,59436,58941.941232499084
2023-03-24,59226,58793.90499270086
2023-03-27,58496,58746.64339345474
2023-03-28,58986,59056.196526147716
2023-03-29,58997,59275.50291805437
2023-03-30,59389,58872.66121978614
2023-03-31,59314,59135.3575693849
2023-04-03,59600,59092.160443095745
2023-04-04,60435,59375.84394821473
2023-04-05,60366,59526.306143967224
2023-04-06,60276,59602.11315796407
2023-04-10,59867,60077.551659912344
2023-04-11,60281,60122.6064428611
2023-04-12,60404,60292.977846940536
2023-04-13,60987,60076.26859362009
2023-04-14,60145,60371.01099986231
2023-04-17,60051,60271.26727323498
2023-04-18,60331,60737.63593984459
2023-04-19,60172,60462.1079091443
2023-04-20,60389,60276.98468665159
2023-04-21,59810,60424.835042843035
2023-04-24,59928,60237.007334293296
2023-04-25,60123,60450.41403080311
2023-04-26,59849,60180.18634337878
2023-04-27,59913,60099.310051768145
2023-04-28,60057,60198.57882248629
2023-05-01,59979,60096.621018245096
2023-05-02,60787,60073.520192706295
2023-05-03,61073,60287.58211143594
2023-05-04,61683,60218.31168297796
2023-05-05,60799,60716.55882846365
2023-05-08,60916,60755.988044219775
2023-05-09,61359,61319.102721111485
2023-05-10,61207,61042.40533749037
2023-05-11,60886,60990.77917571614
2023-05-12,60843,61192.49423138102
2023-05-15,60987,61238.3942931558
2023-05-16,60280,61142.82800706124
2023-05-17,60189,60935.65809932753
2023-05-18,59758,61052.53066708105
2023-05-19,60389,60595.3132925298
2023-05-22,60271,60624.72389868587
2023-05-23,60220,60229.07038862627
2023-05-24,59918,60469.90084728281
2023-05-25,59493,60379.18982645235
2023-05-26,59430,60308.26177062615
2023-05-29,59358,60152.803553397396
2023-05-30,59845,59847.94571248579
2023-05-31,60252,59824.36359201573
2023-06-01,60033,59750.26451218454
2023-06-02,59656,59858.38035639432
2023-06-05,59805,60110.74678598375
2023-06-06,59902,60132.53851371806
2023-06-07,59511,59919.90771208368
2023-06-08,59809,59857.84256372064
2023-06-09,59777,60019.13351322761
2023-06-12,59595,59801.784119154596
2023-06-13,59222,59900.74259643571
2023-06-14,59249,59850.19679914641
2023-06-15,59249,59796.94522481655
2023-06-16,59249,59557.53071576264
2023-06-19,59043,59508.737358285485
2023-06-20,58721,59438.424617731
2023-06-21,58630,59384.61940446485
2023-06-22,58144,59286.99623005916
2023-06-23,58188,58988.753132061094
2023-06-26,58256,58887.39164232205
2023-06-27,58015,58542.76266082436
2023-06-28,57796,58311.4124595512
2023-06-29,57578,58355.937262501146
2023-06-30,58020,58202.297606450615
2023-07-03,58119,58106.96900534109
2023-07-04,58194,57866.973717642904
2023-07-05,58308,57952.20496282334
2023-07-06,58385,58252.31717806606
2023-07-07,58747,58295.07017949169
2023-07-10,58635,58401.42960307194
2023-07-11,58737,58383.984801843035
2023-07-12,59113,58704.90913996462
2023-07-13,59185,58776.42738796422
2023-07-14,59229,58812.01649515708
2023-07-17,59061,59073.61188315654
2023-07-18,59633,59156.44762359586
2023-07-19,59683,59363.537708197495
2023-07-20,59459,59254.35769604959
2023-07-21,59221,59500.80652087495
2023-07-24,59013,59617.337252667174
2023-07-25,59120,59555.5739828079
2023-07-26,59347,59457.23818531401
2023-07-27,58878,59329.90347750637
2023-07-28,59288,59172.937660200005
2023-07-31,59628,59495.09624309935
2023-08-01,59048,59285.58580138463
2023-08-02,59117,59206.14201967721
2023-08-03,59078,59600.743501754274
2023-08-04,59124,59312.61982789425
2023-08-07,59201,59216.58032375554
2023-08-08,58997,59288.57986595252
2023-08-09,58719,59273.167788272964
2023-08-10,58605,59341.44186440617
2023-08-11,58629,59289.86024559301
2023-08-14,58663,59100.28614021853
2023-08-16,58413,58888.83738919971
2023-08-17,58027,58831.54443463993
2023-08-18,58098,58890.7523306724
2023-08-21,58164,58841.87295450348
2023-08-22,58221,58471.579287525165
2023-08-23,58430,58302.529206356754
2023-08-24,58436,58379.48465061861
2023-08-25,58273,58387.02893377218
2023-08-28,58497,58513.876404217575
2023-08-29,58843,58661.98031281151
2023-08-30,59117,58529.59792070986
2023-08-31,59113,58517.77224957934
2023-09-01,59106,58786.569384235714
2023-09-04,59385,59117.79385515096
2023-09-05,59301,59239.75570990488
2023-09-06,59111,59202.484793994554
2023-09-07,59016,59379.45060286309
2023-09-08,58905,59481.70412725916
2023-09-11,58941,59392.32309562666
2023-09-12,58642,59286.86048145955
2023-09-13,58610,59165.575304580285
2023-09-14,58608,59194.67177644784
2023-09-15,58992,59051.32826848507
2023-09-18,59212,58898.20500510981
2023-09-19,59265,58814.50798132662
2023-09-20,59363,58978.953348077936
2023-09-21,58853,59287.5076275833
2023-09-22,58896,59359.997256744646
2023-09-25,58707,59528.57867319252
2023-09-26,58478,59291.23270059017
2023-09-27,57759,59090.46575365
2023-09-28,57146,59043.548963289795
2023-09-29,57061,58936.22062926074
2023-10-03,56385,58537.56844731976
2023-10-04,56229,57795.402350421486
2023-10-05,56112,57576.72367635612
2023-10-06,56582,57163.20156297803
2023-10-09,57268,56750.33406478614
2023-10-10,57364,56532.277702204156
2023-10-11,57636,56562.95669518279
2023-10-12,57613,57153.721361372096
2023-10-13,58993,57454.58245705989
2023-10-16,58993,57711.54240371582
2023-10-17,58922,57546.862026190065
2023-10-18,59680,58331.297210090284
2023-10-19,59935,58984.99243373023
2023-10-20,60405,58923.19952160405
2023-10-23,60402,59341.304273535316
2023-10-24,60351,59812.59109188582
2023-10-25,60652,60205.31675380877
2023-10-26,60735,60414.915837590524
2023-10-27,60952,60454.032549040625
2023-10-30,61077,60623.358614931116
2023-10-31,60879,60816.192550335196
2023-11-01,60757,60963.00903033856
2023-11-02,60805,61194.90999935672
2023-11-03,60829,61176.315911313024
2023-11-06,60818,61012.63374479413
2023-11-07,60365,60992.38783953515
2023-11-08,60043,61021.7896735298
2023-11-09,60271,61106.26754261655
2023-11-10,59697,60924.24654633365
2023-11-12,59785,60424.65175211892
2023-11-13,59844,60528.14490276534
2023-11-14,60083,60303.182985508516
2023-11-15,60120,60040.01269463408
2023-11-16,60654,60080.53252767371
2023-11-17,60678,60246.99770697929
2023-11-20,60657,60257.924209139615
2023-11-21,61212,60558.97645961946
2023-11-22,61065,60883.76139416313
2023-11-23,61093,60737.60580892776
2023-11-24,61352,61095.80866816692
2023-11-27,61557,61320.91380641713
2023-11-28,62409,61219.5301768202
2023-11-29,62470,61416.01827431582
2023-11-30,62639,61507.237189814026
2023-12-01,62876,62095.76108506931
2023-12-04,62302,62466.96394800688
2023-12-05,62600,62587.71441045254
2023-12-06,62269,62826.139437974685
2023-12-07,62290,62665.86853053978
2023-12-08,61597,62673.77130492383
2023-12-11,60986,62641.956459111236
2023-12-12,60984,62600.56122356639
2023-12-13,60992,62359.8604824546
2023-12-14,62229,61651.92211049138
2023-12-15,61991,61425.71615789023
2023-12-18,62057,61150.24405760505
2023-12-19,62211,61892.41642691949
2023-12-20,62151,62351.16022112103
2023-12-21,62257,62168.86079225136
2023-12-22,62657,62317.60726014442
2023-12-26,62722,62369.32992100121
2023-12-27,63292,62334.51886026183
2023-12-28,63119,62663.89811073107
2023-12-29,62954,62794.90404967755
2024-01-01,63001,63169.41509162779
2024-01-02,63039,63334.47058378609
2024-01-03,62294,63215.30730181231
2024-01-04,62444,63133.680728385785
2024-01-05,62627,63357.709046402866
2024-01-08,62140,62955.99043227126
2024-01-09,62211,62598.866192307774
2024-01-10,62047,62920.29957334551
2024-01-11,61830,62687.35187438798
2024-01-12,62372,62482.08766598365
2024-01-15,62567,62513.4560886153
2024-01-16,62065,62183.56961821954
2024-01-17,61561,62302.52267452441
2024-01-18,61791,62772.65515369306
2024-01-19,62021,62676.21651302892
2024-01-22,61888,62084.34983948886
2024-01-23,62003,61927.28931535257
2024-01-24,62072,62227.08241577301
2024-01-25,62036,62232.30668303921
2024-01-29,62234,62205.586143692766
2024-01-30,62371,62321.965752641954
2024-01-31,62865,62286.73509490249
2024-02-01,63079,62378.82118975324
2024-02-02,62639,62478.564488083575
2024-02-05,62542,62759.50121455557
2024-02-06,62322,63223.33303270076
2024-02-07,62305,63082.35822292104
2024-02-08,62219,62857.11185137352
2024-02-09,62105,62715.32964521822
2024-02-12,61856,62620.225828215705
2024-02-13,61267,62586.29844248667
2024-02-14,61170,62495.95634185627
2024-02-15,61306,62407.278999485956
2024-02-16,61498,61959.22602444557
2024-02-19,61641,61583.21480236895
2024-02-20,61810,61586.797881679086
2024-02-21,61744,61729.97944435371
2024-02-22,61661,61845.14260344737
2024-02-23,61910,62001.25006210602
2024-02-26,61766,62066.69716724272
2024-02-27,61839,61915.254476221824
2024-02-28,61792,62063.7019538826
2024-02-29,62293,62105.59771386464
2024-03-01,63135,62112.0931787469
2024-03-04,63605,62079.384002206134
2024-03-05,64193,62191.93899710578
2024-03-06,65042,62868.69655732104
2024-03-07,65246,63479.29698292051
2024-03-08,65847,63873.360377904224
2024-03-11,65872,64661.304757624064
2024-03-12,65334,65077.316650920475
2024-03-13,65717,65514.6192186272
2024-03-14,65435,65828.38887847622
2024-03-15,65367,65693.31661095335
2024-03-18,65429,65744.8382916292
2024-03-19,65431,65860.78132676605
2024-03-20,65556,65674.15484699023
2024-03-21,65939,65705.26160416102
2024-03-22,65686,65741.0226356657
2024-03-25,65862,65707.33706781828
2024-03-26,66027,66047.02379380955
2024-03-27,66295,66069.55749259204
2024-03-28,67592,66006.13580174607
2024-04-01,68263,66229.06250705295
2024-04-02,68802,66232.49220003009
2024-04-03,69725,66890.26770263526
2024-04-04,69612,67738.50080826804
2024-04-05,70701,68103.29713523755
2024-04-08,70607,69169.25228190608
2024-04-09,71130,69203.33650437584
2024-04-10,71127,70263.16058649459
2024-04-11,71514,70419.66202049484
2024-04-12,71857,70958.51046001655
2024-04-15,72329,71144.33615605326
2024-04-16,73109,71519.20812768504
2024-04-17,72695,71923.17590705432
2024-04-18,73016,72138.61432234163
2024-04-19,73246,72825.18660922047
2024-04-22,71936,72795.24712846642
2024-04-23,71590,72766.0085983148
2024-04-24,71692,73059.4015113639
2024-04-25,71725,72524.62490041176
2024-04-26,72107,72196.05989326662
2024-04-29,72250,72169.957020429
2024-04-30,70969,72129.42465609469
2024-05-01,71274,72042.71982393034
2024-05-02,71119,72427.84579338091
2024-05-03,70998,71654.17673555284
2024-05-06,71321,71512.62828905525
2024-05-07,71136,71576.5282486292
2024-05-08,71129,71328.83838787275
2024-05-09,71586,71529.0642275918
2024-05-10,72595,71576.7012073437
2024-05-13,71819,71624.80569914276
2024-05-14,72213,71420.69472307376
2024-05-15,73001,72385.9867235524
2024-05-16,72896,72242.27074389053
2024-05-17,73593,72248.37556681162
2024-05-20,74283,72941.62869800781
2024-05-21,73970,73090.66989198216
2024-05-22,73027,73414.56821944205
2024-05-23,71632,73805.59887492126
2024-05-24,71380,73694.14284573277
2024-05-27,72001,73281.90133046513
2024-05-28,72145,72489.21063117486
2024-05-29,71993,71835.33468340628
2024-05-30,71852,72166.67565341307
2024-05-31,71703,72373.51995595761
2024-06-03,71818,72307.64259677709
2024-06-04,71782,72194.81569127335
2024-06-05,72485,71997.8248719329
2024-06-06,72963,72094.48328303172
2024-06-07,71308,72062.22335969341
2024-06-10,71303,72158.80848257287
2024-06-11,71346,72813.70641315344
2024-06-12,71796,72258.09907470983
2024-06-13,71030,71640.85771882324
2024-06-14,71691,71601.66543368601
2024-06-17,71285,72075.96894627484
2024-06-18,71503,71694.21344772502
2024-06-19,71519,71756.0362793041
2024-06-20,72258,71831.27390054706
2024-06-21,71429,71729.06831746208
2024-06-24,71512,71667.3472698879
2024-06-25,71201,72272.5534317494
2024-06-26,70919,72069.80244337993
2024-06-27,71303,71787.41192767856
2024-06-28,71275,71787.1417682784
2024-07-01,71329,71376.49299171848
2024-07-02,71357,71476.92368061579
2024-07-03,72160,71652.95509732781
2024-07-04,72151,71686.9978892686
2024-07-05,73255,71543.73874998691
2024-07-08,72332,72080.48371157386
2024-07-09,72385,72195.93380697697
2024-07-10,72629,72938.06473660194
2024-07-11,73205,72829.10150186458
2024-07-12,73159,72583.89379330858
2024-07-15,73311,72696.67527528777
2024-07-16,74025,73188.82363807941
2024-07-17,73924,73444.3876613958
2024-07-18,73965,73376.78532762246
2024-07-19,72872,73891.26274587837
2024-07-22,72641,74054.6561322887
2024-07-23,68648,74140.16101160126
2024-07-24,69028,73573.46598312062
2024-07-25,67491,73140.21587235118
2024-07-26,68173,71252.61316045577
2024-07-29,68206,69791.70637654825
2024-07-30,68617,69088.29659125785
2024-07-31,69083,68592.33701268093
2024-08-01,69412,68860.38914272036
2024-08-02,69381,68886.44569965196
2024-08-05,68641,69202.12893854086
2024-08-06,68742,69494.72338288913
2024-08-07,68752,69793.22149025282
2024-08-08,69396,69323.98091061476
2024-08-09,69604,69077.03999869894
2024-08-12,70354,69059.84308871039
2024-08-13,70356,69439.47029691379
2024-08-14,69874,69733.22756472902
2024-08-16,70938,70213.63354371647
2024-08-19,71138,70757.50167106518
2024-08-20,71340,70248.74589740495
2024-08-21,71407,70614.20296620652
2024-08-22,70796,71284.10249794202
2024-08-23,71295,71439.06763737778
2024-08-26,71500,71763.77415935743
2024-08-27,71551,71378.44450468615
2024-08-28,71328,71328.25322396468
2024-08-29,71666,71719.94560258312
2024-08-30,71195,71923.27731191012
2024-09-02,71233,71723.81030747562
2024-09-03,70807,71911.50240435248
2024-09-04,71053,71795.21130325407
2024-09-05,71890,71668.34668798179
2024-09-06,71409,71474.71713348966
2024-09-09,71573,71189.65420178352
2024-09-10,71821,71917.1212304888
2024-09-11,71878,72029.28600528551
2024-09-12,72681,71794.78595442859
2024-09-13,73367,72077.60227271922
2024-09-16,73422,72107.03818809494
2024-09-17,73022,72453.13936745764
2024-09-18,73029,73241.4810568368
2024-09-19,73357,73699.78518974481
2024-09-20,73977,73509.84543552533
2024-09-23,74183,73312.48958896173
2024-09-24,74886,73434.9280477291
2024-09-25,75167,73979.5743536072
2024-09-26,75339,74295.10670786629
2024-09-27,74878,74746.86801241183
2024-09-30,74844,75210.90357605288
2024-10-01,75660,75538.46535919064
2024-10-03,75827,75447.9801306699
2024-10-04,75759,75065.49222503786
2024-10-07,75657,75530.95496592441
2024-10-08,74799,76073.27272574548
2024-10-09,74512,76077.8166021519
2024-10-10,74834,76160.2317550301
2024-10-11,75738,75712.73560537673
2024-10-14,75553,75105.84845977441
2024-10-15,75838,74986.10984210888
2024-10-16,76163,75734.80923778651
2024-10-17,76540,76019.32723173207
2024-10-18,77159,75992.1960361057
2024-10-21,77508,76287.84025718195
2024-10-22,78241,76549.10807638378
2024-10-23,77482,77075.8589924423
2024-10-24,77872,77413.68545784325
2024-10-25,78009,78130.18909574207
2024-10-28,78159,78016.41876212863
2024-10-29,78865,77920.34654415293
2024-10-30,79257,78281.59656562246
2024-10-31,78326,78324.39959576319
2024-11-01,78829,78690.38872658089
2024-11-04,78401,79371.4385576934
2024-11-05,78490,79042.48499505028
2024-11-06,76689,78948.98133084062
2024-11-07,77386,78905.15960414965
2024-11-08,77248,79090.13144969742
2024-11-11,75382,78042.659945941
2024-11-12,74918,77441.48528337521
2024-11-13,74514,78143.84794965565
2024-11-14,74151,77007.92526911573
2024-11-15,73965,75837.91206525617
2024-11-18,75039,75469.27702529175
2024-11-19,75555,75115.5032025057
2024-11-20,76008,74571.7671924383
2024-11-21,76689,74980.1650199754
2024-11-22,77579,75715.50132598807
2024-11-25,75377,76048.69793441134
2024-11-26,75293,76330.93714634425
2024-11-27,75788,77499.57150644201
2024-11-28,75761,76773.47477889714
2024-11-29,76485,75635.48092039247
2024-12-02,75815,76069.63625714276
2024-12-03,75934,76126.21038518677
2024-12-04,76036,76655.34114106683
2024-12-05,76353,76621.91025909848
2024-12-06,76185,76302.27008608157
2024-12-09,76999,76347.87523912356
2024-12-10,77745,76670.56399311603
2024-12-11,78287,76618.23838396034
2024-12-12,77400,76866.98117574913
2024-12-13,76592,77563.34490120492
2024-12-16,76486,78364.99936238938
2024-12-17,76314,78276.0988028766
2024-12-18,76115,77412.00523471706
2024-12-19,75191,77036.78327970405
2024-12-20,75786,76921.31901371937
2024-12-23,75506,76962.68616864337
2024-12-24,75562,76186.68160368782
2024-12-26,76114,76096.79181424003
2024-12-27,75783,76253.08365165445
2024-12-30,75517,75943.94590040854
2024-12-31,76232,76338.80058869607
2025-01-01,76214,76511.19945930755
2025-01-02,76849,76004.80415204595
2025-01-03,76813,76331.30117681941
2025-01-06,77149,76572.85819482175
2025-01-07,77514,76926.34777026968
2025-01-08,77737,77197.51438915789
2025-01-09,78068,77299.45675267607
2025-01-10,78398,77669.60762294567
2025-01-13,78159,77943.39908908459
2025-01-14,78151,78183.81160444894
2025-01-15,78658,78611.22695909419
2025-01-16,79160,78694.4546844945
2025-01-17,79003,78502.86745611818
2025-01-20,78530,78713.55935056253
2025-01-21,79179,79287.8053138142
2025-01-22,79535,79590.00663472885
2025-01-23,79594,79124.08527519627
2025-01-24,79944,79208.90275965293
2025-01-27,79510,79782.66937219397
2025-01-28,80163,79886.05309728693
2025-01-29,80310,80255.96477436891
2025-01-30,81539,80073.54911335013
2025-01-31,81836,80263.33016976753
2025-02-01,81663,80473.55712325379
2025-02-03,82625,81177.58825831591
2025-02-04,83162,82086.11461184437
2025-02-05,83976,81941.41912234307
2025-02-06,83856,82365.93548336886
2025-02-07,84378,83030.92721937799
2025-02-10,85308,83838.40039010014
2025-02-11,85113,84161.39180525194
2025-02-12,85024,84218.8788307596
2025-02-13,85368,85107.60692137631
2025-02-14,84331,85430.50247569606
2025-02-17,84759,85272.24816740355
2025-02-18,85742,85728.15132686
2025-02-19,85719,85319.68600579641
2025-02-20,85830,84833.2374703206
2025-02-21,85795,85692.74028376759
2025-02-24,86030,86144.17619180439
2025-02-25,85589,86174.62706486994
2025-02-26,85837,86150.43104426902
2025-02-27,85123,86386.13329265901
2025-02-28,84269,86171.6211620682
2025-03-03,85355,86210.71961682785
2025-03-04,86007,86214.61996835146
2025-03-05,85848,85157.65951238624
2025-03-06,86002,85222.0941288646
2025-03-07,85896,86211.97023874418
2025-03-10,85460,86351.74518584875
2025-03-11,86113,86321.83544340289
2025-03-12,86661,86485.71106893067
2025-03-13,87694,86071.89996174796
2025-03-14,87924,86188.38074477206
2025-03-17,87976,86679.14162481471
2025-03-18,88660,87487.1854900781
2025-03-19,88564,88140.03170691697
2025-03-20,88646,88141.70014968286
2025-03-21,87785,88611.41032659408
2025-03-24,87313,88877.79130254935
2025-03-25,87566,89025.75928382213
2025-03-26,87506,88765.42754920806
2025-03-27,88213,88042.40222050688
2025-03-28,88759,88048.42535560194
2025-03-31,90138,88040.83421718515
2025-04-01,90409,88359.80001590951
2025-04-02,90364,88741.04593194324
2025-04-03,89763,89707.59868079823
2025-04-04,87940,90381.79831825157
2025-04-07,86819,90479.36554179777
2025-04-08,87449,90329.67809821057
2025-04-09,89489,89488.31267920633
2025-04-10,91646,88094.04363162922
2025-04-11,93280,87666.80541143907
2025-04-14,92835,88819.83234274763
2025-04-15,93071,90415.17337039257
2025-04-16,95163,92127.6386717584
2025-04-17,94784,92637.79115992525
2025-04-21,96800,92350.10320506834
2025-04-22,97057,94289.52134316906
2025-04-23,94530,94370.89509154756
2025-04-24,95807,95600.1620978056
2025-04-25,95071,96713.10606273185
2025-04-28,96159,95339.57305056982
2025-04-29,95559,96070.40929034616
2025-04-30,94718,95608.71987158623
2025-05-01,92382,96075.91001051685
2025-05-02,92692,95491.28888650463
2025-05-05,94667,95386.87634462923
2025-05-06,97460,94278.1845835728
2025-05-07,97065,93078.54332484063
2025-05-08,96153,93910.74290999165
2025-05-09,96490,96540.66761126231
2025-05-12,92948,96937.52461638379
2025-05-13,93659,95867.28573860107
2025-05-14,92305,96473.50151899776
2025-05-15,93155,94938.81162528213
2025-05-16,92443,94155.94434260689
2025-05-19,93314,93719.07041594156
2025-05-20,94761,93657.52908366568
2025-05-21,95473,93560.34006674889
2025-05-22,95461,93309.87426704958
2025-05-23,96210,94401.53133431268
2025-05-26,95814,95348.48742820742
2025-05-27,95055,95536.10354491443
2025-05-28,95177,95971.70279433286
2025-05-29,95295,96121.91045434387
2025-05-30,94712,95789.55757984502
2025-06-02,97393,95550.46469887435
2025-06-03,97208,96036.29491549707
2025-06-04,97973,95187.23369930084
2025-06-05,97415,96312.78252883902
2025-06-06,96645,97353.85867848329
2025-06-09,96703,97709.14604745911
2025-06-10,96442,97874.31575392673
2025-06-11,96267,97362.09566339364
2025-06-12,97786,97188.33836151753
2025-06-13,99555,97263.1822690866
2025-06-16,98594,96847.40843595257
2025-06-17,98911,97033.73163746702
2025-06-18,99045,99100.39723928318
2025-06-19,98868,98978.16642470176
2025-06-20,98574,98968.15607022154
2025-06-23,98852,99239.61211606133
2025-06-24,96521,99325.04724275695
2025-06-25,96760,99028.17547138188
2025-06-26,96452,99190.96360206284
2025-06-27,94908,98378.08832020385
2025-06-30,95678,97268.25316282727
2025-07-01,97239,97672.83848260304
2025-07-02,97351,96506.60268558016
2025-07-03,96801,95799.6337260494
2025-07-04,96967,97040.13023878726
2025-07-07,97231,97936.0821386345
2025-07-08,96485,97546.54686119533
2025-07-09,96451,97271.88962414186
2025-07-10,96678,97696.21408630675
2025-07-11,97759,97427.9079485246
2025-07-14,97749,97073.34658126626
2025-07-15,97214,97013.24638646735
2025-07-16,97758,97707.86744728364
2025-07-17,97454,98378.44786833228
2025-07-18,97965,97896.71369060222
2025-07-21,99217,98045.48754150429
2025-07-22,100168,98145.19738979156
2025-07-23,99304,98069.30926113369
2025-07-24,98668,98833.41481656919
2025-07-25,97842,100096.63774740207
2025-07-28,97505,99960.93718831496
2025-07-29,98125,99554.26987198403
2025-07-30,98003,98951.02659855492
2025-07-31,98358,98249.26477126133
2025-08-01,99240,98531.30633760159
2025-08-04,100607,98766.61185752733
2025-08-05,100765,98747.93838663738
2025-08-06,100687,99121.07671143967
2025-08-07,100835,100282.64067997232
2025-08-08,101212,100934.97124758639
2025-08-11,99785,101036.46019437039
2025-08-12,99620,101012.21975476158
2025-08-13,99656,101543.43854100838
2025-08-14,99362,101090.47185405348
2025-08-18,99020,100299.93111367137
2025-08-19,98359,100366.71943503324
2025-08-20,98903,100242.52086891065
2025-08-21,99035,100046.52461951226
2025-08-22,99857,99377.25007752814
2025-08-25,100118,99354.92273302091
2025-08-26,100531,99532.69033443936
2025-08-27,100967,99995.69681569985
2025-08-28,101481,100488.18289332055
2025-08-29,103164,100758.03958143969
2025-09-01,103904,101211.26157438711
2025-09-02,105695,101424.52480457483
2025-09-03,107080,102605.21088422016
2025-09-04,106310,103463.78621326914
2025-09-05,107605,104343.13260880904
2025-09-08,108393,105963.08110242797
2025-09-09,108907,106080.99332210726
2025-09-10,108884,106916.44403553866
2025-09-11,108870,107870.50171606445
2025-09-12,109237,108668.22804594757
2025-09-15,110045,109010.64737825572
2025-09-16,110040,109295.89057556122
2025-09-17,109692,109502.09317117068
2025-09-18,108951,109987.73844877505
2025-09-19,109715,110123.17966045813
2025-09-22,112070,110282.98490969017
2025-09-23,113715,110228.42132114583
2025-09-24,112475,110151.2217341794
2025-09-25,112606,111181.89677269461
2025-09-26,113664,112954.22823381553
2025-09-29,115734,112907.9650648399
2025-09-30,116573,113257.20507034859
2025-10-01,116968,113777.17809986915
2025-10-03,117370,115121.39277582525
2025-10-06,119524,116104.58196665642
2025-10-07,120354,117083.06878513136
2025-10-08,122542,117445.44378364577
2025-10-09,119869,119092.32919489586
2025-10-10,120727,119287.24204257119
2025-10-13,123964,121390.40518050641
2025-10-14,125753,121012.65532540448
2025-10-15,126641,121372.4242529696
2025-10-16,128735,123170.65336347792
2025-10-17,125951,125040.34347736558
2025-10-20,129493,125399.8959037005
2025-10-21,127365,127920.79256003091
2025-10-22,121069,126169.22468712999
2025-10-23,123305,127096.33517055372
2025-10-24,122549,127667.69909980014
2025-10-27,120002,124036.03667525665
2025-10-28,118699,123447.36611810747
2025-10-29,119424,123494.49382811427
2025-10-30,120251,122300.36487928857
2025-10-31,121209,120801.15937208619
2025-11-03,121415,120562.98281192522
2025-11-04,119830,120987.52590456925
2025-11-05,120494,121178.23528310846
2025-11-06,120587,121748.33752587523
2025-11-07,121056,120842.2720907621
2025-11-10,123897,121023.35881062856
2025-11-11,123897,121548.34806224731
2025-11-12,126363,121557.94480671582
2025-11-13,126668,123665.43777380431
2025-11-14,123454,123887.69253629197
2025-11-17,122789,124826.5541863971
2025-11-18,122591,125683.52803302866
2025-11-19,122904,124375.59274116329
2025-11-20,122578,123860.31275119346
2025-11-21,123849,123502.85027085186
2025-11-24,123614,123939.58262991975
2025-11-25,124916,123565.96611024594
2025-11-26,125674,124453.40103577232
2025-11-27,125465,124354.04460460792
2025-11-28,126943,124866.4321100964
2025-12-01,128034,125749.68569832647
2025-12-02,128666,125905.71415677531
2025-12-03,129305,126800.10926133991
2025-12-04,128894,127717.1711244042
2025-12-05,129206,128282.07229053207
2025-12-08,128736,129015.24959604382
2025-12-09,128853,128962.76900120695
2025-12-10,128500,129327.26209149591
2025-12-11,130905,129129.15832863911
2025-12-12,131645,129744.74014436326
2025-12-15,132491,129461.57668293465
2025-12-16,132627,130809.1206609896
2025-12-17,133115,131455.59094729117
2025-12-18,132684,132262.24542312673
2025-12-19,132427,132449.77066624045
2025-12-22,134638,132888.22634226782
2025-12-23,135799,133294.89174555644
2025-12-24,136104,133212.95732301904
2025-12-26,137789,134406.2288119193
2025-12-29,132595,135657.36306105886
2025-12-30,133974,135054.67155892414
2025-12-31,135454,137035.43133231264
2026-01-01,135771,134715.5216246933
